{"features":[{"geometry":{"type":"MultiPolygon","coordinates":[[[[90.464723,23.968786],[90.464717,23.968782],[90.464729,23.968791],[90.464723,23.968786]]],[[[90.460046,23.964523],[90.45681,23.965529],[90.453714,23.962733],[90.4457,23.961591],[90.440288,23.967808],[90.435291,23.969099],[90.435841,23.971061],[90.433683,23.971969],[90.433863,23.975024],[90.430472,23.980595],[90.429838,23.990203],[90.434861,23.992033],[90.437056,23.990612],[90.43962,23.985553],[90.439675,23.986738],[90.443,23.987129],[90.443537,23.988761],[90.447484,23.988085],[90.45109,23.995783],[90.450243,23.992118],[90.451514,23.983627],[90.452369,23.981524],[90.462693,23.978287],[90.463481,23.974017],[90.466259,23.97262],[90.464963,23.969008],[90.461257,23.96701],[90.460736,23.96564],[90.460213,23.964568],[90.460102,23.964613],[90.460046,23.964523]],[[90.45911,23.978926],[90.459163,23.978903],[90.45911,23.978926],[90.45911,23.978926]],[[90.460314,23.964794],[90.460272,23.964709],[90.460314,23.964794],[90.460314,23.964794]],[[90.460101,23.964614],[90.460059,23.964546],[90.460059,23.964546],[90.460101,23.964614]],[[90.460059,23.964546],[90.460059,23.964546],[90.460059,23.964546],[90.460059,23.964546]]],[[[90.45163,23.983431],[90.451639,23.983412],[90.451624,23.983441],[90.45163,23.983431]]]]},"id":"0","properties":{"Zone":"243","District":"Gazipur","CC_Upazila":"Gazipur City Corporation","Area_Cal":1848.41558761},"type":"Feature"},{"geometry":{"type":"Polygon","coordinates":[[[90.421525,23.972717],[90.421598,23.969491],[90.424418,23.970321],[90.429922,23.96868],[90.432213,23.969575],[90.434901,23.967955],[90.435161,23.966537],[90.437443,23.966416],[90.438844,23.964366],[90.442692,23.964161],[90.4457,23.961591],[90.439421,23.957844],[90.438355,23.955985],[90.433733,23.95726],[90.430123,23.95595],[90.430952,23.953507],[90.43299,23.953686],[90.433272,23.951739],[90.429613,23.949292],[90.426426,23.949485],[90.426504,23.938397],[90.425322,23.940526],[90.421479,23.94116],[90.419159,23.944243],[90.419536,23.941292],[90.416833,23.939792],[90.413617,23.940715],[90.413395,23.942467],[90.411996,23.941499],[90.408645,23.942758],[90.40533,23.940853],[90.403906,23.941391],[90.403935,23.943508],[90.406437,23.944333],[90.406608,23.945832],[90.409672,23.945904],[90.41309,23.948231],[90.409864,23.949123],[90.409705,23.954728],[90.410919,23.956463],[90.408871,23.961521],[90.407064,23.961353],[90.407539,23.964944],[90.405829,23.965877],[90.406736,23.967447],[90.405488,23.969851],[90.408555,23.969654],[90.409192,23.970838],[90.411924,23.968763],[90.414945,23.969609],[90.414985,23.96848],[90.417798,23.968787],[90.418191,23.967783],[90.420124,23.972534],[90.421525,23.972717]]]},"id":"1","properties":{"Zone":"244","District":"Gazipur","CC_Upazila":"Gazipur City Corporation","Area_Cal":1997.21394873},"type":"Feature"},{"geometry":{"type":"Polygon","coordinates":[[[90.450014,23.995951],[90.447484,23.988085],[90.443537,23.988761],[90.443,23.987129],[90.439675,23.986738],[90.439467,23.985531],[90.437056,23.990612],[90.434861,23.992033],[90.429838,23.990203],[90.425091,23.99296],[90.423332,23.991575],[90.422188,23.992501],[90.422538,23.994187],[90.419441,23.99396],[90.421937,24.006431],[90.426526,24.005512],[90.426395,24.006981],[90.430104,24.008054],[90.432001,24.006942],[90.441667,24.007006],[90.446909,24.005087],[90.450014,23.995951]]]},"id":"2","properties":{"Zone":"241","District":"Gazipur","CC_Upazila":"Gazipur City Corporation","Area_Cal":1288.44417},"type":"Feature"},{"geometry":{"type":"Polygon","coordinates":[[[90.425038,23.992971],[90.429906,23.99005],[90.430472,23.980595],[90.433863,23.975024],[90.433683,23.971969],[90.435841,23.971061],[90.435291,23.969099],[90.440288,23.967808],[90.442692,23.964161],[90.438844,23.964366],[90.432213,23.969575],[90.429922,23.96868],[90.42425,23.97032],[90.42207,23.969294],[90.421057,23.969752],[90.421516,23.972773],[90.420124,23.972534],[90.418191,23.967783],[90.417798,23.968787],[90.414985,23.96848],[90.414945,23.969609],[90.411924,23.968763],[90.409192,23.970838],[90.408555,23.969654],[90.406759,23.970543],[90.404885,23.96911],[90.40387,23.972372],[90.411665,23.974221],[90.411292,23.975172],[90.409116,23.974969],[90.408167,23.983696],[90.413559,23.985551],[90.417459,23.989212],[90.420029,23.989387],[90.421397,23.99143],[90.425038,23.992971]]]},"id":"3","properties":{"Zone":"242","District":"Gazipur","CC_Upazila":"Gazipur City Corporation","Area_Cal":1352.84018126},"type":"Feature"},{"geometry":{"type":"Polygon","coordinates":[[[90.383123,23.967556],[90.385404,23.965005],[90.38208,23.963018],[90.38564,23.96106],[90.387312,23.961557],[90.386749,23.959099],[90.387661,23.958409],[90.383272,23.957716],[90.383459,23.955818],[90.381933,23.954945],[90.380901,23.957046],[90.378186,23.957444],[90.376123,23.960569],[90.374778,23.960328],[90.373357,23.957565],[90.37099,23.959269],[90.36656,23.958581],[90.365736,23.959724],[90.368087,23.962014],[90.364303,23.966267],[90.367189,23.966282],[90.368067,23.968027],[90.370588,23.968285],[90.372123,23.970479],[90.370942,23.972708],[90.374231,23.971966],[90.374101,23.975069],[90.375742,23.975214],[90.375958,23.973062],[90.377756,23.972827],[90.376502,23.969212],[90.379784,23.969522],[90.380004,23.965239],[90.383123,23.967556]]]},"id":"4","properties":{"Zone":"247","District":"Gazipur","CC_Upazila":"Gazipur City Corporation","Area_Cal":596.791961767773},"type":"Feature"},{"geometry":{"type":"Polygon","coordinates":[[[90.375702,23.960569],[90.378186,23.957444],[90.380901,23.957046],[90.382429,23.95033],[90.388102,23.950115],[90.387306,23.937668],[90.378612,23.939013],[90.374073,23.942281],[90.372822,23.951622],[90.373781,23.953639],[90.37258,23.956486],[90.375702,23.960569]]]},"id":"5","properties":{"Zone":"248","District":"Gazipur","CC_Upazila":"Gazipur City Corporation","Area_Cal":619.8097169365407},"type":"Feature"},{"geometry":{"type":"Polygon","coordinates":[[[90.383456,23.96815],[90.397088,23.969823],[90.400265,23.968189],[90.403656,23.968726],[90.404624,23.967413],[90.406388,23.968128],[90.405829,23.965877],[90.407539,23.964944],[90.407064,23.961353],[90.408871,23.961521],[90.410919,23.956463],[90.409705,23.954728],[90.409864,23.949123],[90.41309,23.948231],[90.404229,23.943772],[90.402552,23.94756],[90.398867,23.951209],[90.398817,23.952883],[90.394962,23.952674],[90.395251,23.954224],[90.392179,23.957873],[90.387624,23.958325],[90.387312,23.961557],[90.38564,23.96106],[90.38208,23.963018],[90.385404,23.965005],[90.383456,23.96815]]]},"id":"6","properties":{"Zone":"245","District":"Gazipur","CC_Upazila":"Gazipur City Corporation","Area_Cal":1120.44965831},"type":"Feature"},{"geometry":{"type":"Polygon","coordinates":[[[90.386764,23.958755],[90.392179,23.957873],[90.395251,23.954224],[90.394962,23.952674],[90.398817,23.952883],[90.398867,23.951209],[90.402552,23.94756],[90.404229,23.943772],[90.387467,23.943043],[90.388102,23.950115],[90.382429,23.95033],[90.381153,23.954515],[90.383406,23.955724],[90.383272,23.957716],[90.386764,23.958755]]]},"id":"7","properties":{"Zone":"246","District":"Gazipur","CC_Upazila":"Gazipur City Corporation","Area_Cal":590.8729177483685},"type":"Feature"},{"geometry":{"type":"Polygon","coordinates":[[[90.399304,24.00336],[90.399616,24.001519],[90.404137,24.000977],[90.407772,24.000916],[90.410581,24.002659],[90.409051,23.996463],[90.416122,23.996347],[90.396154,23.991765],[90.396001,23.996555],[90.397996,23.997618],[90.394913,23.998428],[90.394432,24.00028],[90.399304,24.00336]]]},"id":"8","properties":{"Zone":"240","District":"Gazipur","CC_Upazila":"Gazipur City Corporation","Area_Cal":363.61951352106786},"type":"Feature"},{"geometry":{"type":"Polygon","coordinates":[[[90.487714,23.710845],[90.487542,23.718532],[90.498174,23.721726],[90.501529,23.721502],[90.50219,23.718149],[90.509636,23.714355],[90.487714,23.710845]]]},"id":"9","properties":{"Zone":"122","District":"Dhaka","CC_Upazila":"Dhaka South City Corporation","Area_Cal":404.81267675921123},"type":"Feature"},{"geometry":{"type":"Polygon","coordinates":[[[90.489571,23.719474],[90.488995,23.722762],[90.48773,23.722621],[90.488184,23.724943],[90.485902,23.725209],[90.484668,23.729989],[90.484384,23.733806],[90.488122,23.737406],[90.492339,23.736675],[90.492718,23.733893],[90.497543,23.732295],[90.50136,23.72738],[90.499144,23.721782],[90.489571,23.719474]]]},"id":"10","properties":{"Zone":"123","District":"Dhaka","CC_Upazila":"Dhaka South City Corporation","Area_Cal":538.0648271016375},"type":"Feature"},{"geometry":{"type":"Polygon","coordinates":[[[90.47764,23.693023],[90.476046,23.694898],[90.477445,23.69474],[90.478167,23.696434],[90.477843,23.700068],[90.474751,23.699943],[90.472544,23.701297],[90.473969,23.707412],[90.473302,23.709718],[90.47454,23.709777],[90.473239,23.709972],[90.473227,23.713787],[90.47714,23.714326],[90.477059,23.716874],[90.481161,23.717408],[90.481731,23.715294],[90.483091,23.715175],[90.483123,23.716909],[90.484927,23.718032],[90.487875,23.716386],[90.487126,23.712675],[90.488052,23.708569],[90.48967,23.704732],[90.492762,23.702507],[90.492683,23.700993],[90.492275,23.699709],[90.489708,23.698956],[90.488842,23.696597],[90.47764,23.693023]]]},"id":"11","properties":{"Zone":"120","District":"Dhaka","CC_Upazila":"Dhaka South City Corporation","Area_Cal":882.6953224983965},"type":"Feature"},{"geometry":{"type":"Polygon","coordinates":[[[90.494245,23.70175],[90.48967,23.704732],[90.487714,23.710845],[90.509627,23.714353],[90.514866,23.7095],[90.510305,23.707598],[90.503128,23.70687],[90.50172,23.70601],[90.500603,23.702299],[90.494245,23.70175]]]},"id":"12","properties":{"Zone":"121","District":"Dhaka","CC_Upazila":"Dhaka South City Corporation","Area_Cal":539.5293468291283},"type":"Feature"},{"geometry":{"type":"Polygon","coordinates":[[[90.438893,23.733095],[90.446633,23.733997],[90.448575,23.732966],[90.448382,23.731433],[90.450733,23.731205],[90.450712,23.729525],[90.447951,23.72907],[90.444247,23.73134],[90.434938,23.728688],[90.437974,23.73584],[90.438893,23.733095]]]},"id":"13","properties":{"Zone":"126","District":"Dhaka","CC_Upazila":"Dhaka South City Corporation","Area_Cal":135.26533248703024},"type":"Feature"},{"geometry":{"type":"Polygon","coordinates":[[[90.472255,23.746302],[90.465449,23.733875],[90.456658,23.733212],[90.452964,23.731527],[90.452489,23.730025],[90.450699,23.729997],[90.450733,23.731205],[90.448724,23.731119],[90.448753,23.732797],[90.446633,23.733997],[90.44357,23.733627],[90.443037,23.737871],[90.444582,23.738345],[90.444769,23.74019],[90.443582,23.740219],[90.44291,23.74466],[90.44831,23.744573],[90.45815,23.740923],[90.460689,23.742316],[90.460827,23.745028],[90.472255,23.746302]]]},"id":"14","properties":{"Zone":"127","District":"Dhaka","CC_Upazila":"Dhaka South City Corporation","Area_Cal":777.28990645908},"type":"Feature"},{"geometry":{"type":"Polygon","coordinates":[[[90.482023,23.714957],[90.481056,23.717996],[90.474679,23.717482],[90.474383,23.726033],[90.468883,23.727622],[90.465374,23.732997],[90.477315,23.759245],[90.481619,23.759072],[90.480865,23.761379],[90.482163,23.762215],[90.483327,23.762196],[90.48398,23.75817],[90.488936,23.755164],[90.485757,23.749562],[90.491023,23.744722],[90.494764,23.743848],[90.492339,23.736675],[90.488122,23.737406],[90.484384,23.733806],[90.485163,23.72654],[90.486003,23.725137],[90.488184,23.724943],[90.48773,23.722621],[90.488995,23.722762],[90.489584,23.719402],[90.487542,23.718532],[90.487192,23.716597],[90.483975,23.717894],[90.482023,23.714957]]]},"id":"15","properties":{"Zone":"124","District":"Dhaka","CC_Upazila":"Dhaka South City Corporation","Area_Cal":1953.39786369},"type":"Feature"},{"geometry":{"type":"Polygon","coordinates":[[[90.447951,23.72907],[90.447053,23.728721],[90.447121,23.7246],[90.449719,23.723896],[90.446562,23.722428],[90.444431,23.723257],[90.442132,23.720681],[90.43917,23.720885],[90.439084,23.723839],[90.43476,23.725969],[90.434938,23.728688],[90.444247,23.73134],[90.447951,23.72907]]]},"id":"16","properties":{"Zone":"125","District":"Dhaka","CC_Upazila":"Dhaka South City Corporation","Area_Cal":258.5658391088878},"type":"Feature"},{"geometry":{"type":"MultiPolygon","coordinates":[[[[90.346234,23.938324],[90.346234,23.938324],[90.346234,23.938324],[90.346234,23.938324]]],[[[90.346233,23.940177],[90.346233,23.940177],[90.346233,23.940177],[90.346233,23.940177]]],[[[90.345947,23.943431],[90.345947,23.943431],[90.345947,23.943431],[90.345947,23.943431]]],[[[90.345821,23.944569],[90.345821,23.944569],[90.345821,23.944569],[90.345821,23.944569]]],[[[90.34555,23.946818],[90.34555,23.946818],[90.34555,23.946818],[90.34555,23.946818]]],[[[90.341442,23.953859],[90.341442,23.953859],[90.341442,23.953859],[90.341442,23.953859]]],[[[90.341194,23.954512],[90.341194,23.954512],[90.341194,23.954512],[90.341194,23.954512]]],[[[90.348033,23.92211],[90.348033,23.92211],[90.348033,23.92211],[90.348033,23.92211]]],[[[90.348258,23.926121],[90.348258,23.926121],[90.348258,23.926121],[90.348258,23.926121]]],[[[90.3483,23.929364],[90.3483,23.929364],[90.3483,23.929364],[90.3483,23.929364]]],[[[90.346235,23.938668],[90.346235,23.938668],[90.346235,23.938668],[90.346235,23.938668]]],[[[90.346239,23.939912],[90.346239,23.939912],[90.346239,23.939912],[90.346239,23.939912]]],[[[90.348044,23.920943],[90.348365,23.92751],[90.348323,23.929158],[90.348211,23.930512],[90.346186,23.936731],[90.346263,23.939268],[90.346206,23.941218],[90.345713,23.945885],[90.345513,23.947144],[90.341442,23.953859],[90.341093,23.957409],[90.342579,23.95772],[90.34332,23.955483],[90.344343,23.955555],[90.34352,23.957571],[90.345466,23.957263],[90.344633,23.955125],[90.342538,23.955124],[90.343494,23.95378],[90.343978,23.954763],[90.344736,23.952597],[90.346075,23.957056],[90.349473,23.955118],[90.352018,23.956287],[90.354419,23.954835],[90.354976,23.956555],[90.357011,23.955957],[90.357298,23.958699],[90.358752,23.957998],[90.359637,23.959128],[90.357636,23.963526],[90.358515,23.963047],[90.359533,23.96528],[90.362399,23.966433],[90.36249,23.965239],[90.367554,23.963554],[90.368104,23.961916],[90.365649,23.960719],[90.366292,23.95873],[90.37099,23.959269],[90.372825,23.957719],[90.374073,23.942281],[90.375651,23.94033],[90.380965,23.938519],[90.379143,23.936799],[90.378422,23.933608],[90.375632,23.933468],[90.375868,23.934554],[90.373486,23.936053],[90.370605,23.935334],[90.36921,23.933837],[90.3706,23.93094],[90.368184,23.929134],[90.368453,23.927158],[90.365289,23.926265],[90.361199,23.927307],[90.35762,23.923007],[90.3556,23.922116],[90.353379,23.923807],[90.348722,23.922889],[90.348044,23.920943]]]]},"id":"17","properties":{"Zone":"249","District":"Gazipur","CC_Upazila":"Gazipur City Corporation","Area_Cal":2665.13271408},"type":"Feature"},{"geometry":{"type":"Polygon","coordinates":[[[90.381222,24.040448],[90.391558,24.036639],[90.397001,24.03619],[90.398925,24.037661],[90.402998,24.03815],[90.404271,24.032321],[90.40807,24.02982],[90.407872,24.027016],[90.409821,24.026151],[90.410151,24.023501],[90.411949,24.022388],[90.413104,24.018244],[90.412261,24.015905],[90.414286,24.012765],[90.410152,24.013323],[90.402081,24.011033],[90.398402,24.007972],[90.396031,24.00848],[90.395161,24.010902],[90.394123,24.009684],[90.390432,24.010496],[90.388215,24.014795],[90.383525,24.013188],[90.383729,24.016387],[90.38071,24.018493],[90.38139,24.025814],[90.377878,24.031651],[90.378961,24.033038],[90.377801,24.039198],[90.381222,24.040448]]]},"id":"18","properties":{"Zone":"232","District":"Gazipur","CC_Upazila":"Gazipur City Corporation","Area_Cal":2134.76376419},"type":"Feature"},{"geometry":{"type":"Polygon","coordinates":[[[90.343625,24.045337],[90.343341,24.043128],[90.344857,24.041749],[90.345262,24.03884],[90.349787,24.03857],[90.350042,24.037641],[90.350769,24.039282],[90.351817,24.036896],[90.351889,24.039057],[90.35493,24.040491],[90.363891,24.037934],[90.365524,24.035116],[90.370236,24.035438],[90.374322,24.038651],[90.377893,24.038748],[90.378961,24.033038],[90.377878,24.031651],[90.38139,24.025814],[90.381134,24.017737],[90.37316,24.013702],[90.372252,24.014771],[90.365369,24.014235],[90.362885,24.017009],[90.364195,24.014444],[90.361732,24.009381],[90.352158,24.008108],[90.349269,24.009475],[90.347114,24.013321],[90.345484,24.011666],[90.343539,24.014078],[90.346209,24.018591],[90.34188,24.024334],[90.345551,24.026554],[90.34433,24.038134],[90.338758,24.042377],[90.343625,24.045337]]]},"id":"19","properties":{"Zone":"233","District":"Gazipur","CC_Upazila":"Gazipur City Corporation","Area_Cal":2608.24599176},"type":"Feature"},{"geometry":{"type":"Polygon","coordinates":[[[90.416457,23.996506],[90.418904,23.99392],[90.422737,23.994079],[90.422794,23.99221],[90.413559,23.985551],[90.408167,23.983696],[90.409116,23.974969],[90.411292,23.975172],[90.411665,23.974221],[90.40387,23.972372],[90.405298,23.967736],[90.398193,23.968563],[90.397088,23.969823],[90.384121,23.967772],[90.381075,23.969806],[90.382758,23.974489],[90.381578,23.977057],[90.38259,23.978339],[90.384695,23.978048],[90.383249,23.983486],[90.38153,23.983848],[90.381523,23.985563],[90.3795,23.9849],[90.380773,23.987706],[90.383875,23.988294],[90.384675,23.98701],[90.385098,23.990148],[90.394056,23.989924],[90.395142,23.991044],[90.393413,23.990809],[90.393457,23.991824],[90.405145,23.993047],[90.416457,23.996506]]]},"id":"20","properties":{"Zone":"230","District":"Gazipur","CC_Upazila":"Gazipur City Corporation","Area_Cal":1904.64992368},"type":"Feature"},{"geometry":{"type":"Polygon","coordinates":[[[90.386712,24.014873],[90.388834,24.014392],[90.388928,24.011816],[90.390432,24.010496],[90.394123,24.009684],[90.395161,24.010902],[90.396031,24.00848],[90.398547,24.007745],[90.397836,24.00699],[90.399213,24.003401],[90.394432,24.00028],[90.394913,23.998428],[90.398041,23.997221],[90.396001,23.996555],[90.39656,23.992824],[90.396208,23.991838],[90.393457,23.991824],[90.393413,23.990809],[90.395142,23.991044],[90.394056,23.989924],[90.385098,23.990148],[90.381956,23.991765],[90.383014,23.99998],[90.380641,24.001162],[90.380997,24.005719],[90.379495,24.007681],[90.378649,24.007705],[90.378539,24.008202],[90.381961,24.008306],[90.381022,24.009936],[90.382111,24.014385],[90.383166,24.014595],[90.383525,24.013188],[90.386712,24.014873]]]},"id":"21","properties":{"Zone":"231","District":"Gazipur","CC_Upazila":"Gazipur City Corporation","Area_Cal":917.5264572511137},"type":"Feature"},{"geometry":{"type":"Polygon","coordinates":[[[90.42004,24.074321],[90.422996,24.073508],[90.423428,24.072198],[90.421255,24.066834],[90.426651,24.065696],[90.429971,24.062504],[90.435391,24.06342],[90.437213,24.061786],[90.43645,24.059667],[90.440947,24.060591],[90.442701,24.059122],[90.446062,24.06057],[90.445673,24.05562],[90.44859,24.049926],[90.448506,24.047486],[90.439161,24.048375],[90.435128,24.04217],[90.430149,24.044601],[90.426855,24.04308],[90.415592,24.044387],[90.413644,24.043031],[90.404566,24.042622],[90.40313,24.042039],[90.403711,24.040187],[90.40265,24.040096],[90.402339,24.038076],[90.397001,24.03619],[90.390045,24.036836],[90.388346,24.038709],[90.383388,24.04056],[90.377819,24.039364],[90.379884,24.044444],[90.379428,24.050476],[90.376666,24.050571],[90.376383,24.052312],[90.374436,24.052222],[90.375278,24.054923],[90.380044,24.057447],[90.385023,24.05808],[90.384953,24.059263],[90.387176,24.05938],[90.38719,24.060868],[90.38893,24.059053],[90.388153,24.054001],[90.391994,24.053887],[90.394091,24.055224],[90.403081,24.054368],[90.40558,24.063587],[90.40991,24.065464],[90.408313,24.070001],[90.411209,24.071524],[90.416453,24.071627],[90.42004,24.074321]]]},"id":"22","properties":{"Zone":"236","District":"Gazipur","CC_Upazila":"Gazipur City Corporation","Area_Cal":3804.73664366},"type":"Feature"},{"geometry":{"type":"Polygon","coordinates":[[[90.436462,24.014108],[90.430734,24.017035],[90.426775,24.016814],[90.424684,24.019594],[90.418977,24.022718],[90.412367,24.021285],[90.410151,24.023501],[90.409821,24.026151],[90.407872,24.027016],[90.40807,24.02982],[90.404271,24.032321],[90.402311,24.038232],[90.40265,24.040096],[90.403711,24.040187],[90.403186,24.042125],[90.413644,24.043031],[90.415592,24.044387],[90.426855,24.04308],[90.430149,24.044601],[90.435128,24.04217],[90.439161,24.048375],[90.448506,24.047486],[90.44881,24.041047],[90.446752,24.035343],[90.447672,24.032744],[90.437511,24.023301],[90.436771,24.019435],[90.437686,24.015613],[90.436462,24.014108]]]},"id":"23","properties":{"Zone":"237","District":"Gazipur","CC_Upazila":"Gazipur City Corporation","Area_Cal":2665.62068877},"type":"Feature"},{"geometry":{"type":"Polygon","coordinates":[[[90.36113,24.077597],[90.36223,24.075504],[90.365949,24.076616],[90.372678,24.07435],[90.373813,24.071682],[90.375467,24.071453],[90.376607,24.064969],[90.3822,24.064886],[90.384442,24.063402],[90.383531,24.061007],[90.385023,24.05808],[90.377816,24.056616],[90.375278,24.054923],[90.374259,24.052478],[90.376383,24.052312],[90.376666,24.050571],[90.379428,24.050476],[90.379884,24.044444],[90.377893,24.038748],[90.374322,24.038651],[90.369976,24.035371],[90.365524,24.035116],[90.363891,24.037934],[90.357327,24.040532],[90.351889,24.039057],[90.351817,24.036896],[90.350769,24.039282],[90.350042,24.037641],[90.349787,24.03857],[90.346428,24.038296],[90.343341,24.043128],[90.344201,24.045247],[90.3407,24.042821],[90.3388,24.043317],[90.336334,24.048173],[90.334937,24.058192],[90.342259,24.059123],[90.343172,24.060401],[90.341402,24.064018],[90.337194,24.066557],[90.33833,24.070914],[90.337203,24.074237],[90.341262,24.073823],[90.342089,24.075955],[90.343851,24.076241],[90.344278,24.073848],[90.346071,24.074234],[90.34881,24.067506],[90.347393,24.06484],[90.350086,24.062058],[90.354906,24.063703],[90.354458,24.066674],[90.357985,24.068455],[90.354852,24.072371],[90.35665,24.07482],[90.355536,24.076363],[90.358614,24.07618],[90.36113,24.077597]]]},"id":"24","properties":{"Zone":"234","District":"Gazipur","CC_Upazila":"Gazipur City Corporation","Area_Cal":3818.48316464},"type":"Feature"},{"geometry":{"type":"Polygon","coordinates":[[[90.399959,24.10328],[90.407401,24.099477],[90.408427,24.100308],[90.409128,24.098599],[90.414075,24.096593],[90.414023,24.094792],[90.416531,24.094531],[90.416252,24.093268],[90.418437,24.092153],[90.420424,24.092948],[90.42034,24.091706],[90.422573,24.090278],[90.421079,24.08673],[90.423607,24.080996],[90.422951,24.076854],[90.421205,24.075677],[90.42237,24.073787],[90.418781,24.074168],[90.416453,24.071627],[90.411209,24.071524],[90.408313,24.070001],[90.40991,24.065464],[90.40558,24.063587],[90.403355,24.054503],[90.394091,24.055224],[90.391994,24.053887],[90.388153,24.054001],[90.388361,24.06025],[90.387049,24.060868],[90.387176,24.05938],[90.384953,24.059263],[90.383531,24.061007],[90.383958,24.06377],[90.3822,24.064886],[90.376607,24.064969],[90.375467,24.071453],[90.373813,24.071682],[90.372678,24.07435],[90.365949,24.076616],[90.36223,24.075504],[90.36101,24.077708],[90.364721,24.080793],[90.365553,24.080347],[90.366802,24.084674],[90.366424,24.089046],[90.372704,24.089196],[90.371426,24.092364],[90.373323,24.093249],[90.373216,24.096847],[90.375098,24.09675],[90.377777,24.099575],[90.38169,24.097961],[90.384896,24.098387],[90.38969,24.101183],[90.399959,24.10328]]]},"id":"25","properties":{"Zone":"235","District":"Gazipur","CC_Upazila":"Gazipur City Corporation","Area_Cal":5196.27647012},"type":"Feature"},{"geometry":{"type":"Polygon","coordinates":[[[90.419816,23.739932],[90.414379,23.732806],[90.414484,23.727205],[90.41068,23.727838],[90.410506,23.737334],[90.409082,23.737585],[90.41445,23.744248],[90.419816,23.739932]]]},"id":"26","properties":{"Zone":"67","District":"Dhaka","CC_Upazila":"Dhaka South City Corporation","Area_Cal":268.1561417887837},"type":"Feature"},{"geometry":{"type":"Polygon","coordinates":[[[90.365747,23.744835],[90.366572,23.74218],[90.369986,23.742843],[90.374753,23.739155],[90.37436,23.737732],[90.370373,23.736589],[90.370717,23.732002],[90.36395,23.73332],[90.362607,23.732505],[90.360858,23.739235],[90.358483,23.740491],[90.358373,23.742422],[90.363356,23.742822],[90.365747,23.744835]]]},"id":"27","properties":{"Zone":"68","District":"Dhaka","CC_Upazila":"Dhaka South City Corporation","Area_Cal":334.2937875356837},"type":"Feature"},{"geometry":{"type":"Polygon","coordinates":[[[90.42656,23.744123],[90.42682,23.740455],[90.42391,23.735495],[90.415978,23.742674],[90.420291,23.74351],[90.420297,23.748723],[90.424566,23.747303],[90.42656,23.744123]]]},"id":"28","properties":{"Zone":"65","District":"Dhaka","CC_Upazila":"Dhaka South City Corporation","Area_Cal":197.25175052359282},"type":"Feature"},{"geometry":{"type":"Polygon","coordinates":[[[90.446423,23.759638],[90.45338,23.751685],[90.459685,23.749883],[90.461122,23.748403],[90.459971,23.741715],[90.456948,23.740953],[90.44831,23.744573],[90.44291,23.74466],[90.441439,23.750039],[90.440276,23.750165],[90.440235,23.753864],[90.443703,23.754436],[90.44475,23.759067],[90.446423,23.759638]]]},"id":"29","properties":{"Zone":"128","District":"Dhaka","CC_Upazila":"Dhaka South City Corporation","Area_Cal":560.925051756395},"type":"Feature"},{"geometry":{"type":"Polygon","coordinates":[[[90.412856,23.749727],[90.420297,23.748723],[90.420291,23.74351],[90.416083,23.742857],[90.412504,23.745584],[90.412856,23.749727]]]},"id":"30","properties":{"Zone":"66","District":"Dhaka","CC_Upazila":"Dhaka South City Corporation","Area_Cal":122.52011274617536},"type":"Feature"},{"geometry":{"type":"Polygon","coordinates":[[[90.461375,23.744846],[90.461088,23.74844],[90.45338,23.751685],[90.44881,23.755972],[90.446303,23.760478],[90.455495,23.761594],[90.454356,23.764126],[90.453595,23.76349],[90.454722,23.762262],[90.452296,23.761527],[90.452208,23.766703],[90.454044,23.766894],[90.454192,23.76835],[90.456624,23.768036],[90.456323,23.770472],[90.46207,23.774173],[90.462,23.775953],[90.459422,23.775591],[90.459253,23.776825],[90.463746,23.783078],[90.466769,23.78201],[90.467704,23.780197],[90.471918,23.781645],[90.474088,23.778872],[90.476843,23.778668],[90.481261,23.775041],[90.483482,23.770786],[90.482155,23.767301],[90.483168,23.762199],[90.480865,23.761379],[90.481619,23.759072],[90.477315,23.759245],[90.472255,23.746302],[90.461375,23.744846]]]},"id":"31","properties":{"Zone":"129","District":"Dhaka","CC_Upazila":"Dhaka South City Corporation","Area_Cal":2286.72029305},"type":"Feature"},{"geometry":{"type":"Polygon","coordinates":[[[90.385333,23.746273],[90.383347,23.738315],[90.378768,23.73716],[90.377452,23.738385],[90.37436,23.737732],[90.37506,23.738311],[90.373254,23.741319],[90.369986,23.742843],[90.366572,23.74218],[90.367094,23.744849],[90.370734,23.744978],[90.366644,23.751707],[90.374836,23.756719],[90.381355,23.74552],[90.385333,23.746273]]]},"id":"32","properties":{"Zone":"69","District":"Dhaka","CC_Upazila":"Dhaka South City Corporation","Area_Cal":542.7612033250545},"type":"Feature"},{"geometry":{"type":"MultiPolygon","coordinates":[[[[90.390731,23.711629],[90.390732,23.711629],[90.390659,23.711156],[90.390731,23.711629]]],[[[90.39039,23.710037],[90.368244,23.707955],[90.371393,23.713554],[90.377175,23.711355],[90.379119,23.712244],[90.378264,23.713867],[90.37958,23.71527],[90.387848,23.71167],[90.390731,23.711629],[90.39039,23.710037]]]]},"id":"33","properties":{"Zone":"111","District":"Dhaka","CC_Upazila":"Dhaka South City Corporation","Area_Cal":248.31444916826587},"type":"Feature"},{"geometry":{"type":"Polygon","coordinates":[[[90.437258,23.734572],[90.434756,23.72567],[90.432554,23.726568],[90.428524,23.725199],[90.428309,23.732377],[90.433123,23.733424],[90.435081,23.735066],[90.437258,23.734572]]]},"id":"34","properties":{"Zone":"60","District":"Dhaka","CC_Upazila":"Dhaka South City Corporation","Area_Cal":151.59187528410664},"type":"Feature"},{"geometry":{"type":"Polygon","coordinates":[[[90.443328,23.675813],[90.43882,23.680468],[90.426421,23.689437],[90.430111,23.691022],[90.436837,23.687622],[90.437731,23.688094],[90.437191,23.690335],[90.43867,23.690613],[90.439139,23.689012],[90.443307,23.688255],[90.443374,23.68674],[90.444711,23.686555],[90.453215,23.687972],[90.452071,23.686992],[90.452988,23.685625],[90.446724,23.680582],[90.447909,23.679328],[90.443328,23.675813]]]},"id":"35","properties":{"Zone":"112","District":"Dhaka","CC_Upazila":"Dhaka South City Corporation","Area_Cal":472.6105314552217},"type":"Feature"},{"geometry":{"type":"Polygon","coordinates":[[[90.368246,23.707955],[90.364521,23.709913],[90.369464,23.716535],[90.372419,23.715337],[90.372792,23.716182],[90.369852,23.71707],[90.371003,23.718951],[90.367667,23.719585],[90.369764,23.724983],[90.378593,23.71994],[90.379119,23.712244],[90.377175,23.711355],[90.371393,23.713554],[90.368246,23.707955]]]},"id":"36","properties":{"Zone":"110","District":"Dhaka","CC_Upazila":"Dhaka South City Corporation","Area_Cal":323.49194590386327},"type":"Feature"},{"geometry":{"type":"Polygon","coordinates":[[[90.41695,23.735091],[90.423612,23.728049],[90.424226,23.721765],[90.41213,23.723313],[90.412292,23.727306],[90.413999,23.726843],[90.415068,23.728489],[90.414379,23.732806],[90.41695,23.735091]]]},"id":"37","properties":{"Zone":"63","District":"Dhaka","CC_Upazila":"Dhaka South City Corporation","Area_Cal":280.57235143322725},"type":"Feature"},{"geometry":{"type":"Polygon","coordinates":[[[90.439304,23.707692],[90.450245,23.702425],[90.448592,23.701833],[90.449875,23.697542],[90.442661,23.697114],[90.441596,23.700212],[90.439058,23.69953],[90.437767,23.702601],[90.439014,23.70363],[90.439304,23.707692]]]},"id":"38","properties":{"Zone":"115","District":"Dhaka","CC_Upazila":"Dhaka South City Corporation","Area_Cal":218.39436745076222},"type":"Feature"},{"geometry":{"type":"Polygon","coordinates":[[[90.419816,23.739932],[90.425358,23.732372],[90.42217,23.731636],[90.423243,23.731032],[90.42279,23.729786],[90.421585,23.729753],[90.416954,23.735085],[90.419816,23.739932]]]},"id":"39","properties":{"Zone":"64","District":"Dhaka","CC_Upazila":"Dhaka South City Corporation","Area_Cal":115.40191454975445},"type":"Feature"},{"geometry":{"type":"Polygon","coordinates":[[[90.442137,23.71031],[90.445531,23.708239],[90.448223,23.709943],[90.450942,23.707766],[90.456842,23.707059],[90.457593,23.703765],[90.45349,23.703019],[90.453782,23.701713],[90.455313,23.70096],[90.458298,23.702093],[90.459082,23.698738],[90.439304,23.707692],[90.442137,23.71031]]]},"id":"40","properties":{"Zone":"116","District":"Dhaka","CC_Upazila":"Dhaka South City Corporation","Area_Cal":256.2808175839819},"type":"Feature"},{"geometry":{"type":"Polygon","coordinates":[[[90.428933,23.725581],[90.43664,23.725566],[90.439144,23.723254],[90.431811,23.72238],[90.431317,23.719799],[90.428342,23.72015],[90.428933,23.725581]]]},"id":"41","properties":{"Zone":"61","District":"Dhaka","CC_Upazila":"Dhaka South City Corporation","Area_Cal":109.98594818150127},"type":"Feature"},{"geometry":{"type":"Polygon","coordinates":[[[90.45042,23.667883],[90.44333,23.675809],[90.447909,23.679328],[90.446724,23.680582],[90.452988,23.685625],[90.452289,23.68749],[90.455192,23.688151],[90.454651,23.694187],[90.457733,23.695205],[90.45685,23.694573],[90.457672,23.691992],[90.465183,23.689373],[90.465835,23.687315],[90.460278,23.684175],[90.459022,23.681911],[90.459838,23.679363],[90.454729,23.678615],[90.455122,23.674334],[90.453335,23.674191],[90.453608,23.671552],[90.451884,23.671176],[90.452287,23.669848],[90.45042,23.667883]]]},"id":"42","properties":{"Zone":"113","District":"Dhaka","CC_Upazila":"Dhaka South City Corporation","Area_Cal":609.0860848131068},"type":"Feature"},{"geometry":{"type":"Polygon","coordinates":[[[90.42682,23.740455],[90.42828,23.738423],[90.428632,23.722407],[90.424231,23.721648],[90.423612,23.728049],[90.421932,23.729801],[90.423243,23.731032],[90.42217,23.731636],[90.425358,23.732372],[90.424101,23.735533],[90.425742,23.737739],[90.425647,23.739998],[90.42682,23.740455]]]},"id":"43","properties":{"Zone":"62","District":"Dhaka","CC_Upazila":"Dhaka South City Corporation","Area_Cal":216.1541633520969},"type":"Feature"},{"geometry":{"type":"Polygon","coordinates":[[[90.458407,23.697564],[90.456618,23.697466],[90.457733,23.695205],[90.454651,23.694187],[90.455192,23.688151],[90.447144,23.68723],[90.449333,23.690473],[90.446802,23.690038],[90.445935,23.693634],[90.443257,23.692726],[90.442661,23.697114],[90.449875,23.697542],[90.448592,23.701833],[90.450245,23.702425],[90.458437,23.698504],[90.458407,23.697564]]]},"id":"44","properties":{"Zone":"114","District":"Dhaka","CC_Upazila":"Dhaka South City Corporation","Area_Cal":350.0424979877663},"type":"Feature"},{"geometry":{"type":"Polygon","coordinates":[[[90.424328,24.005466],[90.414194,24.01074],[90.414283,24.013128],[90.412249,24.015957],[90.412392,24.021274],[90.416847,24.023038],[90.420788,24.022074],[90.426775,24.016814],[90.430734,24.017035],[90.437393,24.014249],[90.442256,24.007208],[90.432001,24.006942],[90.43009,24.008053],[90.426395,24.006981],[90.426526,24.005512],[90.424328,24.005466]]]},"id":"45","properties":{"Zone":"238","District":"Gazipur","CC_Upazila":"Gazipur City Corporation","Area_Cal":814.8526714037561},"type":"Feature"},{"geometry":{"type":"Polygon","coordinates":[[[90.410193,24.013244],[90.414174,24.012709],[90.414261,24.010678],[90.421937,24.006431],[90.419441,23.99396],[90.415809,23.996696],[90.409051,23.996463],[90.410581,24.002659],[90.407693,24.000906],[90.399594,24.001544],[90.398402,24.007972],[90.402081,24.011033],[90.410193,24.013244]]]},"id":"46","properties":{"Zone":"239","District":"Gazipur","CC_Upazila":"Gazipur City Corporation","Area_Cal":731.506213254775},"type":"Feature"},{"geometry":{"type":"Polygon","coordinates":[[[90.311976,24.016267],[90.316037,24.014065],[90.313808,24.00829],[90.314942,24.004547],[90.3142,23.997035],[90.303419,23.997512],[90.303849,24.003644],[90.302441,24.00612],[90.304317,24.011085],[90.306836,24.013471],[90.311446,24.014687],[90.311976,24.016267]]]},"id":"47","properties":{"Zone":"221","District":"Gazipur","CC_Upazila":"Gazipur City Corporation","Area_Cal":514.5687337389079},"type":"Feature"},{"geometry":{"type":"Polygon","coordinates":[[[90.318026,24.014647],[90.318232,24.013724],[90.321872,24.014565],[90.324092,24.012999],[90.332437,24.012344],[90.333504,24.009392],[90.326754,24.008579],[90.328056,24.003583],[90.327216,24.003237],[90.321543,24.003543],[90.320375,24.004934],[90.318429,24.003782],[90.314949,24.004026],[90.313763,24.00624],[90.314071,24.010689],[90.315737,24.011463],[90.316037,24.014065],[90.318026,24.014647]]]},"id":"48","properties":{"Zone":"222","District":"Gazipur","CC_Upazila":"Gazipur City Corporation","Area_Cal":410.1181305556688},"type":"Feature"},{"geometry":{"type":"Polygon","coordinates":[[[90.320498,24.004917],[90.321543,24.003543],[90.328056,24.003583],[90.330085,23.998983],[90.332698,23.999618],[90.334732,23.99509],[90.327511,23.992233],[90.32283,23.992663],[90.320204,23.994999],[90.3142,23.997035],[90.314949,24.004026],[90.320498,24.004917]]]},"id":"49","properties":{"Zone":"220","District":"Gazipur","CC_Upazila":"Gazipur City Corporation","Area_Cal":452.4834420649309},"type":"Feature"},{"geometry":{"type":"Polygon","coordinates":[[[90.344678,24.012399],[90.346063,24.010272],[90.345081,24.000341],[90.349133,24.000135],[90.349416,23.997737],[90.342887,23.993178],[90.341143,23.997617],[90.338383,23.994818],[90.334732,23.99509],[90.332698,23.999618],[90.330085,23.998983],[90.327055,24.005066],[90.326754,24.008579],[90.336215,24.009498],[90.344678,24.012399]]]},"id":"50","properties":{"Zone":"225","District":"Gazipur","CC_Upazila":"Gazipur City Corporation","Area_Cal":724.6787577310704},"type":"Feature"},{"geometry":{"type":"Polygon","coordinates":[[[90.366189,24.011375],[90.370255,24.010438],[90.370266,24.008448],[90.362769,24.007651],[90.36204,24.004929],[90.360418,24.004918],[90.360309,23.995173],[90.361383,23.993567],[90.362845,23.994524],[90.363407,23.992861],[90.363535,23.993739],[90.367672,23.992407],[90.367053,23.990248],[90.369116,23.984457],[90.367645,23.985394],[90.36331,23.98353],[90.359284,23.984347],[90.357878,23.987712],[90.354616,23.987833],[90.354327,23.988772],[90.352361,23.988043],[90.344638,23.991283],[90.338267,23.991046],[90.335753,23.988753],[90.334965,23.990215],[90.330754,23.989714],[90.32908,23.992614],[90.3276,23.99196],[90.330856,23.994343],[90.338383,23.994818],[90.341143,23.997617],[90.342887,23.993178],[90.349084,23.997228],[90.349337,24.000001],[90.345434,23.999939],[90.344982,24.000891],[90.345494,24.011671],[90.346795,24.013298],[90.349269,24.009475],[90.352084,24.008123],[90.361732,24.009381],[90.364195,24.014444],[90.362885,24.017009],[90.36555,24.014202],[90.366189,24.011375]]]},"id":"51","properties":{"Zone":"226","District":"Gazipur","CC_Upazila":"Gazipur City Corporation","Area_Cal":1350.89820797},"type":"Feature"},{"geometry":{"type":"Polygon","coordinates":[[[90.302451,24.043814],[90.310173,24.044326],[90.311515,24.041432],[90.31595,24.040898],[90.314469,24.038881],[90.316051,24.03611],[90.315198,24.033773],[90.329759,24.030275],[90.330504,24.027899],[90.332838,24.027677],[90.332401,24.012345],[90.324092,24.012999],[90.321872,24.014565],[90.31547,24.014054],[90.311878,24.016192],[90.312988,24.025919],[90.312238,24.03031],[90.304659,24.033752],[90.305393,24.036257],[90.302274,24.041394],[90.302451,24.043814]]]},"id":"52","properties":{"Zone":"223","District":"Gazipur","CC_Upazila":"Gazipur City Corporation","Area_Cal":1345.45997431},"type":"Feature"},{"geometry":{"type":"Polygon","coordinates":[[[90.339165,24.041301],[90.342961,24.039959],[90.34433,24.038134],[90.345551,24.026554],[90.34188,24.024334],[90.346319,24.017916],[90.343629,24.014761],[90.344611,24.012458],[90.333504,24.009392],[90.332047,24.01391],[90.333203,24.019032],[90.331962,24.021876],[90.332838,24.027677],[90.330504,24.027899],[90.329759,24.030275],[90.315198,24.033773],[90.316051,24.03611],[90.314485,24.038974],[90.315313,24.039845],[90.319283,24.038043],[90.322197,24.033661],[90.325466,24.032452],[90.327298,24.032761],[90.328393,24.037694],[90.331787,24.037949],[90.334124,24.040007],[90.339165,24.041301]]]},"id":"53","properties":{"Zone":"224","District":"Gazipur","CC_Upazila":"Gazipur City Corporation","Area_Cal":1209.78426676},"type":"Feature"},{"geometry":{"type":"Polygon","coordinates":[[[90.439078,23.751854],[90.441439,23.750039],[90.442533,23.746581],[90.441696,23.74568],[90.439619,23.747585],[90.439044,23.745034],[90.436961,23.744518],[90.437346,23.742203],[90.430894,23.744351],[90.431515,23.745979],[90.430625,23.745916],[90.429714,23.751992],[90.430646,23.75276],[90.439078,23.751854]]]},"id":"54","properties":{"Zone":"56","District":"Dhaka","CC_Upazila":"Dhaka South City Corporation","Area_Cal":232.87979380288965},"type":"Feature"},{"geometry":{"type":"Polygon","coordinates":[[[90.466135,23.683135],[90.465508,23.689103],[90.457069,23.692699],[90.45685,23.694573],[90.457848,23.69462],[90.456618,23.697466],[90.458428,23.697388],[90.459548,23.700083],[90.458298,23.702093],[90.455313,23.70096],[90.453782,23.701713],[90.45349,23.703019],[90.45654,23.70324],[90.457718,23.705044],[90.456576,23.705573],[90.456842,23.707059],[90.453512,23.708074],[90.468645,23.712308],[90.473369,23.712261],[90.473239,23.709972],[90.474155,23.710571],[90.474525,23.709504],[90.473302,23.709718],[90.473969,23.707412],[90.472544,23.701297],[90.474751,23.699943],[90.477843,23.700068],[90.478167,23.696434],[90.477445,23.69474],[90.476046,23.694898],[90.477252,23.694325],[90.477335,23.69092],[90.476186,23.690974],[90.474801,23.688379],[90.472595,23.688975],[90.470497,23.68365],[90.468939,23.684097],[90.468483,23.686966],[90.466135,23.683135]]]},"id":"55","properties":{"Zone":"119","District":"Dhaka","CC_Upazila":"Dhaka South City Corporation","Area_Cal":1177.93309729},"type":"Feature"},{"geometry":{"type":"Polygon","coordinates":[[[90.444484,23.762348],[90.446266,23.759506],[90.44475,23.759067],[90.443703,23.754436],[90.440235,23.753864],[90.440265,23.750208],[90.439078,23.751854],[90.436215,23.751429],[90.431215,23.752929],[90.429714,23.751992],[90.429101,23.753518],[90.425727,23.753783],[90.425602,23.755923],[90.426838,23.755547],[90.427137,23.757774],[90.42986,23.758479],[90.430261,23.760977],[90.433055,23.761616],[90.433564,23.763445],[90.444484,23.762348]]]},"id":"56","properties":{"Zone":"57","District":"Dhaka","CC_Upazila":"Dhaka South City Corporation","Area_Cal":460.1063110616631},"type":"Feature"},{"geometry":{"type":"Polygon","coordinates":[[[90.352895,23.878116],[90.35826,23.883232],[90.356957,23.889141],[90.359693,23.893275],[90.374218,23.896552],[90.379994,23.899613],[90.385432,23.898445],[90.389335,23.893948],[90.387582,23.89323],[90.38434,23.895809],[90.383583,23.893216],[90.386509,23.89357],[90.38642,23.890548],[90.3838,23.890541],[90.383215,23.886985],[90.377971,23.885273],[90.37451,23.886178],[90.375554,23.88649],[90.37496,23.887474],[90.369031,23.884461],[90.368677,23.886026],[90.364071,23.886272],[90.361841,23.883992],[90.363024,23.882463],[90.362028,23.880949],[90.355454,23.877971],[90.352895,23.878116]]]},"id":"57","properties":{"Zone":"54","District":"Dhaka","CC_Upazila":"Dhaka North City Corporation","Area_Cal":888.2559542733527},"type":"Feature"},{"geometry":{"type":"Polygon","coordinates":[[[90.462945,23.710873],[90.451939,23.707667],[90.448223,23.709943],[90.444265,23.708612],[90.443239,23.710314],[90.441379,23.710473],[90.440486,23.717257],[90.438536,23.717718],[90.43911,23.720939],[90.442132,23.720681],[90.444431,23.723257],[90.446334,23.722419],[90.449321,23.723407],[90.449722,23.724396],[90.447121,23.7246],[90.447053,23.728721],[90.452489,23.730025],[90.452964,23.731527],[90.457523,23.733269],[90.462945,23.710873]]]},"id":"58","properties":{"Zone":"117","District":"Dhaka","CC_Upazila":"Dhaka South City Corporation","Area_Cal":1046.95523269},"type":"Feature"},{"geometry":{"type":"Polygon","coordinates":[[[90.425991,23.753652],[90.429101,23.753518],[90.430625,23.745916],[90.431515,23.745979],[90.430894,23.744351],[90.42656,23.744123],[90.423102,23.748154],[90.416096,23.749302],[90.418177,23.752293],[90.424968,23.750485],[90.42606,23.751161],[90.425991,23.753652]]]},"id":"59","properties":{"Zone":"55","District":"Dhaka","CC_Upazila":"Dhaka South City Corporation","Area_Cal":205.19720134896957},"type":"Feature"},{"geometry":{"type":"Polygon","coordinates":[[[90.477059,23.716874],[90.47714,23.714326],[90.473227,23.713787],[90.473369,23.712261],[90.462945,23.710873],[90.457523,23.733269],[90.465449,23.733875],[90.468883,23.727622],[90.474383,23.726033],[90.474679,23.717482],[90.481056,23.717996],[90.477059,23.716874]]]},"id":"60","properties":{"Zone":"118","District":"Dhaka","CC_Upazila":"Dhaka South City Corporation","Area_Cal":763.1272839663708},"type":"Feature"},{"geometry":{"type":"Polygon","coordinates":[[[90.442533,23.746581],[90.443235,23.742298],[90.439635,23.738033],[90.436275,23.739574],[90.43301,23.739132],[90.430823,23.737214],[90.42682,23.740455],[90.427388,23.744754],[90.435924,23.742878],[90.436478,23.741745],[90.436961,23.744518],[90.439044,23.745034],[90.439619,23.747585],[90.441696,23.74568],[90.442533,23.746581]]]},"id":"61","properties":{"Zone":"58","District":"Dhaka","CC_Upazila":"Dhaka South City Corporation","Area_Cal":242.93751304947605},"type":"Feature"},{"geometry":{"type":"Polygon","coordinates":[[[90.442636,23.742254],[90.444769,23.74019],[90.444582,23.738345],[90.443037,23.737871],[90.443652,23.733472],[90.438893,23.733095],[90.437974,23.73584],[90.437258,23.734572],[90.435081,23.735066],[90.433123,23.733424],[90.428309,23.732377],[90.428262,23.738551],[90.430823,23.737214],[90.43301,23.739132],[90.437314,23.739568],[90.439635,23.738033],[90.442636,23.742254]]]},"id":"62","properties":{"Zone":"59","District":"Dhaka","CC_Upazila":"Dhaka South City Corporation","Area_Cal":230.70411434054503},"type":"Feature"},{"geometry":{"type":"Polygon","coordinates":[[[90.420511,23.695802],[90.417136,23.699722],[90.417762,23.700927],[90.421526,23.703128],[90.423535,23.701332],[90.425502,23.70321],[90.428107,23.702812],[90.428823,23.701506],[90.426494,23.701443],[90.426342,23.699224],[90.423514,23.699584],[90.423605,23.698225],[90.420511,23.695802]]]},"id":"63","properties":{"Zone":"100","District":"Dhaka","CC_Upazila":"Dhaka South City Corporation","Area_Cal":107.96273284906151},"type":"Feature"},{"geometry":{"type":"Polygon","coordinates":[[[90.426421,23.689437],[90.420511,23.695802],[90.423605,23.698225],[90.423514,23.699584],[90.426342,23.699224],[90.426494,23.701443],[90.42916,23.701515],[90.430755,23.698563],[90.424454,23.695385],[90.427514,23.693247],[90.428112,23.689836],[90.426421,23.689437]]]},"id":"64","properties":{"Zone":"101","District":"Dhaka","CC_Upazila":"Dhaka South City Corporation","Area_Cal":139.477831071524},"type":"Feature"},{"geometry":{"type":"MultiPolygon","coordinates":[[[[90.337234,23.831883],[90.337233,23.83188],[90.337234,23.831883],[90.337234,23.831883]]],[[[90.337234,23.831884],[90.338577,23.838281],[90.341798,23.841669],[90.33746,23.845998],[90.337409,23.847156],[90.340506,23.853122],[90.343603,23.856909],[90.346326,23.858831],[90.347454,23.86062],[90.35846,23.857981],[90.359417,23.864868],[90.374516,23.865329],[90.376661,23.87017],[90.381666,23.868939],[90.385665,23.865293],[90.382282,23.86245],[90.393294,23.84609],[90.393473,23.843633],[90.388588,23.843254],[90.387352,23.841597],[90.385208,23.842268],[90.385,23.84453],[90.379688,23.844301],[90.37823,23.843788],[90.378155,23.840195],[90.374946,23.841014],[90.374104,23.839278],[90.369401,23.838985],[90.366567,23.840183],[90.363439,23.845086],[90.360328,23.846072],[90.360131,23.848363],[90.35812,23.848878],[90.355317,23.848163],[90.353333,23.845909],[90.35566,23.843084],[90.3504,23.840467],[90.348902,23.837527],[90.349222,23.833563],[90.342191,23.827328],[90.337519,23.830478],[90.337334,23.830813],[90.33722,23.831506],[90.337234,23.831883],[90.337234,23.831883],[90.337234,23.831884]],[[90.341711,23.841874],[90.341711,23.841874],[90.341596,23.842149],[90.341711,23.841874]],[[90.338619,23.845197],[90.338456,23.845319],[90.338456,23.845319],[90.338619,23.845197]]],[[[90.341791,23.854826],[90.341905,23.854976],[90.341706,23.854709],[90.341791,23.854826]]],[[[90.345087,23.857956],[90.344527,23.85756],[90.344675,23.857666],[90.345087,23.857956]]]]},"id":"65","properties":{"Zone":"52","District":"Dhaka","CC_Upazila":"Dhaka North City Corporation","Area_Cal":3096.43652349},"type":"Feature"},{"geometry":{"type":"Polygon","coordinates":[[[90.441379,23.710473],[90.438539,23.706998],[90.438923,23.703414],[90.436427,23.702335],[90.425993,23.7098],[90.430065,23.71168],[90.434407,23.710081],[90.441379,23.710473]]]},"id":"66","properties":{"Zone":"104","District":"Dhaka","CC_Upazila":"Dhaka South City Corporation","Area_Cal":209.33067325151922},"type":"Feature"},{"geometry":{"type":"Polygon","coordinates":[[[90.35846,23.857981],[90.347454,23.86062],[90.35104,23.866266],[90.350484,23.877025],[90.362028,23.880949],[90.363024,23.882463],[90.361841,23.883992],[90.363752,23.886177],[90.368677,23.886026],[90.369031,23.884461],[90.37496,23.887474],[90.375554,23.88649],[90.37451,23.886178],[90.377971,23.885273],[90.386818,23.887978],[90.386575,23.880583],[90.384974,23.880129],[90.385359,23.877908],[90.379715,23.875748],[90.378439,23.871454],[90.375249,23.868888],[90.374516,23.865329],[90.359417,23.864868],[90.35846,23.857981]]]},"id":"67","properties":{"Zone":"53","District":"Dhaka","CC_Upazila":"Dhaka North City Corporation","Area_Cal":1732.2916604},"type":"Feature"},{"geometry":{"type":"Polygon","coordinates":[[[90.424119,23.710172],[90.429476,23.707739],[90.433571,23.703487],[90.437767,23.702601],[90.438185,23.700767],[90.435672,23.700362],[90.435908,23.698441],[90.43037,23.699405],[90.424119,23.710172]]]},"id":"68","properties":{"Zone":"105","District":"Dhaka","CC_Upazila":"Dhaka South City Corporation","Area_Cal":170.93412428234123},"type":"Feature"},{"geometry":{"type":"Polygon","coordinates":[[[90.406767,23.876474],[90.407941,23.874616],[90.412058,23.873733],[90.413306,23.869358],[90.415203,23.869584],[90.41339,23.867719],[90.413426,23.863672],[90.414819,23.862047],[90.413809,23.859441],[90.412097,23.859176],[90.411239,23.855265],[90.406381,23.856199],[90.406767,23.876474]]]},"id":"69","properties":{"Zone":"50","District":"Dhaka","CC_Upazila":"Dhaka North City Corporation","Area_Cal":375.51530090681007},"type":"Feature"},{"geometry":{"type":"Polygon","coordinates":[[[90.440361,23.715786],[90.441379,23.710473],[90.434407,23.710081],[90.430065,23.71168],[90.425713,23.709834],[90.426877,23.710563],[90.425737,23.715689],[90.427396,23.717925],[90.429476,23.717352],[90.429054,23.714877],[90.430823,23.71401],[90.440361,23.715786]]]},"id":"70","properties":{"Zone":"102","District":"Dhaka","CC_Upazila":"Dhaka South City Corporation","Area_Cal":180.83538195105413},"type":"Feature"},{"geometry":{"type":"Polygon","coordinates":[[[90.381154,24.017591],[90.383729,24.016387],[90.381062,24.010156],[90.381961,24.008306],[90.378565,24.007971],[90.380997,24.005719],[90.380641,24.001162],[90.383014,23.99998],[90.381956,23.991765],[90.38506,23.990763],[90.38528,23.987196],[90.383212,23.988287],[90.380773,23.987706],[90.380743,23.98617],[90.375759,23.98566],[90.374728,23.985957],[90.374364,23.988824],[90.371826,23.988456],[90.372398,23.990126],[90.368271,23.987004],[90.366961,23.990782],[90.367672,23.992407],[90.363535,23.993739],[90.363407,23.992861],[90.362845,23.994524],[90.361383,23.993567],[90.360309,23.995173],[90.360418,24.004918],[90.36204,24.004929],[90.362769,24.007651],[90.370266,24.008448],[90.370255,24.010438],[90.366192,24.011348],[90.36556,24.014232],[90.372252,24.014771],[90.37316,24.013702],[90.376955,24.016495],[90.381154,24.017591]]]},"id":"71","properties":{"Zone":"229","District":"Gazipur","CC_Upazila":"Gazipur City Corporation","Area_Cal":1404.02622789},"type":"Feature"},{"geometry":{"type":"Polygon","coordinates":[[[90.391954,23.879901],[90.394153,23.87942],[90.39535,23.87583],[90.39341,23.875271],[90.392613,23.868781],[90.391148,23.868586],[90.389319,23.864932],[90.385789,23.864354],[90.387121,23.862492],[90.385745,23.861516],[90.384514,23.864062],[90.385665,23.865293],[90.381666,23.868939],[90.376661,23.87017],[90.378439,23.871454],[90.380024,23.875966],[90.391954,23.879901]]]},"id":"72","properties":{"Zone":"51","District":"Dhaka","CC_Upazila":"Dhaka North City Corporation","Area_Cal":470.81716150501956},"type":"Feature"},{"geometry":{"type":"Polygon","coordinates":[[[90.439192,23.722896],[90.438506,23.717874],[90.440486,23.717257],[90.440403,23.715788],[90.430823,23.71401],[90.429054,23.714877],[90.429476,23.717352],[90.426861,23.717841],[90.427418,23.720344],[90.431317,23.719799],[90.431811,23.72238],[90.439192,23.722896]]]},"id":"73","properties":{"Zone":"103","District":"Dhaka","CC_Upazila":"Dhaka South City Corporation","Area_Cal":221.77286333077632},"type":"Feature"},{"geometry":{"type":"Polygon","coordinates":[[[90.329343,23.991902],[90.330754,23.989714],[90.334965,23.990215],[90.335753,23.988753],[90.338267,23.991046],[90.344806,23.991252],[90.352361,23.988043],[90.354327,23.988772],[90.354616,23.987833],[90.357878,23.987712],[90.359284,23.984347],[90.366547,23.983963],[90.365776,23.981653],[90.364182,23.982613],[90.364427,23.976511],[90.367536,23.977666],[90.369539,23.976562],[90.369417,23.973328],[90.370882,23.97301],[90.372098,23.970211],[90.370588,23.968285],[90.367398,23.967519],[90.367189,23.966282],[90.364403,23.966439],[90.364529,23.964795],[90.361461,23.966509],[90.358515,23.963047],[90.358008,23.963643],[90.357636,23.963526],[90.359637,23.959128],[90.356746,23.958046],[90.357011,23.955957],[90.355033,23.956579],[90.353869,23.954775],[90.352018,23.956287],[90.349548,23.95511],[90.346075,23.957056],[90.344709,23.952604],[90.343978,23.954763],[90.343494,23.95378],[90.342538,23.955124],[90.344633,23.955125],[90.345466,23.957263],[90.34352,23.957571],[90.344343,23.955555],[90.34332,23.955483],[90.33412,23.968177],[90.337698,23.975293],[90.338535,23.980172],[90.330919,23.983019],[90.326068,23.986314],[90.328211,23.989462],[90.3276,23.99196],[90.329343,23.991902]]]},"id":"74","properties":{"Zone":"227","District":"Gazipur","CC_Upazila":"Gazipur City Corporation","Area_Cal":2670.21601603},"type":"Feature"},{"geometry":{"type":"Polygon","coordinates":[[[90.372633,23.990112],[90.371826,23.988456],[90.374364,23.988824],[90.374728,23.985957],[90.380192,23.986139],[90.379774,23.98475],[90.381523,23.985563],[90.38153,23.983848],[90.383249,23.983486],[90.383467,23.981036],[90.384286,23.981313],[90.384695,23.978048],[90.38259,23.978339],[90.381578,23.977057],[90.382758,23.974489],[90.381011,23.970294],[90.383545,23.967639],[90.380674,23.966587],[90.380345,23.965255],[90.379784,23.969522],[90.376502,23.969212],[90.377821,23.972606],[90.375958,23.973062],[90.375742,23.975214],[90.373761,23.974698],[90.374231,23.971966],[90.372997,23.971648],[90.369417,23.973328],[90.369732,23.976084],[90.368248,23.977391],[90.364427,23.976511],[90.364182,23.982613],[90.36504,23.981569],[90.366521,23.98209],[90.365663,23.984813],[90.369116,23.984457],[90.370221,23.989338],[90.372633,23.990112]]]},"id":"75","properties":{"Zone":"228","District":"Gazipur","CC_Upazila":"Gazipur City Corporation","Area_Cal":684.2188740241141},"type":"Feature"},{"geometry":{"type":"Polygon","coordinates":[[[90.627841,23.742325],[90.632947,23.739946],[90.641432,23.739389],[90.641949,23.730032],[90.644126,23.72931],[90.649078,23.731859],[90.64993,23.730556],[90.647958,23.727237],[90.649564,23.725024],[90.651519,23.724591],[90.656904,23.726577],[90.657889,23.724692],[90.64842,23.718137],[90.640945,23.718366],[90.636427,23.713439],[90.628956,23.709748],[90.626966,23.713544],[90.628684,23.716984],[90.619449,23.714819],[90.612975,23.716004],[90.609425,23.726142],[90.605685,23.728497],[90.605023,23.737444],[90.609625,23.741914],[90.612352,23.742617],[90.617575,23.739995],[90.616897,23.737529],[90.612819,23.735708],[90.61319,23.734367],[90.625336,23.732243],[90.628319,23.735387],[90.627841,23.742325]]]},"id":"76","properties":{"Zone":"210","District":"Narayanganj","CC_Upazila":"Sonargaon","Area_Cal":2563.39224376},"type":"Feature"},{"geometry":{"type":"Polygon","coordinates":[[[90.565983,23.653276],[90.566684,23.656337],[90.572151,23.660872],[90.57453,23.668986],[90.573339,23.668561],[90.575047,23.676431],[90.579284,23.686929],[90.586091,23.693638],[90.585985,23.705931],[90.588406,23.714025],[90.589226,23.715306],[90.592047,23.712615],[90.595512,23.714222],[90.600312,23.718761],[90.606,23.728474],[90.609425,23.726142],[90.612323,23.716511],[90.608003,23.71677],[90.606947,23.715368],[90.604837,23.716845],[90.604609,23.713204],[90.609822,23.7136],[90.613838,23.711128],[90.615024,23.70878],[90.614189,23.704204],[90.609482,23.704354],[90.609613,23.702601],[90.614361,23.697555],[90.615451,23.697362],[90.616875,23.702825],[90.621711,23.698594],[90.624623,23.697633],[90.623861,23.691379],[90.626187,23.689344],[90.620614,23.689323],[90.623405,23.686497],[90.622674,23.684653],[90.616808,23.684529],[90.615887,23.682733],[90.615142,23.685298],[90.612607,23.685348],[90.610203,23.678312],[90.608422,23.680663],[90.605462,23.679761],[90.605039,23.677529],[90.600334,23.675433],[90.596258,23.670608],[90.593779,23.671029],[90.593128,23.668948],[90.589892,23.668006],[90.587957,23.665102],[90.588813,23.662083],[90.586652,23.661186],[90.586058,23.65891],[90.583057,23.6589],[90.584315,23.654338],[90.58352,23.653491],[90.581642,23.656813],[90.580996,23.653759],[90.579114,23.654591],[90.579077,23.659736],[90.574705,23.654171],[90.573796,23.655879],[90.565983,23.653276]]]},"id":"77","properties":{"Zone":"211","District":"Narayanganj","CC_Upazila":"Sonargaon","Area_Cal":4846.32711586},"type":"Feature"},{"geometry":{"type":"Polygon","coordinates":[[[90.263804,24.015072],[90.272699,24.013845],[90.273175,24.012249],[90.277055,24.013237],[90.278722,24.010444],[90.279987,24.010568],[90.282053,24.003422],[90.276903,24.004039],[90.27475,24.002717],[90.273374,23.998416],[90.276396,23.998413],[90.278,23.997421],[90.277572,23.996352],[90.272217,23.990572],[90.269525,23.989744],[90.269652,23.986146],[90.262761,23.977932],[90.259885,23.976902],[90.259332,23.973968],[90.258244,23.973982],[90.256457,23.978219],[90.253554,23.979971],[90.254747,23.982003],[90.25376,23.982667],[90.251997,23.981579],[90.250021,23.9847],[90.247975,23.990652],[90.254455,23.993507],[90.251848,23.998534],[90.250074,23.998668],[90.25199,24.000094],[90.254493,24.006615],[90.258899,24.008253],[90.258088,24.012268],[90.259157,24.014142],[90.262288,24.013514],[90.263618,24.013716],[90.263804,24.015072]]]},"id":"78","properties":{"Zone":"214","District":"Gazipur","CC_Upazila":"Gazipur City Corporation","Area_Cal":2068.02339193},"type":"Feature"},{"geometry":{"type":"MultiPolygon","coordinates":[[[[90.268732,23.96548],[90.268732,23.96548],[90.268732,23.96548],[90.268732,23.96548]]],[[[90.277594,23.966045],[90.277594,23.966045],[90.277594,23.966045],[90.277594,23.966045]]],[[[90.269784,23.967787],[90.269784,23.967787],[90.269784,23.967787],[90.269784,23.967787]]],[[[90.269823,23.967999],[90.269823,23.967999],[90.269823,23.967999],[90.269823,23.967999]]],[[[90.267735,23.968633],[90.267735,23.968633],[90.267735,23.968633],[90.267735,23.968633]]],[[[90.267577,23.968707],[90.267577,23.968707],[90.267577,23.968707],[90.267577,23.968707]]],[[[90.282914,23.964852],[90.282914,23.964852],[90.282914,23.964852],[90.282914,23.964852]]],[[[90.281547,23.965951],[90.281547,23.965951],[90.281547,23.965951],[90.281547,23.965951]]],[[[90.281984,23.966959],[90.281984,23.966959],[90.281984,23.966959],[90.281984,23.966959]]],[[[90.281771,23.967287],[90.281771,23.967287],[90.281771,23.967287],[90.281771,23.967287]]],[[[90.281321,23.967375],[90.281321,23.967375],[90.281321,23.967375],[90.281321,23.967375]]],[[[90.27102,23.962546],[90.268652,23.965226],[90.269705,23.966846],[90.269823,23.967999],[90.269573,23.968536],[90.266013,23.970129],[90.262793,23.969544],[90.260079,23.971175],[90.260372,23.972722],[90.258148,23.970039],[90.259487,23.976376],[90.262761,23.977932],[90.269652,23.986146],[90.269525,23.989744],[90.272217,23.990572],[90.277572,23.996352],[90.278,23.997421],[90.276396,23.998413],[90.273359,23.998739],[90.27475,24.002717],[90.276536,24.003966],[90.281953,24.00326],[90.280338,24.009191],[90.285866,24.010511],[90.289299,24.009476],[90.289595,24.012675],[90.294541,24.01501],[90.295685,24.014426],[90.294448,24.0114],[90.296345,24.010892],[90.295867,24.010056],[90.297685,24.010983],[90.298128,24.008756],[90.300302,24.007199],[90.299654,24.005207],[90.295054,24.002213],[90.289255,24.001146],[90.287185,23.997587],[90.285586,23.991806],[90.285667,23.986334],[90.287357,23.983954],[90.287294,23.98097],[90.289508,23.980832],[90.287902,23.976992],[90.285475,23.976443],[90.283263,23.973675],[90.282668,23.967604],[90.283961,23.964739],[90.282019,23.964994],[90.281539,23.965671],[90.281651,23.966363],[90.281943,23.966685],[90.281993,23.966863],[90.281977,23.967055],[90.281771,23.967287],[90.281518,23.96736],[90.281321,23.967375],[90.275107,23.965365],[90.27102,23.962546]]]]},"id":"79","properties":{"Zone":"215","District":"Gazipur","CC_Upazila":"Gazipur City Corporation","Area_Cal":2296.16204542},"type":"Feature"},{"geometry":{"type":"Polygon","coordinates":[[[90.573569,23.597261],[90.571056,23.601473],[90.567746,23.602521],[90.567457,23.604027],[90.5686,23.605642],[90.572266,23.604721],[90.57286,23.606552],[90.57491,23.606676],[90.568829,23.607755],[90.571653,23.612597],[90.573482,23.612304],[90.574165,23.614026],[90.573309,23.615155],[90.569865,23.614069],[90.567106,23.619357],[90.572907,23.622027],[90.573676,23.620393],[90.570856,23.61902],[90.571787,23.617602],[90.573469,23.617809],[90.573458,23.619064],[90.577087,23.616118],[90.583131,23.621499],[90.583776,23.625363],[90.58503,23.624987],[90.581459,23.626711],[90.575152,23.626887],[90.576099,23.627843],[90.581466,23.628875],[90.580726,23.630705],[90.585775,23.632453],[90.596744,23.63332],[90.605656,23.638593],[90.61904,23.642294],[90.635871,23.641391],[90.632695,23.627376],[90.627014,23.614186],[90.624143,23.612968],[90.613994,23.603298],[90.607492,23.599932],[90.60206,23.59877],[90.584649,23.59907],[90.573569,23.597261]],[[90.574697,23.60656],[90.574856,23.606634],[90.574737,23.606584],[90.574697,23.60656]]]},"id":"80","properties":{"Zone":"212","District":"Narayanganj","CC_Upazila":"Sonargaon","Area_Cal":5482.69397387},"type":"Feature"},{"geometry":{"type":"MultiPolygon","coordinates":[[[[90.587022,23.644101],[90.586956,23.644262],[90.586918,23.644362],[90.587022,23.644101]]],[[[90.588175,23.644956],[90.588213,23.644712],[90.588217,23.644651],[90.588175,23.644956]]],[[[90.592531,23.645266],[90.592716,23.64541],[90.592661,23.645367],[90.592531,23.645266]]],[[[90.592531,23.645266],[90.592531,23.645266],[90.592531,23.645266],[90.592531,23.645266]]],[[[90.592381,23.645716],[90.589106,23.649233],[90.587273,23.648247],[90.588254,23.644223],[90.58707,23.643981],[90.585833,23.645707],[90.58569,23.646278],[90.585655,23.646479],[90.585622,23.646634],[90.585615,23.646711],[90.585589,23.646795],[90.585571,23.646952],[90.585689,23.647618],[90.584575,23.647728],[90.583808,23.647956],[90.583494,23.64806],[90.583219,23.648152],[90.582518,23.64841],[90.581544,23.650007],[90.580648,23.650158],[90.581953,23.653632],[90.582962,23.651413],[90.584946,23.651329],[90.583561,23.6533],[90.584315,23.654338],[90.583057,23.6589],[90.586058,23.65891],[90.586652,23.661186],[90.588863,23.662215],[90.588008,23.665224],[90.59015,23.668208],[90.593128,23.668948],[90.593779,23.671029],[90.596258,23.670608],[90.598092,23.667267],[90.600141,23.66685],[90.598799,23.662112],[90.610463,23.662325],[90.608148,23.656228],[90.605585,23.654398],[90.609224,23.655128],[90.612973,23.653687],[90.611116,23.650931],[90.610703,23.646092],[90.615878,23.645509],[90.617615,23.641551],[90.605656,23.638593],[90.600737,23.635329],[90.599843,23.636074],[90.599995,23.636449],[90.600071,23.636523],[90.600105,23.636557],[90.600249,23.636692],[90.600736,23.637091],[90.600828,23.637173],[90.600846,23.637191],[90.600362,23.637565],[90.600493,23.637795],[90.5999,23.638256],[90.599762,23.638675],[90.599119,23.638611],[90.598561,23.638349],[90.598398,23.638782],[90.598291,23.638821],[90.598262,23.63889],[90.598096,23.639137],[90.598037,23.639211],[90.598025,23.639226],[90.597966,23.639299],[90.597914,23.639376],[90.597726,23.63969],[90.597588,23.639842],[90.596053,23.640905],[90.596425,23.641844],[90.596068,23.647268],[90.592381,23.645716]]],[[[90.599119,23.638611],[90.599119,23.638611],[90.599119,23.638611],[90.599119,23.638611]]],[[[90.599097,23.638581],[90.599083,23.638563],[90.599119,23.638611],[90.599097,23.638581]]],[[[90.599083,23.638563],[90.599083,23.638563],[90.599083,23.638563],[90.599083,23.638563]]],[[[90.598037,23.639211],[90.59805,23.639193],[90.598025,23.639226],[90.598037,23.639211]]],[[[90.598025,23.639226],[90.598025,23.639226],[90.598025,23.639226],[90.598025,23.639226]]],[[[90.596224,23.642249],[90.596192,23.64229],[90.596168,23.642323],[90.596224,23.642249]]],[[[90.588101,23.645432],[90.588108,23.645346],[90.588093,23.645479],[90.588101,23.645432]]],[[[90.591213,23.646356],[90.591261,23.646235],[90.591222,23.646328],[90.591213,23.646356]]],[[[90.585674,23.646366],[90.585655,23.646479],[90.58569,23.646278],[90.585674,23.646366]]],[[[90.587434,23.647878],[90.587437,23.647873],[90.587437,23.647835],[90.587434,23.647878]]],[[[90.583996,23.647899],[90.583808,23.647956],[90.58412,23.647863],[90.583996,23.647899]]],[[[90.583567,23.648035],[90.583494,23.64806],[90.583808,23.647956],[90.583567,23.648035]]],[[[90.580648,23.650158],[90.580847,23.65011],[90.580757,23.650132],[90.580648,23.650158]]],[[[90.580742,23.65047],[90.580724,23.650412],[90.580664,23.650229],[90.580742,23.65047]]],[[[90.581046,23.651365],[90.581054,23.65143],[90.581055,23.651433],[90.581046,23.651365]]],[[[90.583014,23.651628],[90.582989,23.651536],[90.582975,23.651497],[90.583014,23.651628]]],[[[90.584651,23.651722],[90.58471,23.65164],[90.5847,23.651654],[90.584651,23.651722]]],[[[90.582687,23.653092],[90.582545,23.653268],[90.582599,23.653217],[90.582687,23.653092]]],[[[90.599897,23.636295],[90.599904,23.636331],[90.599895,23.636278],[90.599897,23.636295]]],[[[90.599995,23.636449],[90.599995,23.636449],[90.599995,23.636449],[90.599995,23.636449]]],[[[90.600011,23.636467],[90.600071,23.636523],[90.599995,23.636449],[90.600011,23.636467]]],[[[90.600846,23.637191],[90.600828,23.637173],[90.60084,23.637186],[90.600846,23.637191]]],[[[90.599905,23.638323],[90.599902,23.638372],[90.599908,23.638286],[90.599905,23.638323]]],[[[90.596083,23.641176],[90.596075,23.641126],[90.596082,23.641176],[90.596083,23.641176]]],[[[90.592623,23.645531],[90.592751,23.645462],[90.592765,23.645451],[90.592623,23.645531]]]]},"id":"81","properties":{"Zone":"213","District":"Narayanganj","CC_Upazila":"Sonargaon","Area_Cal":1780.91498346},"type":"Feature"},{"geometry":{"type":"Polygon","coordinates":[[[90.432283,23.699778],[90.435908,23.698441],[90.434507,23.693446],[90.437522,23.690023],[90.437414,23.687772],[90.430111,23.691022],[90.428176,23.689795],[90.427514,23.693247],[90.424454,23.695385],[90.432283,23.699778]]]},"id":"82","properties":{"Zone":"108","District":"Dhaka","CC_Upazila":"Dhaka South City Corporation","Area_Cal":234.02679173447143},"type":"Feature"},{"geometry":{"type":"Polygon","coordinates":[[[90.431982,23.880339],[90.434273,23.878721],[90.440699,23.879219],[90.441342,23.876714],[90.443569,23.876178],[90.442569,23.874468],[90.446188,23.871515],[90.446348,23.869323],[90.448665,23.869374],[90.449142,23.86782],[90.445539,23.867403],[90.444917,23.86996],[90.440626,23.870052],[90.44032,23.867287],[90.436653,23.867316],[90.436013,23.865292],[90.430072,23.867906],[90.428531,23.86747],[90.428169,23.865138],[90.421593,23.863947],[90.421387,23.865895],[90.419102,23.867597],[90.419946,23.869168],[90.41893,23.873741],[90.416189,23.874211],[90.416944,23.876667],[90.418167,23.876054],[90.419,23.878779],[90.431982,23.880339]]]},"id":"83","properties":{"Zone":"45","District":"Dhaka","CC_Upazila":"Dhaka North City Corporation","Area_Cal":904.2316758388546},"type":"Feature"},{"geometry":{"type":"MultiPolygon","coordinates":[[[[90.364395,23.709967],[90.361248,23.714028],[90.357895,23.729115],[90.353706,23.739413],[90.351315,23.740903],[90.351386,23.74328],[90.357525,23.744041],[90.359104,23.739523],[90.360858,23.739235],[90.362606,23.732505],[90.369761,23.724979],[90.367667,23.719585],[90.371003,23.718951],[90.369852,23.71707],[90.372595,23.715617],[90.369464,23.716535],[90.364395,23.709967]]],[[[90.357382,23.730301],[90.357381,23.730299],[90.357349,23.730383],[90.357382,23.730301]]]]},"id":"84","properties":{"Zone":"109","District":"Dhaka","CC_Upazila":"Dhaka South City Corporation","Area_Cal":688.6883238372934},"type":"Feature"},{"geometry":{"type":"Polygon","coordinates":[[[90.414491,23.885393],[90.421692,23.888169],[90.438281,23.900559],[90.445737,23.898679],[90.452241,23.895434],[90.457352,23.895277],[90.46005,23.891492],[90.460122,23.887197],[90.458709,23.885969],[90.459298,23.884292],[90.455707,23.875865],[90.450124,23.877165],[90.446913,23.875992],[90.44541,23.871318],[90.442569,23.874468],[90.443569,23.876178],[90.441342,23.876714],[90.440699,23.879219],[90.434273,23.878721],[90.432693,23.880344],[90.430339,23.880345],[90.419836,23.878303],[90.417888,23.880886],[90.415267,23.881288],[90.414491,23.885393]]]},"id":"85","properties":{"Zone":"46","District":"Dhaka","CC_Upazila":"Dhaka North City Corporation","Area_Cal":2042.8821831},"type":"Feature"},{"geometry":{"type":"Polygon","coordinates":[[[90.441596,23.700212],[90.443662,23.693254],[90.440111,23.6924],[90.439668,23.69395],[90.435867,23.695701],[90.435672,23.700362],[90.438695,23.701097],[90.43985,23.699406],[90.441596,23.700212]]]},"id":"86","properties":{"Zone":"106","District":"Dhaka","CC_Upazila":"Dhaka South City Corporation","Area_Cal":122.09357304427272},"type":"Feature"},{"geometry":{"type":"Polygon","coordinates":[[[90.449666,23.800713],[90.450919,23.803687],[90.449434,23.813064],[90.445142,23.816034],[90.439942,23.815026],[90.439357,23.817588],[90.447576,23.821271],[90.447918,23.828206],[90.449584,23.828724],[90.447585,23.830686],[90.461328,23.83382],[90.464935,23.850199],[90.466708,23.850982],[90.46572,23.853385],[90.46794,23.856375],[90.472372,23.858749],[90.471375,23.863115],[90.473135,23.864685],[90.475632,23.860179],[90.472667,23.842955],[90.478849,23.833788],[90.482507,23.830951],[90.481901,23.832328],[90.482945,23.833146],[90.486396,23.831581],[90.488359,23.826046],[90.486824,23.82307],[90.48655,23.818323],[90.479787,23.817756],[90.480364,23.812343],[90.468112,23.811461],[90.468967,23.809622],[90.468016,23.809253],[90.468201,23.805101],[90.463947,23.804754],[90.46221,23.806674],[90.458429,23.805363],[90.458863,23.801763],[90.449666,23.800713]]]},"id":"87","properties":{"Zone":"43","District":"Dhaka","CC_Upazila":"Dhaka North City Corporation","Area_Cal":3456.53029715},"type":"Feature"},{"geometry":{"type":"Polygon","coordinates":[[[90.434507,23.693446],[90.437105,23.695908],[90.440111,23.6924],[90.445935,23.693634],[90.446802,23.690038],[90.449301,23.690067],[90.447143,23.687277],[90.443415,23.686691],[90.443307,23.688255],[90.439139,23.689012],[90.43867,23.690613],[90.43727,23.690459],[90.434507,23.693446]]]},"id":"88","properties":{"Zone":"107","District":"Dhaka","CC_Upazila":"Dhaka South City Corporation","Area_Cal":165.0175736717035},"type":"Feature"},{"geometry":{"type":"MultiPolygon","coordinates":[[[[90.463406,23.845283],[90.460621,23.847272],[90.45757,23.845989],[90.456156,23.84807],[90.454216,23.847952],[90.454028,23.849261],[90.448251,23.849384],[90.447385,23.85253],[90.448185,23.85401],[90.446287,23.858559],[90.443392,23.860685],[90.440133,23.860795],[90.439007,23.857013],[90.433778,23.86394],[90.437202,23.865132],[90.436653,23.867316],[90.44032,23.867287],[90.440626,23.870052],[90.444917,23.86996],[90.445539,23.867403],[90.449142,23.86782],[90.448665,23.869374],[90.446348,23.869323],[90.446568,23.875702],[90.450124,23.877165],[90.455707,23.875865],[90.459956,23.884724],[90.462496,23.881867],[90.461093,23.878393],[90.463996,23.878274],[90.466128,23.872944],[90.469887,23.870092],[90.473135,23.864685],[90.471375,23.863115],[90.472372,23.858749],[90.46794,23.856375],[90.46572,23.853385],[90.466708,23.850982],[90.464969,23.850294],[90.463406,23.845283]]],[[[90.472003,23.866954],[90.472003,23.866954],[90.472003,23.866954],[90.472003,23.866954]]]]},"id":"89","properties":{"Zone":"44","District":"Dhaka","CC_Upazila":"Dhaka North City Corporation","Area_Cal":2120.8705599},"type":"Feature"},{"geometry":{"type":"Polygon","coordinates":[[[90.414284,23.862085],[90.419949,23.861814],[90.419967,23.857236],[90.422087,23.856776],[90.421612,23.852748],[90.423085,23.849401],[90.426427,23.84758],[90.431766,23.847586],[90.431761,23.844777],[90.437329,23.842693],[90.437671,23.836407],[90.434244,23.837508],[90.431267,23.836683],[90.418482,23.837817],[90.406674,23.853234],[90.406381,23.856199],[90.411239,23.855265],[90.412097,23.859176],[90.413809,23.859441],[90.414284,23.862085]]]},"id":"90","properties":{"Zone":"49","District":"Dhaka","CC_Upazila":"Dhaka North City Corporation","Area_Cal":1032.02270358},"type":"Feature"},{"geometry":{"type":"MultiPolygon","coordinates":[[[[90.406341,23.882087],[90.41114,23.882815],[90.411542,23.882902],[90.411633,23.882935],[90.411712,23.882968],[90.411633,23.882935],[90.412328,23.883287],[90.412352,23.883267],[90.413888,23.884368],[90.414586,23.885068],[90.415267,23.881288],[90.418482,23.880441],[90.419136,23.877717],[90.416026,23.874815],[90.419235,23.873156],[90.419946,23.869168],[90.419102,23.867597],[90.421387,23.865895],[90.421465,23.86441],[90.420231,23.864295],[90.421198,23.862119],[90.414847,23.861946],[90.413426,23.863672],[90.41339,23.867719],[90.415203,23.869584],[90.413306,23.869358],[90.412058,23.873733],[90.407941,23.874616],[90.407301,23.876485],[90.405973,23.876478],[90.406341,23.882087]],[[90.411861,23.883036],[90.411963,23.883085],[90.411963,23.883085],[90.411861,23.883036]],[[90.412182,23.883194],[90.412227,23.883222],[90.412182,23.883194],[90.412182,23.883194]]],[[[90.409445,23.88259],[90.409567,23.882624],[90.40951,23.882608],[90.409445,23.88259]]],[[[90.413733,23.884267],[90.413733,23.884267],[90.413733,23.884267],[90.413733,23.884267]]]]},"id":"91","properties":{"Zone":"47","District":"Dhaka","CC_Upazila":"Dhaka North City Corporation","Area_Cal":487.077595847374},"type":"Feature"},{"geometry":{"type":"Polygon","coordinates":[[[90.430103,23.86785],[90.434243,23.865249],[90.437454,23.866457],[90.437202,23.865132],[90.433778,23.86394],[90.438586,23.857198],[90.440063,23.858255],[90.440158,23.8608],[90.443392,23.860685],[90.446287,23.858559],[90.448185,23.85401],[90.447385,23.85253],[90.448251,23.849384],[90.454028,23.849261],[90.454216,23.847952],[90.456156,23.84807],[90.457774,23.845919],[90.462394,23.846822],[90.463437,23.845247],[90.461328,23.83382],[90.443994,23.830634],[90.441702,23.83321],[90.439439,23.83341],[90.439412,23.835097],[90.437576,23.836285],[90.437329,23.842693],[90.431761,23.844777],[90.431766,23.847586],[90.426427,23.84758],[90.423085,23.849401],[90.421612,23.852748],[90.422087,23.856776],[90.419967,23.857236],[90.419949,23.861814],[90.421198,23.862119],[90.420312,23.864595],[90.421702,23.863884],[90.428169,23.865138],[90.428531,23.86747],[90.430103,23.86785]]]},"id":"92","properties":{"Zone":"48","District":"Dhaka","CC_Upazila":"Dhaka North City Corporation","Area_Cal":2229.9587214},"type":"Feature"},{"geometry":{"type":"Polygon","coordinates":[[[90.461971,23.779659],[90.454191,23.781057],[90.443314,23.777903],[90.439508,23.783191],[90.441708,23.787147],[90.436745,23.786626],[90.434691,23.791543],[90.443145,23.791985],[90.440905,23.795649],[90.445595,23.800308],[90.458863,23.801763],[90.458429,23.805363],[90.462307,23.80666],[90.465122,23.801885],[90.466272,23.801878],[90.46705,23.795211],[90.46504,23.791863],[90.463746,23.783078],[90.461971,23.779659]]]},"id":"93","properties":{"Zone":"41","District":"Dhaka","CC_Upazila":"Dhaka North City Corporation","Area_Cal":1549.68651648},"type":"Feature"},{"geometry":{"type":"Polygon","coordinates":[[[90.467704,23.780197],[90.466769,23.78201],[90.463437,23.783461],[90.464689,23.790758],[90.46705,23.795211],[90.466272,23.801878],[90.465122,23.801885],[90.463835,23.804789],[90.468201,23.805101],[90.468016,23.809253],[90.468967,23.809622],[90.468112,23.811461],[90.480364,23.812343],[90.479787,23.817756],[90.483996,23.818702],[90.489043,23.817765],[90.489291,23.816323],[90.48617,23.815986],[90.485131,23.814395],[90.485373,23.807292],[90.481981,23.799576],[90.481169,23.79275],[90.475573,23.787135],[90.471054,23.784628],[90.471933,23.781614],[90.467704,23.780197]]]},"id":"94","properties":{"Zone":"42","District":"Dhaka","CC_Upazila":"Dhaka North City Corporation","Area_Cal":1332.51056802},"type":"Feature"},{"geometry":{"type":"MultiPolygon","coordinates":[[[[90.301346,23.949162],[90.301346,23.949162],[90.301346,23.949162],[90.301346,23.949162]]],[[[90.302802,23.94947],[90.302802,23.94947],[90.302802,23.94947],[90.302802,23.94947]]],[[[90.304025,23.949745],[90.304025,23.949745],[90.304025,23.949745],[90.304025,23.949745]]],[[[90.300281,23.951307],[90.300281,23.951307],[90.300281,23.951307],[90.300281,23.951307]]],[[[90.298126,23.960795],[90.298126,23.960795],[90.298126,23.960795],[90.298126,23.960795]]],[[[90.297963,23.961294],[90.297963,23.961294],[90.297963,23.961294],[90.297963,23.961294]]],[[[90.314975,23.950288],[90.314975,23.950288],[90.314975,23.950288],[90.314975,23.950288]]],[[[90.315195,23.950424],[90.315195,23.950424],[90.315195,23.950424],[90.315195,23.950424]]],[[[90.324764,23.956156],[90.324764,23.956156],[90.324764,23.956156],[90.324764,23.956156]]],[[[90.317487,23.956884],[90.317487,23.956884],[90.317487,23.956884],[90.317487,23.956884]]],[[[90.300169,23.949362],[90.300411,23.952652],[90.300225,23.954634],[90.297812,23.961874],[90.303837,23.964968],[90.312155,23.965921],[90.312858,23.9685],[90.310211,23.969853],[90.309025,23.97309],[90.313088,23.977791],[90.313538,23.980694],[90.322676,23.983021],[90.326965,23.980838],[90.32418,23.973384],[90.326212,23.972841],[90.326645,23.969172],[90.329007,23.968792],[90.330791,23.963441],[90.327385,23.955109],[90.324681,23.956362],[90.317366,23.957525],[90.317225,23.957456],[90.3183,23.955067],[90.319163,23.950553],[90.316747,23.951057],[90.309969,23.94944],[90.305572,23.950003],[90.300169,23.949362]]]]},"id":"95","properties":{"Zone":"218","District":"Gazipur","CC_Upazila":"Gazipur City Corporation","Area_Cal":1776.93386017},"type":"Feature"},{"geometry":{"type":"Polygon","coordinates":[[[90.444928,23.81604],[90.449434,23.813064],[90.450919,23.803687],[90.449337,23.801117],[90.445757,23.8004],[90.442764,23.797651],[90.423534,23.798731],[90.421928,23.806376],[90.422703,23.807377],[90.425575,23.807226],[90.435784,23.814661],[90.44171,23.81472],[90.444928,23.81604]]]},"id":"96","properties":{"Zone":"40","District":"Dhaka","CC_Upazila":"Dhaka North City Corporation","Area_Cal":1062.17290911},"type":"Feature"},{"geometry":{"type":"MultiPolygon","coordinates":[[[[90.331,23.951434],[90.331,23.951434],[90.331,23.951434],[90.331,23.951434]]],[[[90.32787,23.955134],[90.32787,23.955134],[90.32787,23.955134],[90.32787,23.955134]]],[[[90.329195,23.955165],[90.329195,23.955165],[90.329195,23.955165],[90.329195,23.955165]]],[[[90.329008,23.955169],[90.329008,23.955169],[90.329008,23.955169],[90.329008,23.955169]]],[[[90.328638,23.955195],[90.328638,23.955195],[90.328638,23.955195],[90.328638,23.955195]]],[[[90.328638,23.955195],[90.328638,23.955195],[90.328638,23.955195],[90.328638,23.955195]]],[[[90.335033,23.947883],[90.330717,23.950385],[90.331212,23.950936],[90.33142,23.953667],[90.331015,23.954535],[90.32941,23.955147],[90.329195,23.955165],[90.329008,23.955169],[90.328746,23.955173],[90.328638,23.955195],[90.32851,23.95519],[90.3283,23.955162],[90.328156,23.955172],[90.32787,23.955134],[90.327618,23.9551],[90.327385,23.955109],[90.330791,23.963441],[90.329007,23.968792],[90.326645,23.969172],[90.326212,23.972841],[90.32418,23.973384],[90.326965,23.980838],[90.322676,23.983021],[90.315143,23.981676],[90.314302,23.986221],[90.317053,23.989188],[90.313393,23.991389],[90.314127,23.993194],[90.312942,23.995893],[90.31396,23.997048],[90.320204,23.994999],[90.321675,23.992989],[90.327518,23.992232],[90.328232,23.989553],[90.32625,23.987903],[90.326429,23.985721],[90.338535,23.980172],[90.337698,23.975293],[90.334105,23.968267],[90.341724,23.957644],[90.34068,23.955735],[90.337146,23.955487],[90.336984,23.955391],[90.336724,23.955094],[90.336663,23.954989],[90.336425,23.954652],[90.336381,23.954573],[90.335619,23.954046],[90.338917,23.953133],[90.339704,23.950854],[90.33916,23.948715],[90.335033,23.947883]]],[[[90.334894,23.947931],[90.334894,23.947931],[90.334894,23.947931],[90.334894,23.947931]]],[[[90.331212,23.950936],[90.331212,23.950936],[90.331212,23.950936],[90.331212,23.950936]]],[[[90.331422,23.953842],[90.331422,23.953842],[90.331422,23.953842],[90.331422,23.953842]]],[[[90.336076,23.954291],[90.336076,23.954291],[90.336076,23.954291],[90.336076,23.954291]]],[[[90.336425,23.954652],[90.336425,23.954652],[90.336425,23.954652],[90.336425,23.954652]]],[[[90.336768,23.955138],[90.336768,23.955138],[90.336768,23.955138],[90.336768,23.955138]]],[[[90.339803,23.956025],[90.339803,23.956025],[90.339803,23.956025],[90.339803,23.956025]]]]},"id":"97","properties":{"Zone":"219","District":"Gazipur","CC_Upazila":"Gazipur City Corporation","Area_Cal":1319.8717873},"type":"Feature"},{"geometry":{"type":"MultiPolygon","coordinates":[[[[90.295632,23.961764],[90.295632,23.961764],[90.295632,23.961764],[90.295632,23.961764]]],[[[90.297517,23.961877],[90.297517,23.961877],[90.297517,23.961877],[90.297517,23.961877]]],[[[90.295959,23.961697],[90.286888,23.964273],[90.302954,23.976973],[90.312891,23.978019],[90.309025,23.97309],[90.310211,23.969853],[90.312858,23.9685],[90.312155,23.965921],[90.303905,23.964986],[90.299224,23.962429],[90.297812,23.961874],[90.295959,23.961697]]]]},"id":"99","properties":{"Zone":"217","District":"Gazipur","CC_Upazila":"Gazipur City Corporation","Area_Cal":623.5482379862109},"type":"Feature"},{"geometry":{"type":"Polygon","coordinates":[[[90.358759,23.762264],[90.358683,23.770002],[90.36229,23.77396],[90.364403,23.772213],[90.363633,23.770567],[90.365617,23.764246],[90.358759,23.762264]]]},"id":"100","properties":{"Zone":"29","District":"Dhaka","CC_Upazila":"Dhaka North City Corporation","Area_Cal":161.35898768705215},"type":"Feature"},{"geometry":{"type":"Polygon","coordinates":[[[90.365083,23.754255],[90.367464,23.752211],[90.366644,23.751707],[90.370734,23.744978],[90.367346,23.745017],[90.366861,23.743922],[90.365747,23.744835],[90.363356,23.742822],[90.358077,23.742359],[90.35406,23.748119],[90.357369,23.749274],[90.356303,23.751558],[90.356955,23.753997],[90.365829,23.751373],[90.363875,23.753072],[90.365083,23.754255]]]},"id":"101","properties":{"Zone":"34","District":"Dhaka","CC_Upazila":"Dhaka North City Corporation","Area_Cal":320.7050526583401},"type":"Feature"},{"geometry":{"type":"Polygon","coordinates":[[[90.409503,23.747938],[90.405662,23.74934],[90.394826,23.745792],[90.393841,23.747976],[90.402271,23.753661],[90.407781,23.760117],[90.409635,23.759391],[90.409977,23.756211],[90.408444,23.753408],[90.410273,23.752498],[90.410326,23.750796],[90.413243,23.750454],[90.409503,23.747938]]]},"id":"102","properties":{"Zone":"35","District":"Dhaka","CC_Upazila":"Dhaka North City Corporation","Area_Cal":295.84700353446607},"type":"Feature"},{"geometry":{"type":"Polygon","coordinates":[[[90.365522,23.774824],[90.375173,23.756917],[90.367464,23.752211],[90.363878,23.754972],[90.363778,23.757164],[90.367986,23.756948],[90.368175,23.758431],[90.363633,23.770567],[90.364403,23.772213],[90.36229,23.77396],[90.365522,23.774824]]]},"id":"103","properties":{"Zone":"32","District":"Dhaka","CC_Upazila":"Dhaka North City Corporation","Area_Cal":319.54968484466133},"type":"Feature"},{"geometry":{"type":"Polygon","coordinates":[[[90.351315,23.740903],[90.349697,23.741092],[90.339452,23.749704],[90.333213,23.749105],[90.329841,23.750753],[90.337697,23.760205],[90.340496,23.765893],[90.344021,23.768329],[90.344105,23.770375],[90.342505,23.77231],[90.344429,23.772353],[90.34825,23.763145],[90.349095,23.762202],[90.351656,23.762856],[90.352331,23.760751],[90.353366,23.762226],[90.351648,23.763074],[90.35504,23.763607],[90.354837,23.764808],[90.358311,23.766099],[90.360578,23.757901],[90.365939,23.751915],[90.363254,23.751438],[90.357061,23.754177],[90.356303,23.751558],[90.357369,23.749274],[90.35406,23.748119],[90.356917,23.743911],[90.351386,23.74328],[90.351315,23.740903]]]},"id":"104","properties":{"Zone":"33","District":"Dhaka","CC_Upazila":"Dhaka North City Corporation","Area_Cal":1333.73319433},"type":"Feature"},{"geometry":{"type":"Polygon","coordinates":[[[90.434701,23.791392],[90.436745,23.786626],[90.442058,23.786557],[90.44012,23.785009],[90.439386,23.782251],[90.431899,23.782354],[90.430782,23.779032],[90.425635,23.778758],[90.425148,23.789037],[90.434701,23.791392]]]},"id":"105","properties":{"Zone":"38","District":"Dhaka","CC_Upazila":"Dhaka North City Corporation","Area_Cal":341.28424863099974},"type":"Feature"},{"geometry":{"type":"Polygon","coordinates":[[[90.423534,23.798731],[90.431083,23.797557],[90.442642,23.797957],[90.440905,23.795649],[90.443145,23.791985],[90.435932,23.792051],[90.426076,23.789427],[90.425609,23.794628],[90.42436,23.794641],[90.423534,23.798731]]]},"id":"106","properties":{"Zone":"39","District":"Dhaka","CC_Upazila":"Dhaka North City Corporation","Area_Cal":334.9621453514781},"type":"Feature"},{"geometry":{"type":"Polygon","coordinates":[[[90.414955,23.761372],[90.413735,23.752808],[90.414573,23.752718],[90.413243,23.750454],[90.410326,23.750796],[90.410273,23.752498],[90.408444,23.753408],[90.409941,23.755795],[90.409635,23.759391],[90.407781,23.760117],[90.411662,23.764482],[90.412337,23.762464],[90.414955,23.761372]]]},"id":"107","properties":{"Zone":"36","District":"Dhaka","CC_Upazila":"Dhaka North City Corporation","Area_Cal":175.17524406495988},"type":"Feature"},{"geometry":{"type":"Polygon","coordinates":[[[90.431899,23.782354],[90.439621,23.782809],[90.443314,23.777903],[90.454191,23.781057],[90.461971,23.779659],[90.459253,23.776825],[90.459422,23.775591],[90.462,23.775953],[90.46207,23.774173],[90.456323,23.770472],[90.456624,23.768036],[90.454192,23.76835],[90.454044,23.766894],[90.452208,23.766703],[90.452296,23.761527],[90.454722,23.762262],[90.453595,23.76349],[90.454356,23.764126],[90.455498,23.762009],[90.454894,23.76103],[90.446085,23.760483],[90.445126,23.762158],[90.432915,23.76359],[90.423259,23.76801],[90.425541,23.772429],[90.425635,23.778758],[90.430782,23.779032],[90.431899,23.782354]]]},"id":"108","properties":{"Zone":"37","District":"Dhaka","CC_Upazila":"Dhaka North City Corporation","Area_Cal":1563.07178812},"type":"Feature"},{"geometry":{"type":"Polygon","coordinates":[[[90.490924,23.627085],[90.500034,23.624115],[90.507901,23.625725],[90.508917,23.627026],[90.510566,23.626377],[90.508636,23.622907],[90.504782,23.620932],[90.504339,23.619369],[90.496735,23.619386],[90.497848,23.615541],[90.493611,23.610195],[90.493771,23.608918],[90.489916,23.622253],[90.490047,23.623454],[90.49138,23.622561],[90.490924,23.627085]]]},"id":"109","properties":{"Zone":"166","District":"Narayanganj","CC_Upazila":"Narayanganj City Corporation","Area_Cal":384.2352095269724},"type":"Feature"},{"geometry":{"type":"Polygon","coordinates":[[[90.496661,23.619207],[90.503259,23.619349],[90.503429,23.617084],[90.497468,23.615067],[90.496661,23.619207]]]},"id":"110","properties":{"Zone":"167","District":"Narayanganj","CC_Upazila":"Narayanganj City Corporation","Area_Cal":57.482737465260186},"type":"Feature"},{"geometry":{"type":"Polygon","coordinates":[[[90.504495,23.637825],[90.506672,23.635104],[90.515691,23.633937],[90.513776,23.629867],[90.511645,23.628327],[90.508959,23.628983],[90.509014,23.630646],[90.502679,23.632968],[90.504495,23.637825]]]},"id":"111","properties":{"Zone":"164","District":"Narayanganj","CC_Upazila":"Narayanganj City Corporation","Area_Cal":159.63704383973564},"type":"Feature"},{"geometry":{"type":"Polygon","coordinates":[[[90.498511,23.639246],[90.502996,23.635814],[90.502679,23.632968],[90.509014,23.630646],[90.508959,23.628983],[90.511687,23.628298],[90.510646,23.626309],[90.508917,23.627026],[90.507901,23.625725],[90.499571,23.624122],[90.490924,23.627085],[90.492541,23.630062],[90.49585,23.630985],[90.49451,23.634188],[90.495641,23.6365],[90.49488,23.638643],[90.498511,23.639246]]]},"id":"112","properties":{"Zone":"165","District":"Narayanganj","CC_Upazila":"Narayanganj City Corporation","Area_Cal":452.23567841532105},"type":"Feature"},{"geometry":{"type":"Polygon","coordinates":[[[90.354005,23.776065],[90.361592,23.777489],[90.365522,23.774824],[90.360951,23.773491],[90.35863,23.769852],[90.358177,23.765599],[90.351648,23.763074],[90.353366,23.762226],[90.353015,23.760688],[90.351656,23.762856],[90.349095,23.762202],[90.34825,23.763145],[90.344401,23.772741],[90.349126,23.776339],[90.350456,23.776067],[90.351249,23.778861],[90.354005,23.776065]]]},"id":"113","properties":{"Zone":"30","District":"Dhaka","CC_Upazila":"Dhaka North City Corporation","Area_Cal":513.8491773203912},"type":"Feature"},{"geometry":{"type":"Polygon","coordinates":[[[90.365617,23.764246],[90.367986,23.756948],[90.363778,23.757164],[90.364323,23.755523],[90.364218,23.75534],[90.363878,23.754972],[90.360578,23.757901],[90.358822,23.76227],[90.365617,23.764246]]]},"id":"114","properties":{"Zone":"31","District":"Dhaka","CC_Upazila":"Dhaka North City Corporation","Area_Cal":138.17045893023055},"type":"Feature"},{"geometry":{"type":"Polygon","coordinates":[[[90.506534,23.621602],[90.506732,23.620091],[90.509114,23.61979],[90.5078,23.606593],[90.501144,23.607029],[90.501349,23.61672],[90.503429,23.617084],[90.503259,23.619349],[90.506534,23.621602]]]},"id":"115","properties":{"Zone":"168","District":"Narayanganj","CC_Upazila":"Narayanganj City Corporation","Area_Cal":249.9382206832943},"type":"Feature"},{"geometry":{"type":"Polygon","coordinates":[[[90.500341,23.616732],[90.501679,23.615808],[90.50126,23.610553],[90.49384,23.608714],[90.493611,23.610195],[90.496858,23.614341],[90.499609,23.615117],[90.498994,23.615848],[90.500341,23.616732]]]},"id":"116","properties":{"Zone":"169","District":"Narayanganj","CC_Upazila":"Narayanganj City Corporation","Area_Cal":102.21304756980437},"type":"Feature"},{"geometry":{"type":"Polygon","coordinates":[[[90.494325,23.678867],[90.500765,23.678431],[90.500613,23.676574],[90.508409,23.676006],[90.508558,23.6694],[90.506206,23.669464],[90.504214,23.665463],[90.503743,23.651679],[90.500016,23.653202],[90.48833,23.652909],[90.487086,23.655126],[90.481415,23.656318],[90.482467,23.6682],[90.487569,23.667288],[90.487232,23.669132],[90.489053,23.671485],[90.488438,23.673687],[90.491046,23.677604],[90.494325,23.678867]]]},"id":"117","properties":{"Zone":"162","District":"Narayanganj","CC_Upazila":"Narayanganj City Corporation","Area_Cal":1392.2919232},"type":"Feature"},{"geometry":{"type":"Polygon","coordinates":[[[90.516978,23.658131],[90.521743,23.657827],[90.51914,23.634246],[90.509564,23.634667],[90.507693,23.635453],[90.508102,23.636516],[90.510732,23.636751],[90.510945,23.639194],[90.512447,23.639222],[90.51516,23.647882],[90.517235,23.650413],[90.517188,23.651549],[90.515315,23.651889],[90.515448,23.656708],[90.516978,23.658131]]]},"id":"118","properties":{"Zone":"163","District":"Narayanganj","CC_Upazila":"Narayanganj City Corporation","Area_Cal":428.81030853470355},"type":"Feature"},{"geometry":{"type":"Polygon","coordinates":[[[90.507618,23.67722],[90.516629,23.677758],[90.518471,23.673407],[90.51308,23.662143],[90.513004,23.663136],[90.507503,23.662835],[90.504206,23.664125],[90.506185,23.669438],[90.508558,23.6694],[90.507618,23.67722]]]},"id":"119","properties":{"Zone":"160","District":"Narayanganj","CC_Upazila":"Narayanganj City Corporation","Area_Cal":395.28181880200884},"type":"Feature"},{"geometry":{"type":"Polygon","coordinates":[[[90.504308,23.664114],[90.507503,23.662835],[90.513004,23.663136],[90.513768,23.661461],[90.519617,23.661197],[90.518471,23.657902],[90.516818,23.658157],[90.515448,23.656708],[90.515315,23.651889],[90.517188,23.651549],[90.517247,23.65047],[90.51516,23.647882],[90.512447,23.639222],[90.505012,23.640694],[90.504973,23.648208],[90.501082,23.649955],[90.501428,23.652421],[90.503743,23.651679],[90.504308,23.664114]]]},"id":"120","properties":{"Zone":"161","District":"Narayanganj","CC_Upazila":"Narayanganj City Corporation","Area_Cal":772.87768926784},"type":"Feature"},{"geometry":{"type":"Polygon","coordinates":[[[90.549374,23.885274],[90.549096,23.887145],[90.544966,23.887064],[90.54307,23.888331],[90.54331,23.88656],[90.537936,23.88859],[90.534279,23.887137],[90.533035,23.891951],[90.531474,23.890804],[90.530254,23.89338],[90.527787,23.893919],[90.527257,23.896889],[90.525676,23.896514],[90.527283,23.892795],[90.52628,23.890394],[90.523081,23.892252],[90.518648,23.890714],[90.518011,23.891437],[90.522173,23.901279],[90.521005,23.906439],[90.522703,23.906702],[90.518086,23.908947],[90.520011,23.912834],[90.519944,23.918583],[90.512542,23.927467],[90.514529,23.942139],[90.513339,23.952962],[90.516214,23.953135],[90.522302,23.956384],[90.525057,23.955801],[90.523411,23.952446],[90.524979,23.950216],[90.523265,23.947005],[90.524568,23.943666],[90.529261,23.944564],[90.532978,23.941101],[90.538684,23.940932],[90.539829,23.936093],[90.543996,23.934128],[90.54462,23.9285],[90.556101,23.920802],[90.559221,23.916798],[90.561996,23.903432],[90.570668,23.894989],[90.56884,23.894068],[90.562588,23.89465],[90.562285,23.891885],[90.557558,23.893232],[90.555659,23.890291],[90.554035,23.890237],[90.554964,23.889347],[90.554215,23.88607],[90.551031,23.885921],[90.550779,23.886797],[90.549374,23.885274]]]},"id":"121","properties":{"Zone":"274","District":"Gazipur","CC_Upazila":"Kaliganj","Area_Cal":5878.74684064},"type":"Feature"},{"geometry":{"type":"Polygon","coordinates":[[[90.597485,23.881294],[90.592139,23.882457],[90.592594,23.884387],[90.588782,23.888655],[90.579898,23.88973],[90.568685,23.896122],[90.562322,23.902813],[90.560391,23.911095],[90.564536,23.911461],[90.570368,23.915282],[90.575998,23.916594],[90.592626,23.914448],[90.610295,23.921772],[90.612017,23.920737],[90.613462,23.921574],[90.615851,23.918987],[90.620313,23.917258],[90.625319,23.916425],[90.625378,23.90712],[90.620522,23.906033],[90.619897,23.906967],[90.619287,23.905477],[90.614743,23.904783],[90.614366,23.900765],[90.615819,23.898421],[90.609429,23.896531],[90.611785,23.892193],[90.610736,23.889909],[90.612529,23.888468],[90.612594,23.886265],[90.607162,23.88324],[90.604939,23.885563],[90.604595,23.889234],[90.603072,23.88979],[90.599822,23.888284],[90.599358,23.881995],[90.597485,23.881294]]]},"id":"122","properties":{"Zone":"275","District":"Narsingdi","CC_Upazila":"Palash","Area_Cal":4247.28553383},"type":"Feature"},{"geometry":{"type":"Polygon","coordinates":[[[90.616892,23.93996],[90.614102,23.928094],[90.60583,23.920084],[90.592626,23.914448],[90.575998,23.916594],[90.570368,23.915282],[90.564536,23.911461],[90.560391,23.911095],[90.558943,23.917199],[90.556101,23.920802],[90.54462,23.9285],[90.544192,23.933638],[90.542498,23.935332],[90.543283,23.937369],[90.546266,23.93787],[90.544898,23.940099],[90.547571,23.940883],[90.546441,23.943538],[90.549629,23.944183],[90.551054,23.943281],[90.551811,23.945397],[90.555506,23.944615],[90.554737,23.942858],[90.557226,23.944927],[90.566376,23.94348],[90.569965,23.944633],[90.57047,23.942496],[90.573551,23.939998],[90.572787,23.944329],[90.57717,23.944187],[90.577689,23.940886],[90.58033,23.941154],[90.580552,23.939356],[90.58438,23.941343],[90.59188,23.94181],[90.593476,23.943387],[90.594796,23.942238],[90.593585,23.942154],[90.593178,23.94052],[90.599065,23.939168],[90.601006,23.941924],[90.59876,23.942511],[90.598303,23.944113],[90.596309,23.944126],[90.597832,23.946853],[90.596649,23.948845],[90.597688,23.949407],[90.599458,23.945412],[90.605765,23.947611],[90.607889,23.946473],[90.60886,23.944074],[90.610961,23.943726],[90.611372,23.940533],[90.616892,23.93996]]]},"id":"123","properties":{"Zone":"272","District":"Gazipur","CC_Upazila":"Kaliganj","Area_Cal":4914.54906037},"type":"Feature"},{"geometry":{"type":"Polygon","coordinates":[[[90.51315,23.935036],[90.512617,23.927256],[90.519944,23.918583],[90.520011,23.912834],[90.518059,23.909022],[90.522703,23.906702],[90.521005,23.906439],[90.522173,23.901279],[90.518014,23.891967],[90.518889,23.889271],[90.516962,23.887781],[90.520816,23.883369],[90.521069,23.877382],[90.518823,23.875548],[90.516036,23.876238],[90.511872,23.874576],[90.505261,23.874842],[90.505819,23.870371],[90.504671,23.864905],[90.50248,23.862093],[90.502272,23.857901],[90.491376,23.853383],[90.490575,23.851234],[90.487551,23.850482],[90.487555,23.848693],[90.483682,23.847078],[90.475772,23.847908],[90.473428,23.849246],[90.475483,23.861847],[90.469887,23.870092],[90.466128,23.872944],[90.463996,23.878274],[90.461093,23.878393],[90.462496,23.881867],[90.461509,23.88374],[90.472124,23.890697],[90.474741,23.895083],[90.474446,23.89716],[90.481302,23.899183],[90.482382,23.909964],[90.489844,23.913946],[90.493486,23.918319],[90.493871,23.922292],[90.489641,23.926472],[90.491283,23.927717],[90.489631,23.933951],[90.490546,23.934967],[90.494169,23.936461],[90.493975,23.938358],[90.496278,23.93902],[90.500234,23.937412],[90.500892,23.938982],[90.503215,23.938748],[90.51315,23.935036]]]},"id":"124","properties":{"Zone":"273","District":"Gazipur","CC_Upazila":"Kaliganj","Area_Cal":8654.01863376},"type":"Feature"},{"geometry":{"type":"Polygon","coordinates":[[[90.406182,23.882147],[90.393926,23.880775],[90.392581,23.88874],[90.395313,23.888457],[90.396514,23.890368],[90.399327,23.891107],[90.402273,23.890575],[90.401487,23.889397],[90.402598,23.889451],[90.40239,23.887617],[90.404057,23.888493],[90.404722,23.887559],[90.40265,23.886942],[90.402979,23.885641],[90.405655,23.884205],[90.40507,23.882399],[90.406182,23.882147]]]},"id":"125","properties":{"Zone":"270","District":"Gazipur","CC_Upazila":"Gazipur City Corporation","Area_Cal":251.3737903646095},"type":"Feature"},{"geometry":{"type":"Polygon","coordinates":[[[90.438676,24.012257],[90.436774,24.019395],[90.437472,24.023221],[90.444572,24.030873],[90.446701,24.031006],[90.447538,24.033875],[90.448932,24.033328],[90.447856,24.030859],[90.45279,24.02877],[90.454966,24.024404],[90.459971,24.018876],[90.464668,24.019166],[90.46547,24.021467],[90.46691,24.021399],[90.469013,24.018143],[90.470827,24.019562],[90.470855,24.016019],[90.479535,24.012866],[90.489602,24.014809],[90.489519,24.019906],[90.492366,24.027695],[90.492528,24.02228],[90.494755,24.015073],[90.489779,24.014398],[90.490646,24.010851],[90.492877,24.007795],[90.495155,24.007688],[90.498328,23.997759],[90.502687,23.993169],[90.494095,23.987302],[90.496084,23.986303],[90.498531,23.986949],[90.50609,23.976567],[90.51058,23.975579],[90.514894,23.966887],[90.513914,23.964642],[90.509282,23.962221],[90.506322,23.964932],[90.50038,23.965671],[90.491901,23.96443],[90.490392,23.961359],[90.503501,23.962077],[90.507225,23.960122],[90.514134,23.958929],[90.513167,23.950851],[90.514529,23.942139],[90.513247,23.935091],[90.502611,23.938883],[90.500892,23.938982],[90.500234,23.937412],[90.496851,23.939013],[90.49343,23.938108],[90.486817,23.945278],[90.482793,23.943659],[90.47888,23.947183],[90.475526,23.947656],[90.478389,23.951849],[90.480275,23.951533],[90.479735,23.954481],[90.483132,23.956911],[90.478694,23.959616],[90.476033,23.959658],[90.477479,23.964052],[90.474745,23.967767],[90.471138,23.965178],[90.473035,23.961111],[90.467099,23.960239],[90.464893,23.958612],[90.460707,23.959161],[90.458861,23.962022],[90.461259,23.961502],[90.460046,23.964523],[90.461257,23.96701],[90.465054,23.969124],[90.466225,23.972727],[90.463481,23.974017],[90.462693,23.978287],[90.452369,23.981524],[90.450243,23.992118],[90.451334,23.99544],[90.449186,23.997762],[90.447688,24.004204],[90.441981,24.006886],[90.438676,24.012257]]]},"id":"126","properties":{"Zone":"271","District":"Gazipur","CC_Upazila":"Gazipur Sadar","Area_Cal":10175.3883573},"type":"Feature"},{"geometry":{"type":"Polygon","coordinates":[[[90.50275,23.67637],[90.500613,23.676574],[90.500765,23.678431],[90.494325,23.678867],[90.492075,23.677721],[90.491842,23.680276],[90.493521,23.681296],[90.491392,23.685131],[90.491952,23.687538],[90.490972,23.689113],[90.487176,23.688737],[90.485114,23.691243],[90.482759,23.689982],[90.482576,23.692163],[90.481054,23.691964],[90.479917,23.69364],[90.498867,23.695766],[90.502683,23.685839],[90.50275,23.67637]]]},"id":"127","properties":{"Zone":"155","District":"Narayanganj","CC_Upazila":"Narayanganj City Corporation","Area_Cal":596.5644849935886},"type":"Feature"},{"geometry":{"type":"Polygon","coordinates":[[[90.480164,23.693645],[90.488842,23.696597],[90.489708,23.698956],[90.492275,23.699709],[90.492712,23.702094],[90.500603,23.702299],[90.502551,23.706446],[90.508336,23.699179],[90.506767,23.699003],[90.506466,23.696356],[90.505326,23.696036],[90.497487,23.696333],[90.480164,23.693645]]]},"id":"128","properties":{"Zone":"156","District":"Narayanganj","CC_Upazila":"Narayanganj City Corporation","Area_Cal":372.20051093199226},"type":"Feature"},{"geometry":{"type":"MultiPolygon","coordinates":[[[[90.43386,23.610842],[90.430193,23.608605],[90.420076,23.620354],[90.402796,23.636522],[90.40431,23.643448],[90.406747,23.64429],[90.406379,23.64834],[90.411603,23.652836],[90.419278,23.655276],[90.420989,23.65755],[90.42067,23.66046],[90.42277,23.661131],[90.421907,23.664573],[90.423446,23.662946],[90.424167,23.664348],[90.426091,23.662797],[90.428076,23.667632],[90.431783,23.669693],[90.431212,23.675933],[90.430011,23.6766],[90.431764,23.682729],[90.42668,23.687298],[90.427213,23.688664],[90.43882,23.680468],[90.445266,23.673969],[90.468236,23.647311],[90.47288,23.63961],[90.470596,23.63367],[90.465151,23.632895],[90.451845,23.627767],[90.450507,23.63013],[90.438973,23.62661],[90.432362,23.615214],[90.43386,23.610842]]],[[[90.450519,23.667982],[90.450525,23.667988],[90.450526,23.667987],[90.450519,23.667982]]]]},"id":"129","properties":{"Zone":"153","District":"Dhaka","CC_Upazila":"Keraniganj","Area_Cal":6956.10982146},"type":"Feature"},{"geometry":{"type":"Polygon","coordinates":[[[90.508171,23.699194],[90.513,23.690992],[90.515067,23.69011],[90.51497,23.688538],[90.513575,23.68853],[90.517413,23.675098],[90.516629,23.677758],[90.508018,23.677471],[90.507737,23.675995],[90.502803,23.67636],[90.502683,23.685839],[90.4989,23.695675],[90.506466,23.696356],[90.506295,23.698446],[90.508171,23.699194]]]},"id":"130","properties":{"Zone":"154","District":"Narayanganj","CC_Upazila":"Narayanganj City Corporation","Area_Cal":716.2170734533605},"type":"Feature"},{"geometry":{"type":"Polygon","coordinates":[[[90.530311,23.682183],[90.532122,23.678449],[90.5296,23.678619],[90.530229,23.674985],[90.533182,23.674392],[90.53123,23.669076],[90.524204,23.663384],[90.521743,23.657827],[90.518473,23.657907],[90.519617,23.661197],[90.51308,23.662143],[90.518382,23.672951],[90.517209,23.67813],[90.527144,23.678572],[90.526909,23.682169],[90.530311,23.682183]]]},"id":"131","properties":{"Zone":"159","District":"Narayanganj","CC_Upazila":"Narayanganj City Corporation","Area_Cal":684.6244916334678},"type":"Feature"},{"geometry":{"type":"Polygon","coordinates":[[[90.502957,23.706646],[90.514865,23.709493],[90.522737,23.699011],[90.527995,23.68621],[90.52527,23.685371],[90.523252,23.689711],[90.522072,23.688166],[90.514032,23.686716],[90.513575,23.68853],[90.51497,23.688538],[90.515067,23.69011],[90.513,23.690992],[90.512047,23.693983],[90.502957,23.706646]]]},"id":"132","properties":{"Zone":"157","District":"Narayanganj","CC_Upazila":"Narayanganj City Corporation","Area_Cal":759.0184050893475},"type":"Feature"},{"geometry":{"type":"Polygon","coordinates":[[[90.523298,23.689612],[90.52527,23.685371],[90.527995,23.68621],[90.53025,23.682292],[90.526909,23.682169],[90.527144,23.678572],[90.517074,23.678126],[90.514032,23.686716],[90.522072,23.688166],[90.523298,23.689612]]]},"id":"133","properties":{"Zone":"158","District":"Narayanganj","CC_Upazila":"Narayanganj City Corporation","Area_Cal":313.228908399813},"type":"Feature"},{"geometry":{"type":"MultiPolygon","coordinates":[[[[90.429957,23.667936],[90.426297,23.668523],[90.42494,23.673617],[90.423024,23.674194],[90.422403,23.676472],[90.420049,23.67491],[90.419091,23.676924],[90.418841,23.675066],[90.416774,23.673478],[90.415499,23.675543],[90.409164,23.678534],[90.400667,23.675925],[90.398792,23.672274],[90.4001,23.669221],[90.39662,23.669296],[90.393064,23.671657],[90.394475,23.67223],[90.394326,23.673789],[90.392375,23.674515],[90.39015,23.673611],[90.388991,23.678187],[90.38327,23.67882],[90.383826,23.680696],[90.381683,23.681791],[90.373633,23.680523],[90.371779,23.681731],[90.370113,23.680663],[90.367596,23.683334],[90.367726,23.685875],[90.374682,23.690217],[90.375493,23.688853],[90.38166,23.687451],[90.380182,23.690422],[90.384282,23.691129],[90.385182,23.695494],[90.3943,23.698856],[90.398846,23.694899],[90.397709,23.693442],[90.400056,23.692811],[90.397501,23.690029],[90.397611,23.688882],[90.400644,23.690646],[90.401545,23.68895],[90.404547,23.689984],[90.404386,23.692669],[90.406909,23.69407],[90.404593,23.695457],[90.404939,23.697776],[90.408854,23.699699],[90.404863,23.703212],[90.408155,23.706177],[90.416945,23.699936],[90.420594,23.695712],[90.425626,23.690784],[90.427214,23.688666],[90.42668,23.687298],[90.431764,23.682729],[90.430011,23.6766],[90.431212,23.675933],[90.431783,23.669693],[90.429957,23.667936]],[[90.41755,23.699159],[90.417712,23.698939],[90.41755,23.699159],[90.41755,23.699159]]],[[[90.423984,23.692478],[90.424027,23.692437],[90.423949,23.692508],[90.423984,23.692478]]]]},"id":"134","properties":{"Zone":"151","District":"Dhaka","CC_Upazila":"Keraniganj","Area_Cal":3159.77922487},"type":"Feature"},{"geometry":{"type":"Polygon","coordinates":[[[90.428076,23.667632],[90.426091,23.662797],[90.424167,23.664348],[90.423446,23.662946],[90.421907,23.664573],[90.42277,23.661131],[90.42067,23.66046],[90.420989,23.65755],[90.419374,23.65536],[90.411603,23.652836],[90.406379,23.64834],[90.406747,23.64429],[90.40431,23.643448],[90.40285,23.636588],[90.395761,23.641553],[90.390684,23.649746],[90.368256,23.652653],[90.363527,23.65718],[90.354329,23.661208],[90.350535,23.665275],[90.351033,23.669014],[90.35575,23.667832],[90.35763,23.673852],[90.360112,23.674708],[90.363749,23.673556],[90.364319,23.677389],[90.366553,23.675958],[90.366896,23.673246],[90.369224,23.676204],[90.370052,23.67426],[90.372654,23.676534],[90.374766,23.674631],[90.376185,23.676449],[90.376997,23.67417],[90.378557,23.674973],[90.379843,23.673416],[90.383986,23.676871],[90.38444,23.675135],[90.387319,23.678315],[90.389091,23.678119],[90.39015,23.673611],[90.392375,23.674515],[90.394326,23.673789],[90.394475,23.67223],[90.393059,23.671783],[90.394166,23.670145],[90.399179,23.668926],[90.400104,23.66963],[90.398792,23.672274],[90.400954,23.676058],[90.409164,23.678534],[90.415499,23.675543],[90.416774,23.673478],[90.418841,23.675066],[90.419091,23.676924],[90.420049,23.67491],[90.422403,23.676472],[90.423024,23.674194],[90.42494,23.673617],[90.426297,23.668523],[90.428076,23.667632]]]},"id":"135","properties":{"Zone":"152","District":"Dhaka","CC_Upazila":"Keraniganj","Area_Cal":4698.51587349},"type":"Feature"},{"geometry":{"type":"MultiPolygon","coordinates":[[[[90.347861,23.897483],[90.347861,23.897483],[90.347861,23.897483],[90.347861,23.897483]]],[[[90.347554,23.897941],[90.347554,23.897941],[90.347554,23.897941],[90.347554,23.897941]]],[[[90.345865,23.899945],[90.345865,23.899945],[90.345865,23.899945],[90.345865,23.899945]]],[[[90.345279,23.900655],[90.345279,23.900655],[90.345279,23.900655],[90.345279,23.900655]]],[[[90.345258,23.900723],[90.345258,23.900723],[90.345258,23.900723],[90.345258,23.900723]]],[[[90.344566,23.90212],[90.344566,23.90212],[90.344566,23.90212],[90.344566,23.90212]]],[[[90.347771,23.911567],[90.347771,23.911567],[90.347771,23.911567],[90.347771,23.911567]]],[[[90.352409,23.877852],[90.352409,23.877852],[90.352409,23.877852],[90.352409,23.877852]]],[[[90.357932,23.882702],[90.357932,23.882702],[90.357932,23.882702],[90.357932,23.882702]]],[[[90.349947,23.884157],[90.349947,23.884157],[90.349947,23.884157],[90.349947,23.884157]]],[[[90.350229,23.886252],[90.350229,23.886252],[90.350229,23.886252],[90.350229,23.886252]]],[[[90.349953,23.889743],[90.349953,23.889743],[90.349953,23.889743],[90.349953,23.889743]]],[[[90.351753,23.879528],[90.351885,23.881914],[90.349788,23.883411],[90.350257,23.88518],[90.350156,23.889081],[90.34834,23.896625],[90.348191,23.896975],[90.348,23.897248],[90.347861,23.897483],[90.347733,23.897668],[90.347554,23.897941],[90.347533,23.89797],[90.345279,23.900655],[90.345258,23.900723],[90.345041,23.901019],[90.344801,23.901474],[90.34449,23.902369],[90.347771,23.911567],[90.348699,23.922863],[90.354013,23.923562],[90.355286,23.922822],[90.355691,23.918464],[90.356877,23.917597],[90.365665,23.917914],[90.368378,23.914364],[90.369274,23.915243],[90.371207,23.914336],[90.371469,23.915692],[90.370326,23.915405],[90.369136,23.916995],[90.37289,23.918964],[90.373608,23.916215],[90.37261,23.912976],[90.375933,23.913682],[90.377105,23.91182],[90.376441,23.910626],[90.378468,23.90965],[90.377776,23.908242],[90.379256,23.906536],[90.379012,23.903322],[90.380682,23.903354],[90.378835,23.899812],[90.37434,23.896591],[90.359693,23.893275],[90.356957,23.889141],[90.358191,23.883106],[90.353073,23.878176],[90.351753,23.879528]]]]},"id":"136","properties":{"Zone":"265","District":"Gazipur","CC_Upazila":"Gazipur City Corporation","Area_Cal":2335.51936289},"type":"Feature"},{"geometry":{"type":"Polygon","coordinates":[[[90.339372,23.744727],[90.338774,23.741119],[90.340871,23.736252],[90.33263,23.735063],[90.325849,23.729718],[90.325249,23.725129],[90.326596,23.723464],[90.324424,23.720709],[90.315434,23.71756],[90.312274,23.719285],[90.308616,23.719445],[90.308777,23.723564],[90.302592,23.720827],[90.301744,23.724927],[90.299821,23.725627],[90.299202,23.723698],[90.29796,23.726449],[90.295487,23.72664],[90.294619,23.729386],[90.295502,23.732378],[90.292214,23.734523],[90.291994,23.738422],[90.290214,23.739926],[90.290646,23.74199],[90.288797,23.739068],[90.286824,23.739265],[90.285696,23.741436],[90.28225,23.74142],[90.282065,23.744228],[90.278168,23.7444],[90.276852,23.74618],[90.282068,23.751542],[90.286306,23.749822],[90.289047,23.766534],[90.291227,23.768429],[90.290809,23.770024],[90.301141,23.773472],[90.310827,23.773615],[90.313447,23.770278],[90.311245,23.759057],[90.318778,23.746741],[90.326111,23.742807],[90.33086,23.744272],[90.333595,23.742827],[90.33763,23.746145],[90.339372,23.744727]]]},"id":"137","properties":{"Zone":"150","District":"Dhaka","CC_Upazila":"Keraniganj","Area_Cal":4732.17133026},"type":"Feature"},{"geometry":{"type":"Polygon","coordinates":[[[90.398358,23.930338],[90.403234,23.92974],[90.403819,23.927679],[90.399424,23.925272],[90.39714,23.917227],[90.394645,23.916416],[90.392582,23.920467],[90.388103,23.919664],[90.387692,23.925032],[90.391763,23.925682],[90.391947,23.927672],[90.396796,23.928336],[90.398358,23.930338]]]},"id":"139","properties":{"Zone":"263","District":"Gazipur","CC_Upazila":"Gazipur City Corporation","Area_Cal":303.26888235413594},"type":"Feature"},{"geometry":{"type":"Polygon","coordinates":[[[90.373588,23.930576],[90.374354,23.928808],[90.373451,23.925601],[90.372203,23.925677],[90.37313,23.926528],[90.372386,23.927209],[90.368713,23.927233],[90.37014,23.925138],[90.367931,23.923672],[90.370213,23.922521],[90.370988,23.924638],[90.37235,23.923151],[90.373734,23.92458],[90.373652,23.923086],[90.374513,23.924398],[90.375823,23.923533],[90.375556,23.924772],[90.37664,23.925033],[90.376955,23.923194],[90.377381,23.925282],[90.379809,23.923994],[90.386914,23.925376],[90.388104,23.919658],[90.387133,23.918396],[90.385675,23.91964],[90.382838,23.918846],[90.38232,23.920041],[90.381936,23.919974],[90.382523,23.918818],[90.381396,23.91815],[90.381318,23.91957],[90.379828,23.919352],[90.378299,23.915667],[90.380393,23.915238],[90.378185,23.91542],[90.377877,23.91396],[90.376784,23.914609],[90.375412,23.913327],[90.374616,23.914006],[90.374018,23.912605],[90.372593,23.913028],[90.373608,23.916215],[90.37289,23.918964],[90.369136,23.916995],[90.370326,23.915405],[90.371469,23.915692],[90.370233,23.914123],[90.369274,23.915243],[90.367959,23.914637],[90.365665,23.917914],[90.358121,23.916892],[90.355691,23.918464],[90.355251,23.921876],[90.358107,23.923311],[90.361199,23.927307],[90.366293,23.926325],[90.368582,23.927242],[90.368184,23.929134],[90.373001,23.929103],[90.373588,23.930576]]]},"id":"140","properties":{"Zone":"264","District":"Gazipur","CC_Upazila":"Gazipur City Corporation","Area_Cal":728.1516822601378},"type":"Feature"},{"geometry":{"type":"Polygon","coordinates":[[[90.407648,23.898885],[90.406313,23.882348],[90.405276,23.882356],[90.405655,23.884205],[90.40265,23.886942],[90.404624,23.88789],[90.402463,23.887564],[90.402598,23.889451],[90.401487,23.889397],[90.405351,23.892544],[90.403614,23.897294],[90.407648,23.898885]]]},"id":"141","properties":{"Zone":"269","District":"Gazipur","CC_Upazila":"Gazipur City Corporation","Area_Cal":142.0902506656877},"type":"Feature"},{"geometry":{"type":"Polygon","coordinates":[[[90.392635,23.92032],[90.396749,23.91032],[90.399122,23.909931],[90.400052,23.902102],[90.403083,23.900941],[90.40277,23.899592],[90.400977,23.899443],[90.400038,23.901679],[90.392808,23.901505],[90.391889,23.905607],[90.38981,23.904673],[90.388135,23.905682],[90.387955,23.906922],[90.389848,23.906507],[90.390324,23.908246],[90.389469,23.910975],[90.38713,23.909146],[90.385131,23.909899],[90.383833,23.915592],[90.385863,23.916298],[90.387305,23.919525],[90.392635,23.92032]]]},"id":"142","properties":{"Zone":"267","District":"Gazipur","CC_Upazila":"Gazipur City Corporation","Area_Cal":498.7986092546966},"type":"Feature"},{"geometry":{"type":"Polygon","coordinates":[[[90.394406,23.888435],[90.392581,23.88874],[90.389997,23.891546],[90.386186,23.897553],[90.395734,23.901152],[90.400499,23.901478],[90.400977,23.899443],[90.402439,23.899913],[90.404375,23.898172],[90.403482,23.896715],[90.405351,23.892544],[90.401927,23.890643],[90.396514,23.890368],[90.394406,23.888435]]]},"id":"143","properties":{"Zone":"268","District":"Gazipur","CC_Upazila":"Gazipur City Corporation","Area_Cal":434.07422783290696},"type":"Feature"},{"geometry":{"type":"Polygon","coordinates":[[[90.423447,23.709767],[90.420251,23.708415],[90.419327,23.702182],[90.417399,23.701999],[90.417969,23.706629],[90.416594,23.707166],[90.417867,23.707506],[90.417541,23.710339],[90.423447,23.709767]]]},"id":"144","properties":{"Zone":"98","District":"Dhaka","CC_Upazila":"Dhaka South City Corporation","Area_Cal":61.6278059292852},"type":"Feature"},{"geometry":{"type":"Polygon","coordinates":[[[90.409352,23.923196],[90.41614,23.918241],[90.422724,23.915948],[90.417413,23.913143],[90.415863,23.909143],[90.404583,23.907304],[90.405702,23.906019],[90.404691,23.905048],[90.401552,23.908128],[90.401765,23.906087],[90.400097,23.905426],[90.399122,23.909931],[90.396749,23.91032],[90.396594,23.911234],[90.40154,23.910741],[90.408574,23.913625],[90.409352,23.923196]]]},"id":"145","properties":{"Zone":"261","District":"Gazipur","CC_Upazila":"Gazipur City Corporation","Area_Cal":446.84120268080784},"type":"Feature"},{"geometry":{"type":"Polygon","coordinates":[[[90.428107,23.702812],[90.425502,23.70321],[90.423861,23.701345],[90.4227,23.703074],[90.419327,23.702182],[90.420251,23.708415],[90.423975,23.710143],[90.428107,23.702812]]]},"id":"146","properties":{"Zone":"99","District":"Dhaka","CC_Upazila":"Dhaka South City Corporation","Area_Cal":126.5149578404211},"type":"Feature"},{"geometry":{"type":"Polygon","coordinates":[[[90.404686,23.929159],[90.409344,23.923195],[90.409451,23.921376],[90.408428,23.921282],[90.409587,23.919882],[90.409124,23.91443],[90.402197,23.910899],[90.397395,23.910439],[90.394645,23.916416],[90.397462,23.917494],[90.397619,23.921146],[90.400016,23.926113],[90.404686,23.929159]]]},"id":"147","properties":{"Zone":"262","District":"Gazipur","CC_Upazila":"Gazipur City Corporation","Area_Cal":493.75514057450766},"type":"Feature"},{"geometry":{"type":"Polygon","coordinates":[[[90.423581,23.916151],[90.425069,23.915646],[90.431554,23.9027],[90.421856,23.898366],[90.41334,23.901141],[90.410421,23.899111],[90.409453,23.902336],[90.406124,23.905341],[90.406397,23.907275],[90.407757,23.908382],[90.41073,23.907831],[90.415863,23.909143],[90.417413,23.913143],[90.423581,23.916151]]]},"id":"148","properties":{"Zone":"260","District":"Gazipur","CC_Upazila":"Gazipur City Corporation","Area_Cal":706.2384464000436},"type":"Feature"},{"geometry":{"type":"Polygon","coordinates":[[[90.411787,23.722793],[90.416258,23.722442],[90.416287,23.719711],[90.414153,23.715448],[90.415337,23.716749],[90.416157,23.715401],[90.413924,23.715172],[90.414059,23.713107],[90.4116,23.714099],[90.411787,23.722793]]]},"id":"149","properties":{"Zone":"92","District":"Dhaka","CC_Upazila":"Dhaka South City Corporation","Area_Cal":100.61931797970618},"type":"Feature"},{"geometry":{"type":"Polygon","coordinates":[[[90.357744,23.729516],[90.361138,23.71432],[90.363071,23.711355],[90.363321,23.710499],[90.365791,23.709693],[90.36836,23.707932],[90.375441,23.708302],[90.37712,23.701988],[90.381047,23.703241],[90.384306,23.700728],[90.386129,23.702422],[90.394278,23.698536],[90.385365,23.695655],[90.384282,23.691129],[90.380182,23.690422],[90.38166,23.687451],[90.37515,23.68907],[90.374682,23.690217],[90.376392,23.692201],[90.37545,23.692895],[90.371069,23.692233],[90.370159,23.691044],[90.368395,23.691921],[90.366804,23.690721],[90.364998,23.69186],[90.361451,23.689898],[90.359249,23.690571],[90.357974,23.692155],[90.359113,23.69643],[90.355359,23.694671],[90.351454,23.695336],[90.349895,23.697511],[90.344794,23.700285],[90.347675,23.705227],[90.358536,23.709613],[90.355987,23.729932],[90.357744,23.729516]],[[90.361886,23.71314],[90.361905,23.71313],[90.361886,23.71314],[90.361886,23.71314]],[[90.364153,23.710186],[90.364181,23.710171],[90.364181,23.710171],[90.364153,23.710186]]]},"id":"150","properties":{"Zone":"144","District":"Dhaka","CC_Upazila":"Keraniganj","Area_Cal":1767.08973895},"type":"Feature"},{"geometry":{"type":"Polygon","coordinates":[[[90.415994,23.721959],[90.428632,23.722407],[90.427317,23.716632],[90.425737,23.715689],[90.424875,23.717314],[90.420695,23.716213],[90.415994,23.721959]]]},"id":"151","properties":{"Zone":"93","District":"Dhaka","CC_Upazila":"Dhaka South City Corporation","Area_Cal":134.19979114087707},"type":"Feature"},{"geometry":{"type":"Polygon","coordinates":[[[90.30384,23.703242],[90.305941,23.700742],[90.305932,23.692837],[90.307585,23.690772],[90.320498,23.688334],[90.322903,23.680947],[90.329081,23.677433],[90.332952,23.672565],[90.333579,23.670847],[90.329224,23.671485],[90.336387,23.658366],[90.336471,23.655607],[90.334139,23.650367],[90.334369,23.644721],[90.336107,23.642289],[90.335318,23.639912],[90.327708,23.644131],[90.309694,23.659157],[90.287003,23.673113],[90.279823,23.679648],[90.27758,23.683325],[90.278757,23.68976],[90.284735,23.688624],[90.295086,23.689769],[90.297278,23.694555],[90.295244,23.696478],[90.294655,23.699828],[90.300244,23.701421],[90.300298,23.703913],[90.302737,23.70164],[90.30384,23.703242]]]},"id":"152","properties":{"Zone":"145","District":"Dhaka","CC_Upazila":"Keraniganj","Area_Cal":4466.8980361},"type":"Feature"},{"geometry":{"type":"Polygon","coordinates":[[[90.408708,23.714061],[90.409348,23.712975],[90.411519,23.71348],[90.411977,23.709912],[90.405854,23.710862],[90.406793,23.713895],[90.40784,23.712957],[90.408708,23.714061]]]},"id":"153","properties":{"Zone":"90","District":"Dhaka","CC_Upazila":"Dhaka South City Corporation","Area_Cal":51.07701060547018},"type":"Feature"},{"geometry":{"type":"Polygon","coordinates":[[[90.397611,23.688882],[90.400056,23.692811],[90.397709,23.693442],[90.398846,23.694899],[90.396475,23.697339],[90.398759,23.704177],[90.402228,23.709524],[90.402499,23.709088],[90.405311,23.70784],[90.407052,23.706682],[90.407598,23.706539],[90.408195,23.706155],[90.408302,23.705856],[90.407765,23.705266],[90.404863,23.703212],[90.408854,23.699699],[90.404939,23.697776],[90.404593,23.695457],[90.406909,23.69407],[90.404386,23.692669],[90.404564,23.689993],[90.401545,23.68895],[90.400644,23.690646],[90.397611,23.688882]],[[90.408153,23.70618],[90.408153,23.70618],[90.408302,23.705856],[90.408153,23.70618]]]},"id":"154","properties":{"Zone":"142","District":"Dhaka","CC_Upazila":"Keraniganj","Area_Cal":389.823244595203},"type":"Feature"},{"geometry":{"type":"Polygon","coordinates":[[[90.411793,23.704008],[90.403976,23.708384],[90.404834,23.711155],[90.403353,23.711086],[90.403512,23.712293],[90.407585,23.70996],[90.411873,23.709904],[90.411793,23.704008]]]},"id":"155","properties":{"Zone":"91","District":"Dhaka","CC_Upazila":"Dhaka South City Corporation","Area_Cal":94.48494541334023},"type":"Feature"},{"geometry":{"type":"Polygon","coordinates":[[[90.374682,23.690217],[90.36794,23.686325],[90.367596,23.683334],[90.370341,23.680607],[90.371779,23.681731],[90.373633,23.680523],[90.382962,23.681386],[90.383897,23.680473],[90.38327,23.67882],[90.387264,23.678551],[90.384533,23.675212],[90.38386,23.676827],[90.379843,23.673416],[90.378557,23.674973],[90.376997,23.67417],[90.376185,23.676449],[90.374766,23.674631],[90.372654,23.676534],[90.370052,23.67426],[90.369613,23.676335],[90.366896,23.673246],[90.366553,23.675958],[90.364319,23.677389],[90.363749,23.673556],[90.359862,23.674716],[90.357283,23.673541],[90.35575,23.667832],[90.351033,23.669014],[90.350535,23.665275],[90.353936,23.661524],[90.359387,23.658147],[90.363527,23.65718],[90.368256,23.652653],[90.364627,23.650471],[90.356816,23.640753],[90.35097,23.637566],[90.346149,23.636785],[90.335261,23.639797],[90.336107,23.642289],[90.334369,23.644721],[90.334139,23.650367],[90.336471,23.655607],[90.336387,23.658366],[90.329224,23.67186],[90.33366,23.670925],[90.329373,23.67718],[90.322903,23.680947],[90.320617,23.688116],[90.323985,23.688606],[90.323515,23.691148],[90.320164,23.691922],[90.322624,23.693231],[90.320263,23.692809],[90.32006,23.694518],[90.323235,23.694299],[90.323144,23.695475],[90.324211,23.694016],[90.323932,23.69718],[90.325474,23.695338],[90.326554,23.697654],[90.32854,23.697437],[90.330637,23.698947],[90.332566,23.698247],[90.332536,23.70115],[90.33622,23.701584],[90.341041,23.704634],[90.347503,23.705078],[90.344793,23.700146],[90.349895,23.697511],[90.351454,23.695336],[90.355359,23.694671],[90.359113,23.69643],[90.357974,23.692155],[90.36041,23.689897],[90.364611,23.691825],[90.366804,23.690721],[90.368395,23.691921],[90.370159,23.691044],[90.371069,23.692233],[90.375882,23.692737],[90.374682,23.690217]]]},"id":"156","properties":{"Zone":"143","District":"Dhaka","CC_Upazila":"Keraniganj","Area_Cal":5750.85378613},"type":"Feature"},{"geometry":{"type":"Polygon","coordinates":[[[90.411519,23.71348],[90.413292,23.713778],[90.418018,23.710638],[90.417819,23.707433],[90.411965,23.708656],[90.411519,23.71348]]]},"id":"157","properties":{"Zone":"96","District":"Dhaka","CC_Upazila":"Dhaka South City Corporation","Area_Cal":74.8030160593881},"type":"Feature"},{"geometry":{"type":"Polygon","coordinates":[[[90.276852,23.74618],[90.278168,23.7444],[90.282065,23.744228],[90.28225,23.74142],[90.285696,23.741436],[90.286824,23.739265],[90.288797,23.739068],[90.290646,23.74199],[90.290214,23.739926],[90.291994,23.738422],[90.292214,23.734523],[90.295502,23.732378],[90.294619,23.729386],[90.295778,23.726155],[90.29796,23.726449],[90.299202,23.723698],[90.299821,23.725627],[90.301744,23.724927],[90.302592,23.720827],[90.308777,23.723564],[90.308616,23.719445],[90.312274,23.719285],[90.312772,23.71786],[90.311565,23.711304],[90.30667,23.710887],[90.306355,23.706996],[90.303265,23.701767],[90.300298,23.703913],[90.300244,23.701421],[90.294655,23.699828],[90.295244,23.696478],[90.297278,23.694555],[90.295086,23.689769],[90.284735,23.688624],[90.278757,23.68976],[90.277226,23.684154],[90.272875,23.693213],[90.264849,23.702301],[90.26842,23.711218],[90.266901,23.71959],[90.268369,23.723172],[90.262556,23.73238],[90.269081,23.735704],[90.273695,23.735709],[90.274053,23.745874],[90.276852,23.74618]]]},"id":"158","properties":{"Zone":"148","District":"Dhaka","CC_Upazila":"Keraniganj","Area_Cal":4781.03899112},"type":"Feature"},{"geometry":{"type":"Polygon","coordinates":[[[90.417136,23.699722],[90.411793,23.704008],[90.412528,23.708245],[90.41648,23.708065],[90.417969,23.706629],[90.417065,23.702363],[90.419401,23.701915],[90.417136,23.699722]]]},"id":"159","properties":{"Zone":"97","District":"Dhaka","CC_Upazila":"Dhaka South City Corporation","Area_Cal":97.67661743517435},"type":"Feature"},{"geometry":{"type":"MultiPolygon","coordinates":[[[[90.323985,23.688606],[90.308875,23.689986],[90.305932,23.692837],[90.306071,23.700171],[90.303825,23.703347],[90.306355,23.706996],[90.306618,23.71078],[90.311565,23.711304],[90.312629,23.718892],[90.315434,23.71756],[90.324424,23.720709],[90.326596,23.723464],[90.325249,23.725129],[90.325849,23.729718],[90.33263,23.735063],[90.340871,23.736252],[90.338769,23.74144],[90.339372,23.744727],[90.342807,23.747817],[90.349697,23.741092],[90.353673,23.739459],[90.356861,23.732077],[90.357383,23.730293],[90.355987,23.729932],[90.358536,23.709613],[90.354148,23.707071],[90.341041,23.704634],[90.33622,23.701584],[90.332536,23.70115],[90.332566,23.698247],[90.330637,23.698947],[90.32854,23.697437],[90.326554,23.697654],[90.325474,23.695338],[90.323781,23.697104],[90.324211,23.694016],[90.323144,23.695475],[90.323235,23.694299],[90.319933,23.694091],[90.320263,23.692809],[90.322537,23.693584],[90.320164,23.691922],[90.323377,23.691428],[90.323985,23.688606]],[[90.345685,23.744695],[90.345823,23.744542],[90.345823,23.744542],[90.345685,23.744695]],[[90.346299,23.74404],[90.346463,23.743872],[90.346299,23.74404],[90.346299,23.74404]],[[90.348051,23.742576],[90.348153,23.742472],[90.348051,23.742576],[90.348051,23.742576]]],[[[90.342755,23.747837],[90.342805,23.747819],[90.342806,23.747818],[90.342755,23.747837]]]]},"id":"160","properties":{"Zone":"149","District":"Dhaka","CC_Upazila":"Keraniganj","Area_Cal":4546.45303891},"type":"Feature"},{"geometry":{"type":"Polygon","coordinates":[[[90.424875,23.717314],[90.426877,23.710563],[90.423447,23.709767],[90.420633,23.710747],[90.419894,23.709729],[90.418104,23.710605],[90.419978,23.717135],[90.422653,23.716038],[90.424875,23.717314]]]},"id":"161","properties":{"Zone":"94","District":"Dhaka","CC_Upazila":"Dhaka South City Corporation","Area_Cal":132.26594273086977},"type":"Feature"},{"geometry":{"type":"MultiPolygon","coordinates":[[[[90.396075,23.697724],[90.386129,23.702422],[90.384306,23.700728],[90.381047,23.703241],[90.37712,23.701988],[90.375441,23.708302],[90.389089,23.709668],[90.390732,23.711629],[90.391415,23.711103],[90.392968,23.711018],[90.398124,23.711301],[90.401333,23.710061],[90.402256,23.709572],[90.396075,23.697724]]],[[[90.390732,23.711629],[90.390732,23.711629],[90.390777,23.711609],[90.390732,23.711629]]]]},"id":"162","properties":{"Zone":"146","District":"Dhaka","CC_Upazila":"Keraniganj","Area_Cal":588.92872715219},"type":"Feature"},{"geometry":{"type":"Polygon","coordinates":[[[90.419978,23.717135],[90.418104,23.710605],[90.41408,23.713031],[90.413924,23.715172],[90.416157,23.715401],[90.416249,23.716683],[90.414253,23.715333],[90.414045,23.716479],[90.415919,23.718057],[90.41645,23.721416],[90.419978,23.717135]]]},"id":"163","properties":{"Zone":"95","District":"Dhaka","CC_Upazila":"Dhaka South City Corporation","Area_Cal":107.64768013869941},"type":"Feature"},{"geometry":{"type":"Polygon","coordinates":[[[90.236685,23.779882],[90.245844,23.776785],[90.254846,23.766119],[90.257035,23.760201],[90.256225,23.752447],[90.258761,23.748703],[90.266649,23.744467],[90.274039,23.745936],[90.273695,23.735709],[90.269081,23.735704],[90.262556,23.73238],[90.268369,23.723172],[90.266901,23.71959],[90.26842,23.711218],[90.264849,23.702301],[90.255512,23.715085],[90.254178,23.721745],[90.251065,23.724876],[90.240835,23.731338],[90.237906,23.735746],[90.225466,23.738193],[90.219638,23.744408],[90.218836,23.750232],[90.223792,23.756391],[90.226231,23.76428],[90.236685,23.779882]]]},"id":"164","properties":{"Zone":"147","District":"Dhaka","CC_Upazila":"Keraniganj","Area_Cal":5254.43372626},"type":"Feature"},{"geometry":{"type":"Polygon","coordinates":[[[90.274292,23.813764],[90.274644,23.812219],[90.270396,23.812662],[90.267106,23.815039],[90.267991,23.81195],[90.272169,23.809848],[90.270018,23.806834],[90.272078,23.79945],[90.277568,23.800716],[90.278866,23.803405],[90.284755,23.803512],[90.28671,23.801357],[90.285046,23.797571],[90.287311,23.793756],[90.289615,23.794279],[90.29353,23.792474],[90.304688,23.793643],[90.312137,23.789228],[90.310123,23.784935],[90.31089,23.780523],[90.308602,23.779514],[90.304862,23.78032],[90.295551,23.777861],[90.290353,23.778384],[90.284199,23.774901],[90.281436,23.776081],[90.279162,23.775161],[90.271039,23.782009],[90.270757,23.783491],[90.273325,23.787382],[90.274994,23.787802],[90.274281,23.790027],[90.271517,23.790538],[90.265955,23.782015],[90.260894,23.780592],[90.260978,23.773437],[90.252983,23.776732],[90.250475,23.775659],[90.248355,23.779863],[90.245263,23.777141],[90.241123,23.778138],[90.245885,23.804066],[90.247329,23.806656],[90.246818,23.821794],[90.252086,23.822362],[90.254029,23.818838],[90.253034,23.817145],[90.255132,23.813282],[90.25661,23.813493],[90.258688,23.81527],[90.256417,23.819612],[90.254034,23.820249],[90.25379,23.823509],[90.259124,23.824494],[90.274292,23.813764]]]},"id":"165","properties":{"Zone":"140","District":"Dhaka","CC_Upazila":"Savar","Area_Cal":4970.22588679},"type":"Feature"},{"geometry":{"type":"Polygon","coordinates":[[[90.332826,23.903067],[90.330771,23.90785],[90.323368,23.907322],[90.317949,23.905422],[90.308148,23.909389],[90.302738,23.915944],[90.303239,23.916943],[90.297054,23.931187],[90.294894,23.93123],[90.295074,23.927366],[90.293702,23.926037],[90.289632,23.925758],[90.288812,23.927836],[90.285521,23.927133],[90.284138,23.937919],[90.285384,23.941002],[90.295198,23.948155],[90.305572,23.950003],[90.319163,23.950553],[90.317366,23.957525],[90.330424,23.954911],[90.331422,23.953842],[90.330717,23.950385],[90.335033,23.947883],[90.33916,23.948715],[90.339704,23.950854],[90.338917,23.953133],[90.335619,23.954046],[90.337146,23.955487],[90.34068,23.955735],[90.345253,23.948061],[90.346186,23.936731],[90.348108,23.931284],[90.347771,23.911567],[90.345779,23.907963],[90.346278,23.905731],[90.34477,23.904243],[90.338543,23.90642],[90.334487,23.903088],[90.332826,23.903067]]]},"id":"166","properties":{"Zone":"141","District":"Dhaka","CC_Upazila":"Savar","Area_Cal":6536.36590986},"type":"Feature"},{"geometry":{"type":"MultiPolygon","coordinates":[[[[90.481674,23.907414],[90.474334,23.908178],[90.475098,23.909131],[90.473536,23.911546],[90.478085,23.91698],[90.477435,23.918459],[90.471307,23.91688],[90.469807,23.924139],[90.466351,23.927866],[90.460032,23.927253],[90.458746,23.925639],[90.4588,23.928373],[90.461267,23.929034],[90.459121,23.930681],[90.458702,23.935321],[90.457781,23.934309],[90.456635,23.935629],[90.455944,23.934465],[90.450219,23.933556],[90.449498,23.937035],[90.447254,23.936087],[90.447644,23.9396],[90.450295,23.940203],[90.453504,23.943327],[90.450457,23.949294],[90.449286,23.949437],[90.448158,23.954309],[90.452458,23.962451],[90.45681,23.965529],[90.46009,23.964501],[90.461259,23.961502],[90.458861,23.962022],[90.460817,23.959063],[90.464783,23.958599],[90.467099,23.960239],[90.473035,23.961111],[90.471138,23.965178],[90.474745,23.967767],[90.475741,23.967101],[90.477672,23.96239],[90.476033,23.959658],[90.478694,23.959616],[90.483132,23.956911],[90.479735,23.954481],[90.480275,23.951533],[90.478389,23.951849],[90.475526,23.947656],[90.47888,23.947183],[90.480025,23.946524],[90.48004,23.94637],[90.480512,23.946008],[90.480809,23.945462],[90.482089,23.944053],[90.482793,23.943659],[90.486817,23.945278],[90.494376,23.937607],[90.489631,23.933951],[90.491283,23.927717],[90.489641,23.926472],[90.493871,23.922292],[90.493486,23.918319],[90.489843,23.913945],[90.482422,23.910026],[90.481674,23.907414]]],[[[90.482083,23.94406],[90.482053,23.944093],[90.482068,23.944077],[90.482083,23.94406]]]]},"id":"167","properties":{"Zone":"254","District":"Gazipur","CC_Upazila":"Gazipur City Corporation","Area_Cal":4159.80948911},"type":"Feature"},{"geometry":{"type":"MultiPolygon","coordinates":[[[[90.458947,23.885136],[90.458947,23.885136],[90.458947,23.885136],[90.458947,23.885136]]],[[[90.457352,23.895277],[90.457352,23.895277],[90.457352,23.895277],[90.457352,23.895277]]],[[[90.445826,23.898632],[90.445826,23.898632],[90.445826,23.898632],[90.445826,23.898632]]],[[[90.435377,23.900732],[90.432396,23.901291],[90.428583,23.909507],[90.430174,23.909695],[90.43,23.911846],[90.436791,23.915743],[90.437979,23.917674],[90.438626,23.918823],[90.437399,23.920818],[90.440737,23.925635],[90.439954,23.928934],[90.444901,23.9284],[90.447323,23.932239],[90.455944,23.934465],[90.456635,23.935629],[90.457363,23.934395],[90.459242,23.934832],[90.459121,23.930681],[90.461264,23.929173],[90.4588,23.928373],[90.458746,23.925639],[90.460032,23.927253],[90.466351,23.927866],[90.469807,23.924139],[90.471307,23.91688],[90.477435,23.918459],[90.478085,23.91698],[90.473536,23.911546],[90.475098,23.909131],[90.474334,23.908178],[90.477263,23.906847],[90.48134,23.907762],[90.482478,23.903557],[90.481302,23.899183],[90.474445,23.89716],[90.474741,23.895081],[90.472124,23.890697],[90.461509,23.88374],[90.4587,23.885619],[90.460179,23.887411],[90.46005,23.891492],[90.45986,23.89201],[90.457795,23.89482],[90.457352,23.895277],[90.450792,23.89586],[90.4464,23.898417],[90.445737,23.898679],[90.444985,23.898864],[90.443498,23.899052],[90.440648,23.900293],[90.435994,23.89924],[90.435377,23.900732]]]]},"id":"168","properties":{"Zone":"255","District":"Gazipur","CC_Upazila":"Gazipur City Corporation","Area_Cal":4076.02472051},"type":"Feature"},{"geometry":{"type":"Polygon","coordinates":[[[90.419219,23.944196],[90.421479,23.94116],[90.42538,23.940482],[90.428245,23.934457],[90.433256,23.929872],[90.433042,23.927329],[90.430267,23.924485],[90.427354,23.916675],[90.425965,23.915945],[90.42658,23.913039],[90.424895,23.915772],[90.412047,23.920574],[90.404686,23.929159],[90.403545,23.928587],[90.401503,23.930279],[90.400225,23.933159],[90.403638,23.936903],[90.403906,23.941391],[90.40533,23.940853],[90.408645,23.942758],[90.411996,23.941499],[90.413395,23.942467],[90.413617,23.940715],[90.416833,23.939792],[90.419536,23.941292],[90.419219,23.944196]]]},"id":"169","properties":{"Zone":"252","District":"Gazipur","CC_Upazila":"Gazipur City Corporation","Area_Cal":1594.47865433},"type":"Feature"},{"geometry":{"type":"Polygon","coordinates":[[[90.452448,23.962417],[90.448152,23.95424],[90.449286,23.949437],[90.450457,23.949294],[90.453504,23.943327],[90.450295,23.940203],[90.447592,23.939454],[90.448272,23.938027],[90.447254,23.936087],[90.449498,23.937035],[90.450125,23.932708],[90.447323,23.932239],[90.444901,23.9284],[90.439954,23.928934],[90.440737,23.925635],[90.437399,23.920818],[90.438626,23.918823],[90.437979,23.917674],[90.436791,23.915743],[90.43,23.911846],[90.430174,23.909695],[90.42842,23.90936],[90.426213,23.912971],[90.427038,23.914082],[90.425965,23.915945],[90.427354,23.916675],[90.42783,23.919901],[90.433399,23.928744],[90.432801,23.930965],[90.428245,23.934457],[90.426691,23.937539],[90.425798,23.94116],[90.426823,23.942917],[90.426426,23.949485],[90.429613,23.949292],[90.433272,23.951739],[90.43299,23.953686],[90.430952,23.953507],[90.430123,23.95595],[90.433853,23.95726],[90.438131,23.955909],[90.444345,23.961404],[90.452448,23.962417]]]},"id":"170","properties":{"Zone":"253","District":"Gazipur","CC_Upazila":"Gazipur City Corporation","Area_Cal":2158.62283485},"type":"Feature"},{"geometry":{"type":"Polygon","coordinates":[[[90.406854,23.882271],[90.407796,23.898667],[90.408511,23.898661],[90.409713,23.897481],[90.408722,23.89256],[90.41187,23.891133],[90.413699,23.885285],[90.412133,23.885163],[90.410149,23.882709],[90.406854,23.882271]]]},"id":"171","properties":{"Zone":"258","District":"Gazipur","CC_Upazila":"Gazipur City Corporation","Area_Cal":165.1268872135768},"type":"Feature"},{"geometry":{"type":"Polygon","coordinates":[[[90.401709,23.908025],[90.404363,23.905077],[90.405694,23.905926],[90.404583,23.907304],[90.406433,23.907196],[90.406124,23.905341],[90.410214,23.901003],[90.41014,23.897989],[90.403507,23.89834],[90.403083,23.900941],[90.400052,23.902102],[90.399387,23.905056],[90.401765,23.906087],[90.401709,23.908025]]]},"id":"172","properties":{"Zone":"259","District":"Gazipur","CC_Upazila":"Gazipur City Corporation","Area_Cal":176.1195926933531},"type":"Feature"},{"geometry":{"type":"MultiPolygon","coordinates":[[[[90.423559,23.890418],[90.423559,23.890418],[90.423559,23.890418],[90.423559,23.890418]]],[[[90.42541,23.891894],[90.42541,23.891894],[90.42541,23.891894],[90.42541,23.891894]]],[[[90.425885,23.892226],[90.425885,23.892226],[90.425885,23.892226],[90.425885,23.892226]]],[[[90.427243,23.89309],[90.427243,23.89309],[90.427243,23.89309],[90.427243,23.89309]]],[[[90.427588,23.893276],[90.427588,23.893276],[90.427588,23.893276],[90.427588,23.893276]]],[[[90.416802,23.887043],[90.417511,23.890126],[90.420352,23.889855],[90.421244,23.891051],[90.423128,23.89721],[90.422113,23.898422],[90.425826,23.90099],[90.431554,23.9027],[90.432396,23.901291],[90.435377,23.900732],[90.435994,23.89924],[90.43469,23.89781],[90.431235,23.8962],[90.424516,23.891256],[90.423836,23.890722],[90.423425,23.890289],[90.421692,23.888169],[90.416802,23.887043]]],[[[90.429859,23.894921],[90.429859,23.894921],[90.429859,23.894921],[90.429859,23.894921]]],[[[90.429859,23.894921],[90.429859,23.894921],[90.429859,23.894921],[90.429859,23.894921]]],[[[90.430843,23.895777],[90.430843,23.895777],[90.430843,23.895777],[90.430843,23.895777]]],[[[90.432361,23.896551],[90.432361,23.896551],[90.432361,23.896551],[90.432361,23.896551]]],[[[90.433978,23.897277],[90.433978,23.897277],[90.433978,23.897277],[90.433978,23.897277]]],[[[90.43437,23.897571],[90.43437,23.897571],[90.43437,23.897571],[90.43437,23.897571]]],[[[90.434412,23.897599],[90.434412,23.897599],[90.434412,23.897599],[90.434412,23.897599]]],[[[90.435645,23.898768],[90.435645,23.898768],[90.435645,23.898768],[90.435645,23.898768]]]]},"id":"173","properties":{"Zone":"256","District":"Gazipur","CC_Upazila":"Gazipur City Corporation","Area_Cal":299.8085840157886},"type":"Feature"},{"geometry":{"type":"MultiPolygon","coordinates":[[[[90.411785,23.883001],[90.411785,23.883001],[90.411785,23.883001],[90.411785,23.883001]]],[[[90.410117,23.882907],[90.413699,23.885285],[90.41187,23.891133],[90.408722,23.89256],[90.410375,23.899166],[90.41334,23.901141],[90.422965,23.898024],[90.420783,23.890279],[90.417511,23.890126],[90.417079,23.886552],[90.410117,23.882907]]]]},"id":"174","properties":{"Zone":"257","District":"Gazipur","CC_Upazila":"Gazipur City Corporation","Area_Cal":390.0382460757959},"type":"Feature"},{"geometry":{"type":"Polygon","coordinates":[[[90.410489,23.718292],[90.411694,23.713486],[90.40542,23.713564],[90.4072,23.718084],[90.409729,23.717428],[90.410489,23.718292]]]},"id":"175","properties":{"Zone":"89","District":"Dhaka","CC_Upazila":"Dhaka South City Corporation","Area_Cal":62.55733244611535},"type":"Feature"},{"geometry":{"type":"Polygon","coordinates":[[[90.40413,23.723189],[90.406834,23.717318],[90.398261,23.718449],[90.400347,23.723802],[90.40413,23.723189]]]},"id":"176","properties":{"Zone":"87","District":"Dhaka","CC_Upazila":"Dhaka South City Corporation","Area_Cal":106.32820956386384},"type":"Feature"},{"geometry":{"type":"Polygon","coordinates":[[[90.38216,23.938601],[90.388859,23.93694],[90.391694,23.931386],[90.395268,23.927712],[90.391947,23.927672],[90.391763,23.925682],[90.387692,23.925032],[90.387676,23.923361],[90.386744,23.925391],[90.379809,23.923994],[90.377381,23.925282],[90.376955,23.923194],[90.37664,23.925033],[90.375556,23.924772],[90.375823,23.923533],[90.374513,23.924398],[90.373652,23.923086],[90.373734,23.92458],[90.37235,23.923151],[90.370988,23.924638],[90.370213,23.922521],[90.367931,23.923672],[90.37014,23.925138],[90.368713,23.927233],[90.372386,23.927209],[90.372624,23.925448],[90.373958,23.926681],[90.373516,23.931157],[90.373023,23.929112],[90.369706,23.929164],[90.37055,23.9316],[90.36921,23.933837],[90.370605,23.935334],[90.373486,23.936053],[90.375868,23.934554],[90.375632,23.933468],[90.378422,23.933608],[90.379368,23.937126],[90.38216,23.938601]]]},"id":"177","properties":{"Zone":"250","District":"Gazipur","CC_Upazila":"Gazipur City Corporation","Area_Cal":711.958013319486},"type":"Feature"},{"geometry":{"type":"Polygon","coordinates":[[[90.406989,23.71766],[90.40413,23.723189],[90.411787,23.722793],[90.411276,23.717452],[90.410338,23.718507],[90.409729,23.717428],[90.406989,23.71766]]]},"id":"178","properties":{"Zone":"88","District":"Dhaka","CC_Upazila":"Dhaka South City Corporation","Area_Cal":85.59989301513828},"type":"Feature"},{"geometry":{"type":"Polygon","coordinates":[[[90.40085,23.943646],[90.404187,23.942658],[90.403638,23.936903],[90.400249,23.933464],[90.401503,23.930279],[90.398358,23.930338],[90.396796,23.928336],[90.394375,23.928097],[90.389766,23.935952],[90.386215,23.937397],[90.388027,23.938644],[90.386697,23.940432],[90.387467,23.943043],[90.40085,23.943646]]]},"id":"179","properties":{"Zone":"251","District":"Gazipur","CC_Upazila":"Gazipur City Corporation","Area_Cal":494.21564687526615},"type":"Feature"},{"geometry":{"type":"Polygon","coordinates":[[[90.395339,23.724499],[90.400347,23.723802],[90.398453,23.72007],[90.397351,23.721792],[90.395558,23.720733],[90.395046,23.718536],[90.393996,23.718661],[90.39325,23.72122],[90.391664,23.7221],[90.390458,23.719886],[90.389436,23.723653],[90.392396,23.724191],[90.389301,23.725925],[90.389613,23.727292],[90.395339,23.724499]]]},"id":"180","properties":{"Zone":"81","District":"Dhaka","CC_Upazila":"Dhaka South City Corporation","Area_Cal":117.03120660778539},"type":"Feature"},{"geometry":{"type":"MultiPolygon","coordinates":[[[[90.350159,23.888994],[90.350156,23.889081],[90.350177,23.888876],[90.350159,23.888994]]],[[[90.350156,23.889081],[90.350156,23.889081],[90.350156,23.889081],[90.350156,23.889081]]],[[[90.349887,23.889876],[90.349788,23.890083],[90.349953,23.889743],[90.349887,23.889876]]],[[[90.349788,23.890083],[90.349788,23.890083],[90.349788,23.890083],[90.349788,23.890083]]],[[[90.348191,23.896975],[90.349028,23.891718],[90.350177,23.888876],[90.349823,23.883249],[90.351885,23.881914],[90.352412,23.877847],[90.350484,23.877025],[90.35045,23.874975],[90.347795,23.873717],[90.346633,23.871051],[90.343183,23.872867],[90.343996,23.876722],[90.340159,23.876817],[90.336467,23.872533],[90.334171,23.872336],[90.330188,23.874392],[90.329297,23.877339],[90.324373,23.877485],[90.321297,23.879693],[90.317612,23.878212],[90.314593,23.878797],[90.30473,23.877109],[90.299534,23.878459],[90.302295,23.871109],[90.296182,23.870859],[90.295239,23.874587],[90.292072,23.878416],[90.290182,23.887925],[90.286676,23.887525],[90.285246,23.890298],[90.283437,23.890983],[90.284754,23.893195],[90.282675,23.894568],[90.282155,23.901065],[90.279272,23.902567],[90.28112,23.905161],[90.277244,23.90735],[90.2771,23.912955],[90.274948,23.913986],[90.275153,23.915836],[90.284066,23.921033],[90.285521,23.927133],[90.288812,23.927836],[90.289745,23.925716],[90.293955,23.926132],[90.295101,23.927499],[90.294894,23.93123],[90.296519,23.931412],[90.303239,23.916943],[90.302738,23.915944],[90.308148,23.909389],[90.317949,23.905422],[90.323368,23.907322],[90.330771,23.90785],[90.331862,23.907032],[90.332027,23.903744],[90.333371,23.902975],[90.338543,23.90642],[90.341958,23.905976],[90.34477,23.904243],[90.34461,23.901902],[90.348191,23.896975]]]]},"id":"181","properties":{"Zone":"133","District":"Dhaka","CC_Upazila":"Savar","Area_Cal":6725.92688808},"type":"Feature"},{"geometry":{"type":"Polygon","coordinates":[[[90.391999,23.721701],[90.39325,23.72122],[90.393321,23.719333],[90.394929,23.718843],[90.396818,23.715354],[90.392595,23.716351],[90.390005,23.718938],[90.389903,23.720218],[90.391999,23.721701]]]},"id":"182","properties":{"Zone":"82","District":"Dhaka","CC_Upazila":"Dhaka South City Corporation","Area_Cal":50.69776458386743},"type":"Feature"},{"geometry":{"type":"Polygon","coordinates":[[[90.31752,23.819585],[90.322745,23.816316],[90.31547,23.817342],[90.317658,23.810422],[90.314592,23.806696],[90.309014,23.806916],[90.308886,23.803165],[90.304787,23.797955],[90.304688,23.793643],[90.29353,23.792474],[90.289615,23.794279],[90.287422,23.793699],[90.285046,23.797571],[90.28671,23.801357],[90.284755,23.803512],[90.278866,23.803405],[90.277568,23.800716],[90.272078,23.79945],[90.270018,23.806834],[90.272169,23.809848],[90.267991,23.81195],[90.267106,23.815039],[90.269909,23.812798],[90.274644,23.812219],[90.274288,23.814563],[90.276567,23.815635],[90.277939,23.818796],[90.271343,23.821796],[90.272669,23.825014],[90.269124,23.835766],[90.272852,23.836113],[90.271462,23.834857],[90.272623,23.834498],[90.272157,23.831493],[90.273415,23.831033],[90.275536,23.832997],[90.275673,23.835096],[90.277371,23.834941],[90.282561,23.839895],[90.289406,23.843156],[90.290479,23.831977],[90.288862,23.829065],[90.291774,23.825172],[90.294243,23.826052],[90.29469,23.824143],[90.297148,23.823576],[90.296723,23.826474],[90.29821,23.828883],[90.301728,23.829962],[90.304425,23.828765],[90.305417,23.830587],[90.308465,23.831937],[90.312344,23.83019],[90.316125,23.824721],[90.318252,23.825268],[90.320071,23.824112],[90.31752,23.819585]]]},"id":"183","properties":{"Zone":"134","District":"Dhaka","CC_Upazila":"Savar","Area_Cal":4179.18290451},"type":"Feature"},{"geometry":{"type":"Polygon","coordinates":[[[90.296104,23.870989],[90.294666,23.867151],[90.289794,23.871459],[90.286203,23.871293],[90.291617,23.858983],[90.29044,23.849511],[90.292409,23.846247],[90.290712,23.843952],[90.282765,23.839912],[90.280793,23.843102],[90.286625,23.849492],[90.286634,23.853479],[90.284111,23.856915],[90.272047,23.861375],[90.271825,23.864209],[90.268403,23.864844],[90.268181,23.867572],[90.263393,23.869785],[90.263068,23.874334],[90.261194,23.876359],[90.266552,23.881657],[90.273398,23.882041],[90.280408,23.874784],[90.283595,23.877554],[90.284247,23.886276],[90.290182,23.887925],[90.292072,23.878416],[90.295239,23.874587],[90.296104,23.870989]]]},"id":"184","properties":{"Zone":"131","District":"Dhaka","CC_Upazila":"Savar","Area_Cal":1910.98552728},"type":"Feature"},{"geometry":{"type":"Polygon","coordinates":[[[90.380107,23.723618],[90.38008,23.724876],[90.382906,23.726813],[90.382686,23.732142],[90.386847,23.732452],[90.389301,23.725925],[90.392396,23.724191],[90.389597,23.723897],[90.390299,23.720672],[90.389465,23.719761],[90.384743,23.721387],[90.384697,23.723572],[90.382078,23.722562],[90.380107,23.723618]]]},"id":"185","properties":{"Zone":"80","District":"Dhaka","CC_Upazila":"Dhaka South City Corporation","Area_Cal":212.39994886122088},"type":"Feature"},{"geometry":{"type":"MultiPolygon","coordinates":[[[[90.343069,23.767443],[90.343051,23.767426],[90.34305,23.767426],[90.343069,23.767443]]],[[[90.330814,23.753039],[90.330159,23.75446],[90.325492,23.75638],[90.322746,23.760808],[90.3241,23.76525],[90.320866,23.766273],[90.317743,23.772907],[90.314703,23.775645],[90.316014,23.776161],[90.31089,23.780523],[90.310766,23.78666],[90.311742,23.78766],[90.313598,23.787001],[90.315176,23.789544],[90.316526,23.786739],[90.318635,23.78609],[90.319285,23.788732],[90.322226,23.791127],[90.324936,23.791258],[90.328097,23.789407],[90.33152,23.79103],[90.333833,23.789825],[90.335721,23.787795],[90.336015,23.781519],[90.338166,23.779006],[90.334475,23.774918],[90.334946,23.774475],[90.342505,23.77231],[90.344105,23.770375],[90.344021,23.768329],[90.340496,23.765893],[90.337697,23.760205],[90.330814,23.753039]],[[90.335649,23.783061],[90.335649,23.783061],[90.335846,23.781982],[90.335649,23.783061]]],[[[90.334946,23.774475],[90.338058,23.773961],[90.34037,23.773103],[90.338059,23.773958],[90.334946,23.774475]]],[[[90.33816,23.778989],[90.338108,23.778919],[90.338106,23.778917],[90.33816,23.778989]]]]},"id":"186","properties":{"Zone":"132","District":"Dhaka","CC_Upazila":"Savar","Area_Cal":1958.69336414},"type":"Feature"},{"geometry":{"type":"Polygon","coordinates":[[[90.397406,23.721792],[90.398261,23.718449],[90.402461,23.717352],[90.40287,23.713724],[90.403986,23.71339],[90.403038,23.711967],[90.40065,23.712527],[90.400688,23.714435],[90.399257,23.71366],[90.395761,23.716771],[90.395558,23.720733],[90.397406,23.721792]]]},"id":"187","properties":{"Zone":"85","District":"Dhaka","CC_Upazila":"Dhaka South City Corporation","Area_Cal":107.52317684707236},"type":"Feature"},{"geometry":{"type":"MultiPolygon","coordinates":[[[[90.271854,23.913683],[90.268332,23.917592],[90.264614,23.919238],[90.262609,23.916995],[90.258197,23.917061],[90.251433,23.92146],[90.246999,23.920477],[90.245071,23.922118],[90.243442,23.928075],[90.241519,23.928343],[90.238427,23.932821],[90.228209,23.931408],[90.22798,23.934565],[90.231736,23.936087],[90.230548,23.943693],[90.209926,23.956836],[90.209246,23.959371],[90.215155,23.960385],[90.219835,23.958957],[90.220124,23.963961],[90.22451,23.964728],[90.224432,23.967626],[90.22856,23.970037],[90.233448,23.969975],[90.23328,23.966143],[90.23638,23.965975],[90.237151,23.962173],[90.238812,23.961604],[90.245996,23.967157],[90.251656,23.967835],[90.254904,23.965913],[90.256393,23.968248],[90.258276,23.967232],[90.260372,23.972722],[90.260079,23.971175],[90.262793,23.969544],[90.266013,23.970129],[90.269733,23.968402],[90.268652,23.965226],[90.271244,23.962462],[90.275107,23.965365],[90.281321,23.967375],[90.282019,23.964994],[90.297812,23.961874],[90.300288,23.954291],[90.300174,23.948836],[90.294628,23.947925],[90.290177,23.943585],[90.285384,23.941002],[90.284144,23.938274],[90.285712,23.925925],[90.284668,23.921828],[90.271854,23.913683]]],[[[90.281978,23.967043],[90.281981,23.966987],[90.281977,23.967055],[90.281978,23.967043]]],[[[90.281555,23.967349],[90.281518,23.96736],[90.281771,23.967287],[90.281555,23.967349]]]]},"id":"188","properties":{"Zone":"137","District":"Dhaka","CC_Upazila":"Savar","Area_Cal":8286.06350684},"type":"Feature"},{"geometry":{"type":"Polygon","coordinates":[[[90.403976,23.708384],[90.402003,23.709706],[90.403986,23.71339],[90.40287,23.713724],[90.402461,23.717352],[90.406834,23.717318],[90.405297,23.713965],[90.406806,23.714051],[90.405947,23.711129],[90.403512,23.712293],[90.403353,23.711086],[90.404834,23.711155],[90.403976,23.708384]]]},"id":"189","properties":{"Zone":"86","District":"Dhaka","CC_Upazila":"Dhaka South City Corporation","Area_Cal":70.18639494618613},"type":"Feature"},{"geometry":{"type":"Polygon","coordinates":[[[90.335528,23.787839],[90.331662,23.791033],[90.328097,23.789407],[90.324631,23.791311],[90.32202,23.791049],[90.319457,23.788912],[90.319,23.786143],[90.316526,23.786739],[90.315399,23.789594],[90.312707,23.786879],[90.312137,23.789228],[90.304906,23.792719],[90.304762,23.797734],[90.308886,23.803165],[90.309014,23.806916],[90.314592,23.806696],[90.317614,23.810333],[90.31547,23.817342],[90.322745,23.816316],[90.319733,23.819189],[90.325289,23.823648],[90.325349,23.828726],[90.330134,23.829625],[90.337291,23.834152],[90.337519,23.830478],[90.342767,23.826521],[90.336563,23.819842],[90.337465,23.818589],[90.340699,23.818292],[90.338549,23.81116],[90.339319,23.807944],[90.342432,23.804445],[90.343022,23.800901],[90.342516,23.798353],[90.339644,23.79773],[90.339935,23.790984],[90.338645,23.78634],[90.336549,23.784485],[90.335528,23.787839]]]},"id":"190","properties":{"Zone":"138","District":"Dhaka","CC_Upazila":"Savar","Area_Cal":2960.93171742},"type":"Feature"},{"geometry":{"type":"Polygon","coordinates":[[[90.39111,23.711464],[90.387848,23.71167],[90.383213,23.713435],[90.386539,23.717276],[90.389094,23.71683],[90.390315,23.718942],[90.39239,23.716461],[90.395903,23.715567],[90.394489,23.715585],[90.39111,23.711464]]]},"id":"191","properties":{"Zone":"83","District":"Dhaka","CC_Upazila":"Dhaka South City Corporation","Area_Cal":123.94362096000812},"type":"Feature"},{"geometry":{"type":"MultiPolygon","coordinates":[[[[90.332473,23.749241],[90.333007,23.749144],[90.333213,23.749105],[90.332473,23.749241]]],[[[90.329961,23.750419],[90.332473,23.749241],[90.333213,23.749105],[90.33446,23.749031],[90.337292,23.749553],[90.339452,23.749704],[90.342014,23.748072],[90.339488,23.744795],[90.33741,23.746093],[90.333595,23.742827],[90.33086,23.744272],[90.324982,23.743056],[90.318778,23.746741],[90.311245,23.759057],[90.312911,23.76395],[90.312772,23.771974],[90.310827,23.773615],[90.301141,23.773472],[90.291903,23.770631],[90.290809,23.770024],[90.291192,23.768384],[90.289366,23.767725],[90.286306,23.749822],[90.282068,23.751542],[90.276977,23.746216],[90.265795,23.74463],[90.259681,23.74789],[90.256984,23.751017],[90.256165,23.753444],[90.257035,23.760201],[90.255905,23.764131],[90.245263,23.777141],[90.248355,23.779863],[90.250475,23.775659],[90.252983,23.776732],[90.260978,23.773437],[90.260894,23.780592],[90.265955,23.782015],[90.271517,23.790538],[90.274281,23.790027],[90.274994,23.787802],[90.273325,23.787382],[90.270757,23.783491],[90.271039,23.782009],[90.279162,23.775161],[90.281436,23.776081],[90.284199,23.774901],[90.290353,23.778384],[90.295551,23.777861],[90.304862,23.78032],[90.308602,23.779514],[90.31089,23.780523],[90.316014,23.776161],[90.314703,23.775645],[90.317743,23.772907],[90.320866,23.766273],[90.3241,23.76525],[90.32285,23.760442],[90.325984,23.755903],[90.330159,23.75446],[90.329961,23.750419]],[[90.334462,23.749031],[90.334602,23.749045],[90.334602,23.749045],[90.334462,23.749031]],[[90.336749,23.749405],[90.336755,23.749407],[90.336755,23.749407],[90.336749,23.749405]]]]},"id":"192","properties":{"Zone":"135","District":"Dhaka","CC_Upazila":"Savar","Area_Cal":4561.96152967},"type":"Feature"},{"geometry":{"type":"Polygon","coordinates":[[[90.402003,23.709706],[90.398387,23.711262],[90.391084,23.711354],[90.394489,23.715585],[90.396862,23.715596],[90.399439,23.713601],[90.400688,23.714435],[90.40065,23.712527],[90.403038,23.711967],[90.402003,23.709706]]]},"id":"193","properties":{"Zone":"84","District":"Dhaka","CC_Upazila":"Dhaka South City Corporation","Area_Cal":98.13061352515454},"type":"Feature"},{"geometry":{"type":"Polygon","coordinates":[[[90.319064,23.81854],[90.31752,23.819585],[90.320071,23.824112],[90.318252,23.825268],[90.316125,23.824721],[90.312344,23.83019],[90.308465,23.831937],[90.305417,23.830587],[90.304425,23.828765],[90.301728,23.829962],[90.29821,23.828883],[90.296723,23.826474],[90.297148,23.823576],[90.29469,23.824143],[90.294243,23.826052],[90.291774,23.825172],[90.288933,23.82886],[90.290479,23.831977],[90.289406,23.843156],[90.292409,23.846247],[90.29044,23.849511],[90.291617,23.858983],[90.286203,23.871293],[90.289794,23.871459],[90.294666,23.867151],[90.296104,23.870989],[90.301825,23.87073],[90.299273,23.877361],[90.299915,23.878555],[90.30473,23.877109],[90.314593,23.878797],[90.317612,23.878212],[90.321297,23.879693],[90.324373,23.877485],[90.329297,23.877339],[90.330188,23.874392],[90.334171,23.872336],[90.336467,23.872533],[90.340159,23.876817],[90.343273,23.876928],[90.344452,23.876363],[90.343134,23.872984],[90.345709,23.870928],[90.350658,23.875095],[90.35054,23.865154],[90.339313,23.8515],[90.339417,23.849739],[90.337409,23.847156],[90.341798,23.841669],[90.338325,23.837687],[90.33871,23.833524],[90.337234,23.831879],[90.337291,23.834152],[90.330134,23.829625],[90.325349,23.828726],[90.325227,23.823543],[90.319064,23.81854]]]},"id":"194","properties":{"Zone":"136","District":"Dhaka","CC_Upazila":"Savar","Area_Cal":7034.99012069},"type":"Feature"},{"geometry":{"type":"Polygon","coordinates":[[[90.414643,23.811652],[90.420861,23.812012],[90.420415,23.810325],[90.422712,23.807449],[90.421928,23.806376],[90.42436,23.794641],[90.425609,23.794628],[90.426076,23.789427],[90.423152,23.787996],[90.421629,23.788674],[90.421583,23.793158],[90.418145,23.796905],[90.417746,23.802579],[90.413453,23.809098],[90.414643,23.811652]]]},"id":"195","properties":{"Zone":"18","District":"Dhaka","CC_Upazila":"Dhaka North City Corporation","Area_Cal":353.40750515964396},"type":"Feature"},{"geometry":{"type":"Polygon","coordinates":[[[90.415716,23.806717],[90.417951,23.802101],[90.418145,23.796905],[90.420697,23.794599],[90.422182,23.790515],[90.41995,23.783014],[90.419771,23.777233],[90.416093,23.771663],[90.412752,23.772673],[90.413116,23.775819],[90.410815,23.781311],[90.40981,23.780917],[90.407845,23.783886],[90.404255,23.786348],[90.40243,23.785378],[90.401417,23.787019],[90.399004,23.786101],[90.400091,23.793159],[90.399078,23.793093],[90.40074,23.795185],[90.401693,23.800406],[90.405325,23.800087],[90.406545,23.801068],[90.406437,23.805109],[90.408828,23.805174],[90.408997,23.804225],[90.415716,23.806717]]]},"id":"196","properties":{"Zone":"19","District":"Dhaka","CC_Upazila":"Dhaka North City Corporation","Area_Cal":1292.56983109},"type":"Feature"},{"geometry":{"type":"Polygon","coordinates":[[[90.263009,23.872563],[90.263393,23.869785],[90.268181,23.867572],[90.268062,23.865159],[90.271825,23.864209],[90.272047,23.861375],[90.284111,23.856915],[90.286634,23.853479],[90.286625,23.849492],[90.280793,23.843102],[90.282765,23.839912],[90.277716,23.835155],[90.275673,23.835096],[90.275536,23.832997],[90.273415,23.831033],[90.272157,23.831493],[90.272623,23.834498],[90.271462,23.834857],[90.272852,23.836113],[90.269124,23.835766],[90.272669,23.825014],[90.271343,23.821796],[90.277918,23.819016],[90.276625,23.81571],[90.27418,23.813716],[90.259124,23.824494],[90.25379,23.823509],[90.254034,23.820249],[90.256417,23.819612],[90.258688,23.81527],[90.255132,23.813282],[90.252086,23.822362],[90.246818,23.821794],[90.245098,23.842004],[90.242352,23.844931],[90.238659,23.845308],[90.23802,23.847014],[90.238403,23.850298],[90.236128,23.860049],[90.236892,23.865388],[90.245284,23.867717],[90.248661,23.864441],[90.248855,23.866836],[90.251676,23.868861],[90.251315,23.872351],[90.252705,23.875982],[90.258587,23.874664],[90.260183,23.872249],[90.263009,23.872563]]]},"id":"197","properties":{"Zone":"130","District":"Dhaka","CC_Upazila":"Savar","Area_Cal":4977.50844125},"type":"Feature"},{"geometry":{"type":"Polygon","coordinates":[[[90.426495,23.756954],[90.426838,23.755547],[90.425602,23.755923],[90.42606,23.751161],[90.424968,23.750485],[90.418177,23.752293],[90.416096,23.749302],[90.412856,23.749727],[90.414573,23.752718],[90.41379,23.753652],[90.414912,23.757819],[90.41724,23.757304],[90.419702,23.759165],[90.425171,23.756083],[90.426495,23.756954]]]},"id":"198","properties":{"Zone":"23","District":"Dhaka","CC_Upazila":"Dhaka North City Corporation","Area_Cal":214.0839761624727},"type":"Feature"},{"geometry":{"type":"Polygon","coordinates":[[[90.393943,23.754527],[90.396145,23.76775],[90.39921,23.768406],[90.400962,23.771441],[90.399605,23.773602],[90.414612,23.772731],[90.416093,23.771663],[90.416564,23.768801],[90.411376,23.764692],[90.402271,23.753661],[90.398431,23.751561],[90.395999,23.752064],[90.393943,23.754527]]]},"id":"199","properties":{"Zone":"24","District":"Dhaka","CC_Upazila":"Dhaka North City Corporation","Area_Cal":779.2060156000982},"type":"Feature"},{"geometry":{"type":"Polygon","coordinates":[[[90.425148,23.789037],[90.425289,23.771655],[90.423259,23.76801],[90.420554,23.769581],[90.417209,23.769429],[90.416093,23.771663],[90.419771,23.777233],[90.41995,23.783014],[90.421761,23.788665],[90.423152,23.787996],[90.425148,23.789037]]]},"id":"200","properties":{"Zone":"21","District":"Dhaka","CC_Upazila":"Dhaka North City Corporation","Area_Cal":339.48268144237073},"type":"Feature"},{"geometry":{"type":"Polygon","coordinates":[[[90.42986,23.758479],[90.425171,23.756083],[90.419702,23.759165],[90.41724,23.757304],[90.414912,23.757819],[90.414955,23.761372],[90.412337,23.762464],[90.411376,23.764692],[90.416564,23.768801],[90.416395,23.770075],[90.420554,23.769581],[90.433564,23.763445],[90.433055,23.761616],[90.430261,23.760977],[90.42986,23.758479]]]},"id":"201","properties":{"Zone":"22","District":"Dhaka","CC_Upazila":"Dhaka North City Corporation","Area_Cal":489.09879329822274},"type":"Feature"},{"geometry":{"type":"Polygon","coordinates":[[[90.381714,23.776453],[90.384607,23.765644],[90.388781,23.764735],[90.390004,23.757962],[90.387058,23.751334],[90.384403,23.75289],[90.380567,23.753026],[90.381429,23.755876],[90.379553,23.758228],[90.374034,23.757877],[90.366969,23.773254],[90.377831,23.776573],[90.381714,23.776453]]]},"id":"202","properties":{"Zone":"27","District":"Dhaka","CC_Upazila":"Dhaka North City Corporation","Area_Cal":901.1742844064186},"type":"Feature"},{"geometry":{"type":"Polygon","coordinates":[[[90.372241,23.783073],[90.378684,23.783759],[90.380731,23.776992],[90.366969,23.773254],[90.362015,23.777269],[90.364286,23.779169],[90.365684,23.782649],[90.371771,23.784516],[90.372241,23.783073]]]},"id":"203","properties":{"Zone":"28","District":"Dhaka","CC_Upazila":"Dhaka North City Corporation","Area_Cal":362.93557638543297},"type":"Feature"},{"geometry":{"type":"Polygon","coordinates":[[[90.397696,23.778575],[90.397002,23.773993],[90.400679,23.772328],[90.400178,23.769423],[90.392051,23.764552],[90.388595,23.764754],[90.389571,23.77559],[90.397696,23.778575]]]},"id":"204","properties":{"Zone":"25","District":"Dhaka","CC_Upazila":"Dhaka North City Corporation","Area_Cal":286.40618222593866},"type":"Feature"},{"geometry":{"type":"Polygon","coordinates":[[[90.395736,23.766141],[90.393943,23.754527],[90.395189,23.75259],[90.398285,23.751588],[90.393836,23.747974],[90.392741,23.750213],[90.387058,23.751334],[90.390004,23.757962],[90.388781,23.764735],[90.392051,23.764552],[90.395736,23.766141]]]},"id":"205","properties":{"Zone":"26","District":"Dhaka","CC_Upazila":"Dhaka North City Corporation","Area_Cal":271.70561142409184},"type":"Feature"},{"geometry":{"type":"Polygon","coordinates":[[[90.379145,23.721568],[90.386707,23.71785],[90.386533,23.716144],[90.383213,23.713435],[90.379991,23.714836],[90.378261,23.717135],[90.379145,23.721568]]]},"id":"206","properties":{"Zone":"78","District":"Dhaka","CC_Upazila":"Dhaka South City Corporation","Area_Cal":113.12769162504514},"type":"Feature"},{"geometry":{"type":"Polygon","coordinates":[[[90.382077,23.72258],[90.384697,23.723572],[90.384743,23.721387],[90.386222,23.720248],[90.3903,23.719662],[90.389621,23.717158],[90.386748,23.717097],[90.386507,23.718542],[90.379205,23.721358],[90.381271,23.722464],[90.38277,23.720945],[90.382077,23.72258]]]},"id":"207","properties":{"Zone":"79","District":"Dhaka","CC_Upazila":"Dhaka South City Corporation","Area_Cal":76.57406755771608},"type":"Feature"},{"geometry":{"type":"Polygon","coordinates":[[[90.373918,23.722897],[90.369172,23.725469],[90.362606,23.732505],[90.36395,23.73332],[90.370544,23.732072],[90.37563,23.729674],[90.377111,23.726133],[90.373918,23.722897]]]},"id":"208","properties":{"Zone":"76","District":"Dhaka","CC_Upazila":"Dhaka South City Corporation","Area_Cal":217.12021371100585},"type":"Feature"},{"geometry":{"type":"Polygon","coordinates":[[[90.275153,23.915836],[90.274948,23.913986],[90.2771,23.912955],[90.277244,23.90735],[90.28112,23.905161],[90.279272,23.902567],[90.282155,23.901065],[90.282675,23.894568],[90.284754,23.893195],[90.283437,23.890983],[90.287243,23.887257],[90.284081,23.885903],[90.28299,23.876286],[90.280087,23.87488],[90.273912,23.881949],[90.267155,23.881847],[90.26127,23.876538],[90.263178,23.872625],[90.260183,23.872249],[90.258587,23.874664],[90.252705,23.875982],[90.251315,23.872351],[90.251676,23.868861],[90.248855,23.866836],[90.248661,23.864441],[90.245284,23.867717],[90.236892,23.865388],[90.231969,23.871333],[90.233817,23.875451],[90.234148,23.882222],[90.231178,23.882603],[90.228983,23.884753],[90.230151,23.895641],[90.226747,23.900389],[90.228482,23.908914],[90.226861,23.915751],[90.224817,23.918173],[90.224676,23.928287],[90.22829,23.931474],[90.231336,23.931204],[90.236944,23.933306],[90.239401,23.932223],[90.241599,23.928271],[90.243442,23.928075],[90.245071,23.922118],[90.246999,23.920477],[90.251433,23.92146],[90.258197,23.917061],[90.262609,23.916995],[90.264614,23.919238],[90.269997,23.916211],[90.27136,23.913614],[90.275153,23.915836]]]},"id":"209","properties":{"Zone":"139","District":"Dhaka","CC_Upazila":"Savar","Area_Cal":7182.33667086},"type":"Feature"},{"geometry":{"type":"MultiPolygon","coordinates":[[[[90.406419,23.853507],[90.405651,23.854892],[90.401172,23.856283],[90.39688,23.860833],[90.392611,23.861345],[90.386423,23.857482],[90.382282,23.86245],[90.384667,23.864143],[90.385745,23.861516],[90.38709,23.862449],[90.385789,23.864354],[90.389944,23.865467],[90.391148,23.868586],[90.392613,23.868781],[90.39341,23.875271],[90.39535,23.87583],[90.394153,23.87942],[90.391942,23.87993],[90.385359,23.877908],[90.384974,23.880129],[90.386575,23.880583],[90.386818,23.887978],[90.383198,23.886952],[90.383142,23.889285],[90.3838,23.890541],[90.386404,23.890523],[90.386659,23.893065],[90.383653,23.893131],[90.38434,23.895809],[90.387582,23.89323],[90.389085,23.893591],[90.392424,23.889172],[90.393926,23.880775],[90.402099,23.882489],[90.406341,23.882087],[90.406419,23.853507]],[[90.389482,23.893016],[90.390285,23.891851],[90.390285,23.891851],[90.389482,23.893016]]],[[[90.40568,23.882227],[90.405157,23.882322],[90.406182,23.882147],[90.40568,23.882227]]]]},"id":"210","properties":{"Zone":"1","District":"Dhaka","CC_Upazila":"Dhaka North City Corporation","Area_Cal":1294.2019806},"type":"Feature"},{"geometry":{"type":"Polygon","coordinates":[[[90.380107,23.723618],[90.383099,23.721824],[90.382952,23.721104],[90.380907,23.722392],[90.378593,23.71994],[90.37436,23.722575],[90.376402,23.725918],[90.37912,23.725004],[90.379332,23.73054],[90.382686,23.732142],[90.382906,23.726813],[90.38008,23.724876],[90.380107,23.723618]]]},"id":"211","properties":{"Zone":"77","District":"Dhaka","CC_Upazila":"Dhaka South City Corporation","Area_Cal":121.02205725971473},"type":"Feature"},{"geometry":{"type":"Polygon","coordinates":[[[90.369462,23.835916],[90.375341,23.83521],[90.375375,23.832764],[90.376811,23.832781],[90.377815,23.822073],[90.364794,23.820092],[90.363684,23.829669],[90.369885,23.829612],[90.369923,23.832564],[90.368486,23.832589],[90.369462,23.835916]]]},"id":"212","properties":{"Zone":"2","District":"Dhaka","CC_Upazila":"Dhaka North City Corporation","Area_Cal":432.150095874967},"type":"Feature"},{"geometry":{"type":"Polygon","coordinates":[[[90.401417,23.787019],[90.40243,23.785378],[90.404965,23.786099],[90.40981,23.780917],[90.410815,23.781311],[90.413116,23.775819],[90.412752,23.772673],[90.397002,23.773993],[90.399004,23.786101],[90.401417,23.787019]]]},"id":"213","properties":{"Zone":"20","District":"Dhaka","CC_Upazila":"Dhaka North City Corporation","Area_Cal":457.6834147677363},"type":"Feature"},{"geometry":{"type":"Polygon","coordinates":[[[90.379629,23.812718],[90.375777,23.818272],[90.369104,23.816823],[90.37004,23.813481],[90.366724,23.812993],[90.364794,23.820092],[90.377815,23.822073],[90.377633,23.823947],[90.381597,23.824039],[90.383996,23.820323],[90.384274,23.812238],[90.379629,23.812718]]]},"id":"214","properties":{"Zone":"5","District":"Dhaka","CC_Upazila":"Dhaka North City Corporation","Area_Cal":355.733562988244},"type":"Feature"},{"geometry":{"type":"Polygon","coordinates":[[[90.352139,23.823353],[90.345129,23.828474],[90.349222,23.833563],[90.348902,23.837527],[90.3504,23.840467],[90.355293,23.842808],[90.35519,23.8313],[90.360489,23.831778],[90.360551,23.83078],[90.363626,23.830432],[90.364235,23.822241],[90.367479,23.810316],[90.36082,23.809998],[90.356596,23.819864],[90.353716,23.820084],[90.353509,23.81911],[90.351845,23.81842],[90.352495,23.820656],[90.351203,23.821398],[90.352139,23.823353]]]},"id":"215","properties":{"Zone":"6","District":"Dhaka","CC_Upazila":"Dhaka North City Corporation","Area_Cal":864.9629951066153},"type":"Feature"},{"geometry":{"type":"Polygon","coordinates":[[[90.393278,23.749354],[90.391996,23.741696],[90.389374,23.743314],[90.388193,23.741914],[90.386882,23.74269],[90.383679,23.741624],[90.387312,23.751248],[90.393278,23.749354]]]},"id":"216","properties":{"Zone":"70","District":"Dhaka","CC_Upazila":"Dhaka South City Corporation","Area_Cal":169.20284474662267},"type":"Feature"},{"geometry":{"type":"Polygon","coordinates":[[[90.375777,23.818272],[90.379629,23.812718],[90.377149,23.812013],[90.374593,23.806323],[90.368347,23.807259],[90.366724,23.812993],[90.37004,23.813481],[90.369104,23.816823],[90.375777,23.818272]]]},"id":"217","properties":{"Zone":"3","District":"Dhaka","CC_Upazila":"Dhaka North City Corporation","Area_Cal":263.88632020224526},"type":"Feature"},{"geometry":{"type":"Polygon","coordinates":[[[90.387058,23.751334],[90.385572,23.746304],[90.381355,23.74552],[90.374555,23.757986],[90.379553,23.758228],[90.381429,23.755876],[90.380567,23.753026],[90.384403,23.75289],[90.387058,23.751334]]]},"id":"218","properties":{"Zone":"71","District":"Dhaka","CC_Upazila":"Dhaka South City Corporation","Area_Cal":211.35492677395206},"type":"Feature"},{"geometry":{"type":"Polygon","coordinates":[[[90.377149,23.812013],[90.384274,23.812238],[90.384731,23.8066],[90.385922,23.804231],[90.387726,23.804499],[90.388696,23.798235],[90.387463,23.798277],[90.387522,23.797252],[90.380506,23.7999],[90.374078,23.805036],[90.377149,23.812013]]]},"id":"219","properties":{"Zone":"4","District":"Dhaka","CC_Upazila":"Dhaka North City Corporation","Area_Cal":359.41255454448844},"type":"Feature"},{"geometry":{"type":"Polygon","coordinates":[[[90.403893,23.737813],[90.403343,23.736564],[90.404957,23.735885],[90.410442,23.736042],[90.410269,23.730404],[90.41068,23.727838],[90.412322,23.727798],[90.412086,23.722777],[90.395339,23.724499],[90.396361,23.728434],[90.3956,23.730338],[90.397755,23.729492],[90.397846,23.72726],[90.400544,23.727875],[90.400054,23.733987],[90.398397,23.735069],[90.395839,23.734218],[90.397547,23.741646],[90.403893,23.737813]]]},"id":"220","properties":{"Zone":"74","District":"Dhaka","CC_Upazila":"Dhaka South City Corporation","Area_Cal":555.76424909627},"type":"Feature"},{"geometry":{"type":"Polygon","coordinates":[[[90.393278,23.749354],[90.39614,23.74164],[90.397431,23.742009],[90.397653,23.740954],[90.395839,23.734218],[90.398397,23.735069],[90.400054,23.733987],[90.400544,23.727875],[90.397846,23.72726],[90.397755,23.729492],[90.3956,23.730338],[90.396361,23.728434],[90.395339,23.724499],[90.389905,23.727023],[90.386874,23.731605],[90.391996,23.741696],[90.393278,23.749354]]]},"id":"221","properties":{"Zone":"75","District":"Dhaka","CC_Upazila":"Dhaka South City Corporation","Area_Cal":439.07403372953314},"type":"Feature"},{"geometry":{"type":"Polygon","coordinates":[[[90.377105,23.72619],[90.37563,23.729674],[90.370717,23.732002],[90.370373,23.736589],[90.377452,23.738385],[90.378768,23.73716],[90.383347,23.738315],[90.383921,23.741587],[90.386882,23.74269],[90.388193,23.741914],[90.388956,23.743291],[90.390355,23.741956],[90.391023,23.74284],[90.39082,23.738605],[90.386847,23.732452],[90.382156,23.732102],[90.379332,23.73054],[90.37928,23.725207],[90.377105,23.72619]]]},"id":"222","properties":{"Zone":"72","District":"Dhaka","CC_Upazila":"Dhaka South City Corporation","Area_Cal":459.03708240659125},"type":"Feature"},{"geometry":{"type":"Polygon","coordinates":[[[90.412424,23.748937],[90.412117,23.745916],[90.41445,23.744248],[90.409082,23.737585],[90.410506,23.737334],[90.410442,23.736042],[90.403856,23.736195],[90.402548,23.739211],[90.398791,23.74168],[90.39614,23.74164],[90.394826,23.745792],[90.405662,23.74934],[90.409499,23.747932],[90.411229,23.748335],[90.411249,23.749843],[90.412424,23.748937]]]},"id":"223","properties":{"Zone":"73","District":"Dhaka","CC_Upazila":"Dhaka South City Corporation","Area_Cal":441.32792078292874},"type":"Feature"},{"geometry":{"type":"Polygon","coordinates":[[[90.358351,23.800136],[90.359662,23.800668],[90.359985,23.798366],[90.361752,23.798586],[90.36443,23.793095],[90.362008,23.790654],[90.358821,23.791548],[90.355227,23.790746],[90.355397,23.78506],[90.357126,23.78513],[90.357928,23.781921],[90.352879,23.782899],[90.351435,23.781986],[90.349479,23.786855],[90.350931,23.794542],[90.349499,23.796241],[90.357789,23.801215],[90.358351,23.800136]]]},"id":"224","properties":{"Zone":"12","District":"Dhaka","CC_Upazila":"Dhaka North City Corporation","Area_Cal":428.7938378766492},"type":"Feature"},{"geometry":{"type":"Polygon","coordinates":[[[90.364681,23.805561],[90.369103,23.802231],[90.371094,23.802209],[90.371167,23.803256],[90.372464,23.800846],[90.369854,23.798329],[90.370617,23.794854],[90.368465,23.793533],[90.3709,23.786343],[90.372529,23.786329],[90.369793,23.783228],[90.366576,23.783036],[90.364703,23.785495],[90.364128,23.790128],[90.362751,23.79057],[90.36443,23.793095],[90.363743,23.795148],[90.361752,23.798586],[90.359985,23.798366],[90.359662,23.800668],[90.358414,23.799977],[90.357529,23.801667],[90.364681,23.805561]]]},"id":"225","properties":{"Zone":"13","District":"Dhaka","CC_Upazila":"Dhaka North City Corporation","Area_Cal":458.0044189285337},"type":"Feature"},{"geometry":{"type":"Polygon","coordinates":[[[90.343341,23.7983],[90.346341,23.798101],[90.347467,23.795981],[90.349499,23.796241],[90.35087,23.794787],[90.349399,23.787917],[90.350406,23.782804],[90.357928,23.781921],[90.357605,23.776653],[90.353909,23.776074],[90.351249,23.778861],[90.349743,23.775951],[90.346732,23.778363],[90.346916,23.781654],[90.345502,23.781789],[90.345386,23.783748],[90.343151,23.785651],[90.344185,23.790313],[90.346768,23.791555],[90.343281,23.794187],[90.343341,23.7983]]]},"id":"226","properties":{"Zone":"10","District":"Dhaka","CC_Upazila":"Dhaka North City Corporation","Area_Cal":423.763957681363},"type":"Feature"},{"geometry":{"type":"Polygon","coordinates":[[[90.342966,23.772285],[90.334475,23.774918],[90.338166,23.779006],[90.335649,23.783061],[90.338645,23.78634],[90.339935,23.790984],[90.339644,23.79773],[90.342544,23.798396],[90.343281,23.794187],[90.346768,23.791555],[90.344185,23.790313],[90.343151,23.785651],[90.345386,23.783748],[90.345502,23.781789],[90.346916,23.781654],[90.346524,23.778798],[90.349126,23.776339],[90.342966,23.772285]]]},"id":"227","properties":{"Zone":"9","District":"Dhaka","CC_Upazila":"Dhaka North City Corporation","Area_Cal":507.12527638177477},"type":"Feature"},{"geometry":{"type":"Polygon","coordinates":[[[90.355227,23.790746],[90.36312,23.791273],[90.366576,23.783036],[90.361965,23.777224],[90.357605,23.776653],[90.357998,23.781746],[90.357126,23.78513],[90.355397,23.78506],[90.355227,23.790746]]]},"id":"228","properties":{"Zone":"11","District":"Dhaka","CC_Upazila":"Dhaka North City Corporation","Area_Cal":303.77084456787316},"type":"Feature"},{"geometry":{"type":"MultiPolygon","coordinates":[[[[90.377129,23.788595],[90.378684,23.783759],[90.372456,23.782568],[90.372528,23.78627],[90.375393,23.786315],[90.377129,23.788595]]],[[[90.378696,23.801063],[90.387671,23.796779],[90.388702,23.787827],[90.386166,23.786084],[90.385321,23.783063],[90.383433,23.785333],[90.382206,23.791185],[90.379357,23.790707],[90.378933,23.792006],[90.379886,23.79309],[90.378696,23.801063]]]]},"id":"229","properties":{"Zone":"16","District":"Dhaka","CC_Upazila":"Dhaka North City Corporation","Area_Cal":331.661405410041},"type":"Feature"},{"geometry":{"type":"Polygon","coordinates":[[[90.354963,23.820347],[90.356596,23.819864],[90.36082,23.809998],[90.367479,23.810316],[90.368347,23.807259],[90.363896,23.805608],[90.355775,23.799907],[90.352065,23.804927],[90.351483,23.807627],[90.353655,23.808519],[90.354259,23.812739],[90.352051,23.813091],[90.352648,23.815676],[90.351519,23.818098],[90.354963,23.820347]]]},"id":"230","properties":{"Zone":"7","District":"Dhaka","CC_Upazila":"Dhaka North City Corporation","Area_Cal":428.2532737440289},"type":"Feature"},{"geometry":{"type":"Polygon","coordinates":[[[90.419363,23.838158],[90.43576,23.837341],[90.439382,23.83513],[90.439439,23.83341],[90.441702,23.83321],[90.443994,23.830634],[90.447585,23.830686],[90.449584,23.828724],[90.447918,23.828206],[90.447576,23.821271],[90.439357,23.817588],[90.439942,23.815026],[90.435591,23.814586],[90.427399,23.808244],[90.423172,23.807191],[90.420415,23.810325],[90.420801,23.812055],[90.415768,23.811408],[90.415332,23.815869],[90.418132,23.816077],[90.416617,23.818248],[90.417462,23.820201],[90.415453,23.823331],[90.41344,23.823359],[90.412555,23.825866],[90.413159,23.833543],[90.419363,23.838158]]]},"id":"231","properties":{"Zone":"17","District":"Dhaka","CC_Upazila":"Dhaka North City Corporation","Area_Cal":2079.137449},"type":"Feature"},{"geometry":{"type":"Polygon","coordinates":[[[90.347467,23.795981],[90.346341,23.798101],[90.342544,23.798396],[90.342621,23.803911],[90.339319,23.807944],[90.338549,23.81116],[90.340699,23.818292],[90.337465,23.818589],[90.336564,23.819779],[90.342525,23.826007],[90.343916,23.82989],[90.345988,23.830675],[90.345359,23.827832],[90.348091,23.827364],[90.348519,23.825709],[90.351157,23.825094],[90.352139,23.823353],[90.351217,23.821245],[90.352547,23.819157],[90.35135,23.816983],[90.352648,23.815676],[90.352051,23.813091],[90.354259,23.812739],[90.354236,23.810808],[90.353655,23.808519],[90.351483,23.807627],[90.352065,23.804927],[90.355753,23.799931],[90.347467,23.795981]]]},"id":"232","properties":{"Zone":"8","District":"Dhaka","CC_Upazila":"Dhaka North City Corporation","Area_Cal":1040.80700635},"type":"Feature"},{"geometry":{"type":"Polygon","coordinates":[[[90.371642,23.807075],[90.374794,23.806233],[90.374078,23.805036],[90.378243,23.801861],[90.37934,23.798307],[90.379908,23.792053],[90.378166,23.792721],[90.37841,23.791104],[90.375208,23.786256],[90.3709,23.786343],[90.368511,23.79221],[90.368465,23.793533],[90.370617,23.794854],[90.369854,23.798329],[90.372464,23.800846],[90.371662,23.802677],[90.369103,23.802231],[90.368377,23.803712],[90.365731,23.803847],[90.364463,23.805938],[90.371642,23.807075]]]},"id":"233","properties":{"Zone":"14","District":"Dhaka","CC_Upazila":"Dhaka North City Corporation","Area_Cal":483.74082237046485},"type":"Feature"},{"geometry":{"type":"Polygon","coordinates":[[[90.385106,23.843965],[90.385208,23.842268],[90.387317,23.841741],[90.387187,23.83696],[90.388931,23.832171],[90.393247,23.827426],[90.395383,23.828728],[90.396221,23.826815],[90.394127,23.825652],[90.393717,23.822608],[90.398015,23.816935],[90.395064,23.816153],[90.394642,23.81485],[90.397214,23.808882],[90.396053,23.808101],[90.394697,23.81162],[90.393422,23.811945],[90.387726,23.804499],[90.385922,23.804231],[90.384607,23.80694],[90.383435,23.821934],[90.381597,23.824039],[90.377633,23.823947],[90.376811,23.832781],[90.375375,23.832764],[90.376782,23.840487],[90.378801,23.841014],[90.37823,23.843788],[90.385106,23.843965]]]},"id":"234","properties":{"Zone":"15","District":"Dhaka","CC_Upazila":"Dhaka North City Corporation","Area_Cal":1237.62026415},"type":"Feature"},{"geometry":{"type":"Polygon","coordinates":[[[90.562861,23.751584],[90.563096,23.757307],[90.561099,23.757627],[90.560204,23.756218],[90.556504,23.756982],[90.555287,23.764907],[90.556394,23.768687],[90.559647,23.770196],[90.559978,23.773831],[90.563412,23.778917],[90.563738,23.785082],[90.561886,23.78544],[90.558824,23.795965],[90.555564,23.796453],[90.556165,23.800093],[90.553604,23.801949],[90.556588,23.804815],[90.560027,23.805293],[90.561151,23.809051],[90.566252,23.808692],[90.566326,23.81084],[90.567849,23.811395],[90.570656,23.808571],[90.569117,23.805649],[90.569585,23.803107],[90.571075,23.804323],[90.574154,23.803662],[90.574362,23.805734],[90.576579,23.8058],[90.576652,23.815709],[90.577875,23.815682],[90.578619,23.817525],[90.582647,23.817335],[90.581978,23.819585],[90.583397,23.8183],[90.584517,23.819363],[90.588769,23.81795],[90.593131,23.821425],[90.596981,23.818113],[90.593954,23.819269],[90.593018,23.817506],[90.596251,23.816666],[90.593574,23.812935],[90.597642,23.813457],[90.595841,23.812339],[90.596882,23.812207],[90.596551,23.810977],[90.594446,23.808729],[90.591661,23.808233],[90.591559,23.80909],[90.588896,23.80685],[90.59028,23.804895],[90.587616,23.806134],[90.581157,23.79825],[90.58389,23.796835],[90.593379,23.797108],[90.589549,23.792983],[90.590223,23.784794],[90.592639,23.785121],[90.59292,23.782662],[90.596308,23.782599],[90.597303,23.781122],[90.590018,23.775702],[90.590425,23.773471],[90.584181,23.7696],[90.582377,23.763999],[90.578967,23.765466],[90.578815,23.76407],[90.571159,23.762647],[90.57066,23.760092],[90.568193,23.76029],[90.567893,23.756689],[90.562861,23.751584]]]},"id":"235","properties":{"Zone":"199","District":"Narayanganj","CC_Upazila":"Rupganj","Area_Cal":4439.34286544},"type":"Feature"},{"geometry":{"type":"MultiPolygon","coordinates":[[[[90.515431,23.709627],[90.50219,23.718149],[90.501529,23.721502],[90.499144,23.721782],[90.502568,23.7227],[90.511798,23.735208],[90.513689,23.740479],[90.513878,23.751327],[90.510237,23.753867],[90.508233,23.761958],[90.516252,23.762322],[90.516297,23.764303],[90.518121,23.764851],[90.518116,23.765956],[90.522763,23.766735],[90.523835,23.768257],[90.524692,23.766842],[90.526294,23.767203],[90.527022,23.764748],[90.531077,23.768172],[90.532905,23.768329],[90.533507,23.769895],[90.534973,23.767538],[90.533966,23.761924],[90.535353,23.761981],[90.53497,23.765656],[90.53735,23.763687],[90.540316,23.764041],[90.545605,23.767022],[90.554654,23.76436],[90.555311,23.766683],[90.556504,23.756982],[90.560204,23.756218],[90.561099,23.757627],[90.563096,23.757307],[90.562877,23.751569],[90.567396,23.756669],[90.568419,23.754266],[90.562027,23.746915],[90.567248,23.745665],[90.566946,23.743795],[90.561174,23.742267],[90.556619,23.743331],[90.551143,23.738486],[90.549655,23.739585],[90.549288,23.738379],[90.547593,23.738255],[90.538323,23.73889],[90.537026,23.736793],[90.531352,23.734827],[90.531154,23.731539],[90.533074,23.730355],[90.533278,23.728038],[90.529697,23.727868],[90.527798,23.725052],[90.528148,23.722927],[90.526178,23.721442],[90.526667,23.716558],[90.52137,23.716468],[90.519242,23.711744],[90.515431,23.709627]]],[[[90.565268,23.74617],[90.565268,23.74617],[90.565268,23.74617],[90.565268,23.74617]]]]},"id":"236","properties":{"Zone":"197","District":"Narayanganj","CC_Upazila":"Rupganj","Area_Cal":5238.48577933},"type":"Feature"},{"geometry":{"type":"Polygon","coordinates":[[[90.554654,23.76436],[90.546528,23.766045],[90.542065,23.769934],[90.542146,23.771047],[90.546064,23.771564],[90.5458,23.776306],[90.541816,23.777783],[90.542607,23.779086],[90.542072,23.780319],[90.540354,23.780343],[90.538113,23.788825],[90.539313,23.791859],[90.538514,23.793291],[90.544835,23.794663],[90.544322,23.798392],[90.540962,23.800508],[90.539456,23.799406],[90.536955,23.799937],[90.536991,23.801621],[90.53179,23.803608],[90.5356,23.80729],[90.541067,23.809491],[90.542714,23.811368],[90.542717,23.814649],[90.54887,23.814381],[90.548262,23.811637],[90.546771,23.810898],[90.55156,23.811489],[90.551559,23.806303],[90.556588,23.804815],[90.553545,23.801796],[90.556165,23.800093],[90.555564,23.796453],[90.558824,23.795965],[90.561886,23.78544],[90.563738,23.785082],[90.563412,23.778917],[90.559978,23.773831],[90.559647,23.770196],[90.556394,23.768687],[90.554654,23.76436]]]},"id":"237","properties":{"Zone":"198","District":"Narayanganj","CC_Upazila":"Rupganj","Area_Cal":2314.83825612},"type":"Feature"},{"geometry":{"type":"Polygon","coordinates":[[[90.552808,23.707218],[90.553522,23.70587],[90.552044,23.703421],[90.553019,23.702658],[90.553772,23.705181],[90.554653,23.703326],[90.560106,23.702702],[90.559565,23.698897],[90.555251,23.69833],[90.55486,23.695932],[90.559508,23.695107],[90.5585,23.693007],[90.560608,23.690648],[90.564509,23.691187],[90.565493,23.68965],[90.570465,23.689597],[90.57041,23.691077],[90.573478,23.691276],[90.573159,23.687788],[90.571753,23.687691],[90.569947,23.68464],[90.569716,23.680058],[90.568391,23.680622],[90.569025,23.679475],[90.570435,23.679987],[90.568741,23.67523],[90.56223,23.674553],[90.562341,23.671581],[90.558128,23.671128],[90.557484,23.674493],[90.553538,23.67498],[90.550272,23.680094],[90.542399,23.682],[90.546799,23.690424],[90.537596,23.694597],[90.540634,23.700284],[90.544059,23.698621],[90.545457,23.700598],[90.548205,23.699926],[90.549826,23.704991],[90.552499,23.705692],[90.552808,23.707218]]]},"id":"238","properties":{"Zone":"191","District":"Narayanganj","CC_Upazila":"Bandar","Area_Cal":1661.77820011},"type":"Feature"},{"geometry":{"type":"MultiPolygon","coordinates":[[[[90.546529,23.627074],[90.546699,23.62879],[90.54415,23.630219],[90.54459,23.632293],[90.541621,23.632132],[90.542683,23.637892],[90.541178,23.641532],[90.540671,23.640438],[90.53931,23.641284],[90.54086,23.642857],[90.537415,23.642927],[90.53829,23.641776],[90.537342,23.640098],[90.536763,23.642872],[90.535779,23.642962],[90.537041,23.639825],[90.535731,23.6398],[90.536186,23.641275],[90.53287,23.640606],[90.533793,23.636619],[90.536014,23.635597],[90.534225,23.633555],[90.532745,23.635118],[90.528686,23.635497],[90.527323,23.640369],[90.52892,23.640824],[90.528085,23.641303],[90.531952,23.659819],[90.533089,23.656243],[90.535677,23.655708],[90.536714,23.654158],[90.53605,23.651969],[90.544173,23.651049],[90.544117,23.654912],[90.546983,23.656102],[90.546337,23.658783],[90.547373,23.660547],[90.549357,23.660224],[90.548635,23.661477],[90.550124,23.662284],[90.549149,23.664934],[90.557765,23.666292],[90.554715,23.671867],[90.555795,23.672547],[90.559452,23.66721],[90.559975,23.66823],[90.562259,23.667802],[90.561566,23.66445],[90.564794,23.65869],[90.565983,23.659085],[90.566521,23.660986],[90.565385,23.661834],[90.566557,23.662898],[90.570715,23.660411],[90.566684,23.656337],[90.565029,23.6512],[90.564556,23.648449],[90.565957,23.648228],[90.565785,23.646916],[90.564972,23.647635],[90.563959,23.645],[90.565773,23.640626],[90.564193,23.635343],[90.559055,23.628935],[90.555586,23.627313],[90.556335,23.634914],[90.551928,23.632554],[90.546529,23.627074]]],[[[90.570492,23.659972],[90.570492,23.659972],[90.570492,23.659972],[90.570492,23.659972]]]]},"id":"239","properties":{"Zone":"192","District":"Narayanganj","CC_Upazila":"Bandar","Area_Cal":2606.49193326},"type":"Feature"},{"geometry":{"type":"MultiPolygon","coordinates":[[[[90.542592,23.650605],[90.541998,23.651971],[90.53605,23.651969],[90.536714,23.654158],[90.535677,23.655708],[90.533089,23.656243],[90.531805,23.659815],[90.533356,23.666184],[90.541967,23.682631],[90.550272,23.680094],[90.553538,23.67498],[90.557484,23.674493],[90.558128,23.671128],[90.562341,23.671581],[90.56223,23.674553],[90.568741,23.67523],[90.570435,23.679987],[90.569025,23.679475],[90.568391,23.680622],[90.569716,23.680058],[90.569947,23.68464],[90.571753,23.687691],[90.575559,23.686346],[90.574638,23.685232],[90.576237,23.683514],[90.576059,23.68475],[90.578656,23.686298],[90.578248,23.688793],[90.579342,23.686223],[90.575047,23.676431],[90.573339,23.668561],[90.57453,23.668986],[90.572151,23.660872],[90.56833,23.661119],[90.568362,23.662381],[90.566557,23.662898],[90.565385,23.661834],[90.566521,23.660986],[90.565983,23.659085],[90.564794,23.65869],[90.561566,23.66445],[90.562259,23.667802],[90.559975,23.66823],[90.559452,23.66721],[90.555795,23.672547],[90.554855,23.672333],[90.557765,23.666292],[90.549149,23.664934],[90.550115,23.662592],[90.548635,23.661477],[90.549357,23.660224],[90.547373,23.660547],[90.546337,23.658783],[90.546983,23.656102],[90.544117,23.654912],[90.544173,23.651049],[90.542592,23.650605]]],[[[90.578965,23.684737],[90.578965,23.684737],[90.578965,23.684737],[90.578965,23.684737]]]]},"id":"240","properties":{"Zone":"190","District":"Narayanganj","CC_Upazila":"Bandar","Area_Cal":2011.58111031},"type":"Feature"},{"geometry":{"type":"MultiPolygon","coordinates":[[[[90.566542,23.653311],[90.573796,23.655879],[90.573681,23.654833],[90.574705,23.654171],[90.579465,23.659712],[90.579114,23.654591],[90.580996,23.653759],[90.581642,23.656813],[90.584946,23.651329],[90.582962,23.651413],[90.581953,23.653632],[90.580648,23.650158],[90.581446,23.649092],[90.585689,23.647618],[90.58707,23.643981],[90.588254,23.644223],[90.587273,23.648247],[90.589106,23.649233],[90.592153,23.645031],[90.595974,23.647365],[90.596053,23.640905],[90.600846,23.637191],[90.596434,23.633216],[90.587166,23.632774],[90.571582,23.627663],[90.559013,23.629219],[90.564193,23.635343],[90.565445,23.638876],[90.563956,23.64518],[90.564972,23.647635],[90.565785,23.646916],[90.565957,23.648228],[90.564589,23.648768],[90.566542,23.653311]]],[[[90.565983,23.653276],[90.565983,23.653276],[90.565983,23.653272],[90.565983,23.653276]]],[[[90.573848,23.655166],[90.573848,23.655165],[90.573848,23.655178],[90.573848,23.655166]]],[[[90.573804,23.655875],[90.573796,23.655879],[90.573828,23.655858],[90.573804,23.655875]]],[[[90.573796,23.655879],[90.573796,23.655879],[90.573796,23.655879],[90.573796,23.655879]]]]},"id":"241","properties":{"Zone":"195","District":"Narayanganj","CC_Upazila":"Sonargaon","Area_Cal":1951.296957},"type":"Feature"},{"geometry":{"type":"MultiPolygon","coordinates":[[[[90.541721,23.56307],[90.548001,23.57522],[90.544498,23.57917],[90.547583,23.580481],[90.550367,23.584723],[90.545464,23.58886],[90.54395,23.591958],[90.545222,23.604473],[90.546504,23.60757],[90.553149,23.613312],[90.554885,23.616358],[90.555497,23.622071],[90.555081,23.623354],[90.553993,23.622534],[90.555534,23.627317],[90.559043,23.629209],[90.562552,23.62811],[90.563799,23.629026],[90.570442,23.628569],[90.570531,23.627485],[90.58073,23.630683],[90.581466,23.628875],[90.575152,23.626887],[90.581459,23.626711],[90.58503,23.624987],[90.583776,23.625363],[90.583131,23.621499],[90.577249,23.616208],[90.573458,23.619064],[90.573469,23.617809],[90.571787,23.617602],[90.570856,23.61902],[90.573676,23.620393],[90.572907,23.622027],[90.567106,23.619357],[90.569865,23.614069],[90.573309,23.615155],[90.574165,23.614026],[90.573482,23.612304],[90.571653,23.612597],[90.568829,23.607755],[90.57491,23.606676],[90.57286,23.606552],[90.572266,23.604721],[90.5686,23.605642],[90.567457,23.604027],[90.567746,23.602521],[90.571056,23.601473],[90.573476,23.597329],[90.561385,23.59048],[90.558924,23.586182],[90.557922,23.580862],[90.559347,23.573838],[90.563942,23.565146],[90.573392,23.552081],[90.578643,23.542081],[90.579614,23.537904],[90.578618,23.535513],[90.574573,23.533872],[90.564923,23.534393],[90.562404,23.53989],[90.55883,23.54333],[90.551753,23.554402],[90.541721,23.56307]]],[[[90.574697,23.60656],[90.574737,23.606584],[90.574856,23.606634],[90.574697,23.60656]]]]},"id":"242","properties":{"Zone":"196","District":"Narayanganj","CC_Upazila":"Sonargaon","Area_Cal":5060.87291818},"type":"Feature"},{"geometry":{"type":"Polygon","coordinates":[[[90.529169,23.687061],[90.526519,23.688712],[90.522737,23.699011],[90.514865,23.709494],[90.519242,23.711744],[90.52137,23.716468],[90.526667,23.716558],[90.526178,23.721442],[90.528148,23.722927],[90.527798,23.725052],[90.529697,23.727868],[90.533423,23.728007],[90.532708,23.72491],[90.534427,23.724988],[90.534641,23.723072],[90.538703,23.719683],[90.539359,23.717502],[90.543115,23.717732],[90.543241,23.711508],[90.538714,23.710691],[90.538725,23.708827],[90.543043,23.709938],[90.545036,23.708968],[90.54655,23.711444],[90.548604,23.712014],[90.55154,23.710472],[90.553656,23.712795],[90.556064,23.712869],[90.558212,23.709715],[90.55986,23.710855],[90.557837,23.713953],[90.558937,23.715107],[90.561215,23.711887],[90.562329,23.713139],[90.56557,23.711749],[90.567533,23.708843],[90.569466,23.708931],[90.5711,23.711071],[90.576909,23.707942],[90.578087,23.700788],[90.576189,23.696798],[90.574708,23.695094],[90.572607,23.696808],[90.568835,23.696673],[90.566132,23.689609],[90.564509,23.691187],[90.560608,23.690648],[90.5585,23.693007],[90.559508,23.695107],[90.55486,23.695932],[90.555251,23.69833],[90.559565,23.698897],[90.560106,23.702702],[90.554653,23.703326],[90.553772,23.705181],[90.553019,23.702658],[90.552044,23.703421],[90.553522,23.70587],[90.552778,23.707252],[90.552499,23.705692],[90.549826,23.704991],[90.548205,23.699926],[90.545457,23.700598],[90.544059,23.698621],[90.542888,23.700023],[90.539644,23.699687],[90.536156,23.688834],[90.53172,23.689398],[90.529169,23.687061]]]},"id":"243","properties":{"Zone":"193","District":"Narayanganj","CC_Upazila":"Sonargaon","Area_Cal":3103.18472571},"type":"Feature"},{"geometry":{"type":"MultiPolygon","coordinates":[[[[90.587256,23.711204],[90.587256,23.711204],[90.587256,23.711204],[90.587256,23.711204]]],[[[90.575902,23.683535],[90.574625,23.685306],[90.575559,23.686346],[90.573159,23.687788],[90.573465,23.69131],[90.57041,23.691077],[90.570465,23.689597],[90.566561,23.690307],[90.568835,23.696673],[90.572607,23.696808],[90.574708,23.695094],[90.576189,23.696798],[90.578087,23.700788],[90.576611,23.708471],[90.574456,23.70983],[90.573141,23.709163],[90.5711,23.711071],[90.568344,23.708531],[90.56557,23.711749],[90.562329,23.713139],[90.561215,23.711887],[90.558937,23.715107],[90.557837,23.713953],[90.55986,23.710855],[90.558212,23.709715],[90.556064,23.712869],[90.553656,23.712795],[90.55154,23.710472],[90.548604,23.712014],[90.54655,23.711444],[90.545036,23.708968],[90.543043,23.709938],[90.538725,23.708827],[90.538714,23.710691],[90.543241,23.711508],[90.543115,23.717732],[90.539448,23.717435],[90.536901,23.721801],[90.534641,23.723072],[90.534427,23.724988],[90.532708,23.72491],[90.533244,23.730035],[90.531154,23.731539],[90.531352,23.734827],[90.537026,23.736793],[90.538973,23.739103],[90.547593,23.738255],[90.549288,23.738379],[90.549655,23.739585],[90.551143,23.738486],[90.556619,23.743331],[90.561174,23.742267],[90.566946,23.743795],[90.567248,23.745665],[90.567873,23.744579],[90.570469,23.745252],[90.575143,23.742932],[90.57888,23.744631],[90.58229,23.737488],[90.579971,23.733673],[90.583732,23.734411],[90.584197,23.733044],[90.582284,23.732042],[90.580545,23.728688],[90.579721,23.729518],[90.579706,23.725809],[90.578177,23.724395],[90.578112,23.723055],[90.578393,23.718743],[90.583544,23.717323],[90.586876,23.717787],[90.58767,23.715667],[90.589226,23.715306],[90.588267,23.713746],[90.587094,23.710858],[90.586003,23.706079],[90.586091,23.693638],[90.580221,23.687213],[90.577949,23.688793],[90.578656,23.686298],[90.575902,23.683535]]],[[[90.578374,23.719051],[90.578374,23.719051],[90.578374,23.719051],[90.578374,23.719051]]],[[[90.582135,23.731712],[90.582135,23.731712],[90.582135,23.731712],[90.582135,23.731712]]]]},"id":"244","properties":{"Zone":"194","District":"Narayanganj","CC_Upazila":"Sonargaon","Area_Cal":4660.2690963},"type":"Feature"},{"geometry":{"type":"Polygon","coordinates":[[[90.536226,23.642051],[90.537075,23.642082],[90.537709,23.640144],[90.537415,23.642927],[90.54086,23.642857],[90.53931,23.641284],[90.540671,23.640438],[90.541178,23.641532],[90.542683,23.637892],[90.541621,23.632132],[90.54459,23.632293],[90.54415,23.630219],[90.546699,23.62879],[90.546704,23.626987],[90.551928,23.632554],[90.556535,23.634794],[90.553993,23.622534],[90.555081,23.623354],[90.555497,23.622071],[90.554885,23.616358],[90.553149,23.613312],[90.546573,23.607553],[90.54808,23.611547],[90.546726,23.611877],[90.546641,23.616759],[90.545589,23.61741],[90.545319,23.616129],[90.536682,23.614811],[90.538483,23.615929],[90.537546,23.61847],[90.536365,23.616764],[90.532754,23.616519],[90.52945,23.613064],[90.520252,23.609542],[90.519996,23.614458],[90.523236,23.621025],[90.522759,23.622898],[90.5274,23.639142],[90.528686,23.635497],[90.532745,23.635118],[90.534252,23.633561],[90.536014,23.635597],[90.533793,23.636619],[90.532842,23.640516],[90.536186,23.641275],[90.535731,23.6398],[90.537082,23.639838],[90.535779,23.642962],[90.536763,23.642872],[90.536226,23.642051]]]},"id":"245","properties":{"Zone":"188","District":"Narayanganj","CC_Upazila":"Bandar","Area_Cal":1912.60794453},"type":"Feature"},{"geometry":{"type":"Polygon","coordinates":[[[90.545054,23.579208],[90.548001,23.57522],[90.541687,23.562853],[90.526246,23.568472],[90.523493,23.571583],[90.523726,23.575478],[90.522177,23.577605],[90.525506,23.582802],[90.515933,23.59599],[90.519023,23.597907],[90.519939,23.600187],[90.518545,23.605008],[90.519425,23.609763],[90.527854,23.612253],[90.532754,23.616519],[90.536365,23.616764],[90.537546,23.61847],[90.538483,23.615929],[90.536682,23.614811],[90.545319,23.616129],[90.545589,23.61741],[90.546641,23.616759],[90.546726,23.611877],[90.54808,23.611547],[90.545222,23.604473],[90.543663,23.593751],[90.545028,23.589377],[90.550367,23.584723],[90.547718,23.580619],[90.545054,23.579208]]]},"id":"246","properties":{"Zone":"189","District":"Narayanganj","CC_Upazila":"Bandar","Area_Cal":3349.03118986},"type":"Feature"},{"geometry":{"type":"Polygon","coordinates":[[[90.470331,23.624867],[90.474478,23.623319],[90.477423,23.619731],[90.477667,23.617384],[90.479914,23.618455],[90.479594,23.616767],[90.486786,23.617282],[90.491151,23.619653],[90.49407,23.606679],[90.494173,23.598245],[90.476149,23.595756],[90.474101,23.602922],[90.468519,23.607663],[90.467025,23.621374],[90.460121,23.622078],[90.459984,23.623508],[90.462109,23.624526],[90.470331,23.624867]]]},"id":"247","properties":{"Zone":"186","District":"Narayanganj","CC_Upazila":"Narayanganj Sadar","Area_Cal":1532.69096562},"type":"Feature"},{"geometry":{"type":"Polygon","coordinates":[[[90.502123,23.573495],[90.497932,23.581571],[90.499723,23.58205],[90.499113,23.584163],[90.490857,23.593251],[90.488875,23.597706],[90.494176,23.598285],[90.49427,23.595872],[90.502854,23.594805],[90.507659,23.588081],[90.508405,23.584765],[90.514237,23.583485],[90.515522,23.581311],[90.509442,23.57985],[90.508481,23.573818],[90.502123,23.573495]]]},"id":"248","properties":{"Zone":"187","District":"Narayanganj","CC_Upazila":"Narayanganj Sadar","Area_Cal":745.9914264830431},"type":"Feature"},{"geometry":{"type":"Polygon","coordinates":[[[90.537599,23.694595],[90.546799,23.690424],[90.537337,23.673326],[90.530229,23.674985],[90.5296,23.678619],[90.532122,23.678449],[90.527508,23.687107],[90.529446,23.68704],[90.531883,23.689432],[90.536156,23.688834],[90.537785,23.69191],[90.537599,23.694595]]]},"id":"249","properties":{"Zone":"180","District":"Narayanganj","CC_Upazila":"Narayanganj City Corporation","Area_Cal":587.9916999846095},"type":"Feature"},{"geometry":{"type":"Polygon","coordinates":[[[90.450659,23.667754],[90.451884,23.671176],[90.453608,23.671552],[90.453335,23.674191],[90.455122,23.674334],[90.454729,23.678615],[90.459838,23.679363],[90.459033,23.681982],[90.462948,23.686345],[90.465029,23.686844],[90.466135,23.683135],[90.467451,23.68406],[90.46755,23.686493],[90.46907,23.686981],[90.468939,23.684097],[90.470497,23.68365],[90.472595,23.688975],[90.474853,23.688408],[90.475601,23.690385],[90.477335,23.69092],[90.47764,23.693023],[90.47987,23.693393],[90.481054,23.691964],[90.482576,23.692163],[90.482759,23.689982],[90.485114,23.691243],[90.487176,23.688737],[90.490575,23.689528],[90.493513,23.680941],[90.491842,23.680276],[90.492076,23.677719],[90.488438,23.673687],[90.489053,23.671485],[90.487232,23.669132],[90.487569,23.667288],[90.482467,23.6682],[90.481362,23.65636],[90.487086,23.655126],[90.48833,23.652909],[90.501428,23.652421],[90.501262,23.649664],[90.504973,23.648208],[90.504536,23.642157],[90.49395,23.644747],[90.482823,23.643001],[90.485696,23.641785],[90.4797,23.642626],[90.4797,23.647191],[90.478685,23.648318],[90.479679,23.648409],[90.479777,23.650725],[90.477905,23.651165],[90.478037,23.653954],[90.468189,23.655927],[90.46852,23.652025],[90.464348,23.651424],[90.450659,23.667754]],[[90.459426,23.682412],[90.459468,23.682447],[90.459468,23.682447],[90.459426,23.682412]]]},"id":"250","properties":{"Zone":"181","District":"Narayanganj","CC_Upazila":"Narayanganj Sadar","Area_Cal":3681.59606025},"type":"Feature"},{"geometry":{"type":"Polygon","coordinates":[[[90.465672,23.562874],[90.468429,23.560611],[90.461436,23.554128],[90.454657,23.550808],[90.448255,23.550514],[90.437281,23.556216],[90.430894,23.562647],[90.429049,23.566287],[90.43114,23.570711],[90.439752,23.578252],[90.441704,23.584992],[90.440006,23.596985],[90.434378,23.605175],[90.430172,23.608591],[90.43386,23.610842],[90.432362,23.615214],[90.438973,23.62661],[90.440567,23.627264],[90.450711,23.630094],[90.451845,23.627767],[90.450276,23.62573],[90.451454,23.624217],[90.459454,23.621289],[90.467834,23.61631],[90.468899,23.604771],[90.471184,23.602533],[90.467327,23.59993],[90.466799,23.597589],[90.463964,23.596804],[90.466307,23.58777],[90.467638,23.587459],[90.46646,23.583117],[90.463186,23.578293],[90.463831,23.571102],[90.466231,23.564602],[90.465672,23.562874]]]},"id":"251","properties":{"Zone":"184","District":"Narayanganj","CC_Upazila":"Narayanganj Sadar","Area_Cal":6052.05348192},"type":"Feature"},{"geometry":{"type":"Polygon","coordinates":[[[90.467258,23.616247],[90.459454,23.621289],[90.453252,23.622915],[90.450393,23.626281],[90.455432,23.629638],[90.470596,23.63367],[90.472427,23.637216],[90.473964,23.637386],[90.475958,23.632457],[90.477808,23.631207],[90.48531,23.628493],[90.485477,23.632467],[90.489607,23.632539],[90.48943,23.631311],[90.491958,23.629436],[90.49079,23.626542],[90.49138,23.622561],[90.490047,23.623454],[90.49056,23.619639],[90.486755,23.617275],[90.479594,23.616767],[90.479679,23.618467],[90.477667,23.617384],[90.477212,23.620038],[90.47196,23.624964],[90.459984,23.623508],[90.461687,23.621203],[90.467025,23.621374],[90.467258,23.616247]]]},"id":"252","properties":{"Zone":"185","District":"Narayanganj","CC_Upazila":"Narayanganj Sadar","Area_Cal":1190.89381643},"type":"Feature"},{"geometry":{"type":"Polygon","coordinates":[[[90.48531,23.628493],[90.476391,23.632128],[90.474228,23.637366],[90.472427,23.637216],[90.472353,23.641569],[90.464348,23.651424],[90.46852,23.652025],[90.468189,23.655927],[90.478037,23.653954],[90.477905,23.651165],[90.479777,23.650725],[90.479679,23.648409],[90.478685,23.648318],[90.4797,23.647191],[90.4797,23.642626],[90.485696,23.641785],[90.482823,23.643001],[90.496641,23.644558],[90.511125,23.639187],[90.510732,23.636751],[90.508102,23.636516],[90.507555,23.634966],[90.504481,23.637845],[90.503822,23.635782],[90.502238,23.635846],[90.498511,23.639246],[90.49488,23.638643],[90.495641,23.6365],[90.49451,23.634188],[90.49585,23.630985],[90.490889,23.629421],[90.489607,23.632539],[90.485477,23.632467],[90.48531,23.628493]]]},"id":"253","properties":{"Zone":"182","District":"Narayanganj","CC_Upazila":"Narayanganj Sadar","Area_Cal":1326.57892425},"type":"Feature"},{"geometry":{"type":"MultiPolygon","coordinates":[[[[90.501566,23.575329],[90.501625,23.575153],[90.501458,23.575562],[90.501566,23.575329]]],[[[90.501125,23.576367],[90.501159,23.576274],[90.501043,23.576551],[90.501125,23.576367]]],[[[90.500839,23.577089],[90.500719,23.577387],[90.50082,23.577151],[90.500839,23.577089]]],[[[90.502123,23.573495],[90.48269,23.569761],[90.475025,23.566385],[90.468429,23.560611],[90.465261,23.563201],[90.466231,23.564602],[90.463831,23.571102],[90.463186,23.578293],[90.46646,23.583117],[90.467638,23.587459],[90.466307,23.58777],[90.463964,23.596804],[90.466799,23.597589],[90.467327,23.59993],[90.471176,23.602514],[90.468657,23.60626],[90.473998,23.60307],[90.476149,23.595756],[90.488875,23.597706],[90.490857,23.593251],[90.499113,23.584163],[90.499723,23.58205],[90.497932,23.581571],[90.502123,23.573495]]]]},"id":"254","properties":{"Zone":"183","District":"Narayanganj","CC_Upazila":"Narayanganj Sadar","Area_Cal":2695.63620997},"type":"Feature"},{"geometry":{"type":"Polygon","coordinates":[[[90.521284,23.643286],[90.524646,23.642176],[90.527192,23.642814],[90.528919,23.641071],[90.527323,23.640369],[90.525901,23.633063],[90.51914,23.634246],[90.521284,23.643286]]]},"id":"255","properties":{"Zone":"177","District":"Narayanganj","CC_Upazila":"Narayanganj City Corporation","Area_Cal":179.2591624321011},"type":"Feature"},{"geometry":{"type":"Polygon","coordinates":[[[90.522325,23.660241],[90.531952,23.659819],[90.528085,23.641303],[90.527192,23.642814],[90.524646,23.642176],[90.520804,23.643348],[90.521011,23.655591],[90.522325,23.660241]]]},"id":"256","properties":{"Zone":"178","District":"Narayanganj","CC_Upazila":"Narayanganj City Corporation","Area_Cal":454.2920066177313},"type":"Feature"},{"geometry":{"type":"Polygon","coordinates":[[[90.513823,23.62117],[90.521723,23.622517],[90.521352,23.621143],[90.523191,23.62192],[90.523257,23.621106],[90.520903,23.617989],[90.521639,23.616363],[90.520251,23.614482],[90.517164,23.614146],[90.516043,23.616373],[90.513652,23.615467],[90.514029,23.61404],[90.511697,23.613591],[90.511226,23.615031],[90.508524,23.615288],[90.509112,23.619806],[90.51471,23.619078],[90.513823,23.62117]]]},"id":"257","properties":{"Zone":"175","District":"Narayanganj","CC_Upazila":"Narayanganj City Corporation","Area_Cal":220.39584390875683},"type":"Feature"},{"geometry":{"type":"Polygon","coordinates":[[[90.516149,23.635122],[90.525901,23.633063],[90.522152,23.621165],[90.521723,23.622517],[90.519478,23.623021],[90.516585,23.62118],[90.513823,23.62117],[90.51471,23.619078],[90.506732,23.620091],[90.506509,23.622],[90.508636,23.622907],[90.512181,23.629243],[90.513776,23.629867],[90.516149,23.635122]]]},"id":"258","properties":{"Zone":"176","District":"Narayanganj","CC_Upazila":"Narayanganj City Corporation","Area_Cal":480.7854187268459},"type":"Feature"},{"geometry":{"type":"Polygon","coordinates":[[[90.533306,23.674276],[90.537337,23.673326],[90.533356,23.666184],[90.531805,23.659815],[90.522327,23.660241],[90.525495,23.664684],[90.53123,23.669076],[90.533306,23.674276]]]},"id":"259","properties":{"Zone":"179","District":"Narayanganj","CC_Upazila":"Narayanganj City Corporation","Area_Cal":223.91457096528185},"type":"Feature"},{"geometry":{"type":"Polygon","coordinates":[[[90.501072,23.610543],[90.500971,23.606634],[90.502972,23.605051],[90.502046,23.602749],[90.496689,23.602072],[90.493891,23.603532],[90.493745,23.608918],[90.497343,23.608886],[90.501072,23.610543]]]},"id":"260","properties":{"Zone":"170","District":"Narayanganj","CC_Upazila":"Narayanganj City Corporation","Area_Cal":149.1492002795609},"type":"Feature"},{"geometry":{"type":"Polygon","coordinates":[[[90.515579,23.610651],[90.51945,23.609576],[90.518545,23.605008],[90.519939,23.600187],[90.519023,23.597907],[90.510173,23.593121],[90.509378,23.594592],[90.506504,23.594036],[90.505591,23.60647],[90.511159,23.607001],[90.51249,23.609322],[90.515579,23.610651]]]},"id":"261","properties":{"Zone":"173","District":"Narayanganj","CC_Upazila":"Narayanganj City Corporation","Area_Cal":508.1277821043743},"type":"Feature"},{"geometry":{"type":"Polygon","coordinates":[[[90.516074,23.616315],[90.517164,23.614146],[90.52003,23.614521],[90.520093,23.6097],[90.515549,23.610651],[90.51249,23.609322],[90.511159,23.607001],[90.50781,23.606992],[90.508524,23.615288],[90.511226,23.615031],[90.511697,23.613591],[90.514029,23.61404],[90.513652,23.615467],[90.516074,23.616315]]]},"id":"262","properties":{"Zone":"174","District":"Narayanganj","CC_Upazila":"Narayanganj City Corporation","Area_Cal":194.2534687594551},"type":"Feature"},{"geometry":{"type":"Polygon","coordinates":[[[90.50098,23.606997],[90.505713,23.60668],[90.506519,23.593985],[90.513135,23.583862],[90.508405,23.584765],[90.507659,23.588081],[90.502854,23.594805],[90.494256,23.595891],[90.493891,23.603532],[90.496689,23.602072],[90.501878,23.602586],[90.502972,23.605051],[90.50098,23.606997]]]},"id":"263","properties":{"Zone":"171","District":"Narayanganj","CC_Upazila":"Narayanganj City Corporation","Area_Cal":350.6321616516296},"type":"Feature"},{"geometry":{"type":"Polygon","coordinates":[[[90.516284,23.595602],[90.525563,23.582637],[90.522177,23.577605],[90.517847,23.582602],[90.515522,23.581311],[90.514104,23.582571],[90.506504,23.594036],[90.509378,23.594592],[90.510173,23.593121],[90.516284,23.595602]]]},"id":"264","properties":{"Zone":"172","District":"Narayanganj","CC_Upazila":"Narayanganj City Corporation","Area_Cal":453.3700727449843},"type":"Feature"},{"geometry":{"type":"Polygon","coordinates":[[[90.531971,23.803496],[90.536991,23.801621],[90.537478,23.799729],[90.543136,23.800016],[90.545241,23.796207],[90.544077,23.793977],[90.542043,23.794663],[90.538514,23.793291],[90.539313,23.791859],[90.538113,23.788825],[90.540354,23.780343],[90.542072,23.780319],[90.542607,23.779086],[90.541816,23.777783],[90.545723,23.776591],[90.546064,23.771564],[90.542146,23.771047],[90.542058,23.770063],[90.545512,23.766714],[90.541996,23.764286],[90.537491,23.763697],[90.53497,23.765656],[90.535353,23.761981],[90.533966,23.761924],[90.534973,23.767538],[90.533507,23.769895],[90.532905,23.768329],[90.531077,23.768172],[90.527022,23.764748],[90.526294,23.767203],[90.524692,23.766842],[90.523835,23.768257],[90.522763,23.766735],[90.518116,23.765956],[90.518121,23.764851],[90.516297,23.764303],[90.516252,23.762322],[90.508233,23.761958],[90.507514,23.767949],[90.509006,23.772639],[90.525218,23.796574],[90.531971,23.803496]]]},"id":"265","properties":{"Zone":"200","District":"Narayanganj","CC_Upazila":"Rupganj","Area_Cal":2568.64553012},"type":"Feature"},{"geometry":{"type":"MultiPolygon","coordinates":[[[[90.473233,23.841796],[90.472575,23.845543],[90.47352,23.84928],[90.481432,23.846786],[90.487587,23.848737],[90.489462,23.844332],[90.495855,23.845649],[90.504416,23.849719],[90.508013,23.844912],[90.512487,23.845625],[90.513681,23.844517],[90.514576,23.845946],[90.521291,23.845995],[90.522062,23.844032],[90.52486,23.84519],[90.527046,23.843184],[90.530418,23.843782],[90.532018,23.840613],[90.535859,23.842988],[90.535477,23.848334],[90.539468,23.850079],[90.540463,23.84666],[90.54277,23.845949],[90.541028,23.841949],[90.541908,23.839746],[90.546388,23.832395],[90.553714,23.82743],[90.55493,23.824484],[90.543282,23.821554],[90.542714,23.811368],[90.532433,23.805205],[90.530442,23.801078],[90.525218,23.796574],[90.516983,23.784208],[90.515257,23.784657],[90.514656,23.787405],[90.511185,23.786778],[90.51003,23.788586],[90.511076,23.789177],[90.511422,23.800192],[90.512835,23.802277],[90.512064,23.806507],[90.510519,23.806739],[90.50914,23.80982],[90.50478,23.810591],[90.502787,23.813093],[90.497599,23.81161],[90.496813,23.812969],[90.491941,23.812545],[90.489469,23.817493],[90.48608,23.817748],[90.486824,23.82307],[90.488359,23.824479],[90.487613,23.828818],[90.486409,23.831582],[90.487377,23.829358],[90.485638,23.832436],[90.483347,23.832123],[90.482838,23.833116],[90.482229,23.831114],[90.478367,23.834244],[90.473233,23.841796]],[[90.47601,23.838795],[90.475932,23.838868],[90.475932,23.838868],[90.47601,23.838795]]],[[[90.486853,23.823126],[90.486905,23.823241],[90.486946,23.823304],[90.486853,23.823126]]]]},"id":"266","properties":{"Zone":"203","District":"Narayanganj","CC_Upazila":"Rupganj","Area_Cal":7254.65700627},"type":"Feature"},{"geometry":{"type":"MultiPolygon","coordinates":[[[[90.571337,23.876287],[90.571398,23.876301],[90.571258,23.87627],[90.571337,23.876287]]],[[[90.571398,23.876301],[90.571431,23.876308],[90.571567,23.876337],[90.571398,23.876301]]],[[[90.572483,23.876568],[90.572373,23.876533],[90.572505,23.876575],[90.572483,23.876568]]],[[[90.572505,23.876575],[90.572505,23.876575],[90.572505,23.876575],[90.572505,23.876575]]],[[[90.572772,23.876645],[90.572907,23.876687],[90.5727,23.876623],[90.572772,23.876645]]],[[[90.573223,23.876766],[90.573393,23.876812],[90.573213,23.876763],[90.573223,23.876766]]],[[[90.573525,23.876859],[90.573693,23.876917],[90.573393,23.876812],[90.573525,23.876859]]],[[[90.574303,23.877115],[90.57439,23.877145],[90.57455,23.877194],[90.574303,23.877115]]],[[[90.575241,23.877417],[90.574973,23.877336],[90.575118,23.87738],[90.575241,23.877417]]],[[[90.575471,23.877495],[90.575241,23.877417],[90.575401,23.877472],[90.575471,23.877495]]],[[[90.562158,23.87335],[90.56917,23.875795],[90.572143,23.876467],[90.572308,23.876512],[90.572483,23.876568],[90.572505,23.876575],[90.5727,23.876623],[90.573062,23.876731],[90.573213,23.876763],[90.573393,23.876812],[90.573693,23.876917],[90.573837,23.876959],[90.57455,23.877194],[90.574715,23.877253],[90.575241,23.877417],[90.575471,23.877495],[90.57561,23.87754],[90.576937,23.877936],[90.580474,23.87928],[90.581648,23.880086],[90.581898,23.880189],[90.581898,23.880189],[90.582141,23.880305],[90.582583,23.880486],[90.582986,23.880667],[90.583371,23.880857],[90.583398,23.880869],[90.583478,23.880903],[90.583808,23.881069],[90.583973,23.881139],[90.584496,23.881406],[90.586777,23.882757],[90.587157,23.883051],[90.587347,23.883249],[90.588493,23.884192],[90.588768,23.884482],[90.589133,23.884873],[90.589346,23.88511],[90.590181,23.886082],[90.590908,23.886787],[90.592766,23.88395],[90.592139,23.882457],[90.597018,23.881307],[90.599358,23.881995],[90.599822,23.888284],[90.603072,23.88979],[90.604595,23.889234],[90.604939,23.885563],[90.607026,23.883299],[90.610717,23.885201],[90.612689,23.879736],[90.611098,23.875045],[90.613008,23.871872],[90.609544,23.872168],[90.610109,23.870223],[90.607511,23.862975],[90.607761,23.858261],[90.606208,23.857471],[90.597959,23.858488],[90.598194,23.856181],[90.595776,23.853536],[90.596656,23.850254],[90.599854,23.846779],[90.598517,23.844334],[90.607424,23.837806],[90.607652,23.834317],[90.600359,23.833842],[90.595839,23.830135],[90.591569,23.833673],[90.59019,23.836337],[90.59095,23.838618],[90.587427,23.843227],[90.583395,23.843276],[90.580787,23.84517],[90.569112,23.846268],[90.567185,23.848192],[90.566352,23.853979],[90.572654,23.856242],[90.573145,23.859382],[90.575984,23.858856],[90.576563,23.860077],[90.574323,23.862133],[90.574856,23.863832],[90.573738,23.864238],[90.572804,23.86278],[90.569454,23.866149],[90.564027,23.868186],[90.564965,23.869685],[90.562037,23.87152],[90.562158,23.87335]]],[[[90.579207,23.878803],[90.579245,23.878816],[90.579174,23.878792],[90.579207,23.878803]]],[[[90.58137,23.879842],[90.581421,23.879884],[90.581327,23.879808],[90.58137,23.879842]]],[[[90.582141,23.880305],[90.581898,23.880189],[90.582124,23.880298],[90.582141,23.880305]]],[[[90.583398,23.880869],[90.583398,23.880869],[90.583398,23.880869],[90.583398,23.880869]]],[[[90.583463,23.880897],[90.583453,23.880893],[90.583478,23.880903],[90.583463,23.880897]]],[[[90.584228,23.881269],[90.584294,23.881306],[90.584496,23.881406],[90.584228,23.881269]]],[[[90.585317,23.881884],[90.585411,23.881939],[90.585312,23.881881],[90.585317,23.881884]]],[[[90.587239,23.883141],[90.587347,23.883249],[90.587157,23.883051],[90.587239,23.883141]]],[[[90.588995,23.884735],[90.589133,23.884873],[90.588768,23.884482],[90.588995,23.884735]]]]},"id":"267","properties":{"Zone":"204","District":"Narayanganj","CC_Upazila":"Rupganj","Area_Cal":4361.25450094},"type":"Feature"},{"geometry":{"type":"Polygon","coordinates":[[[90.488936,23.755164],[90.483471,23.758874],[90.482214,23.765898],[90.483494,23.770417],[90.482742,23.772506],[90.477642,23.77819],[90.474088,23.778872],[90.47085,23.783733],[90.481169,23.79275],[90.481981,23.799576],[90.485373,23.807292],[90.485131,23.814395],[90.48617,23.815986],[90.489565,23.816584],[90.491941,23.812545],[90.496813,23.812969],[90.497599,23.81161],[90.502787,23.813093],[90.50478,23.810591],[90.50914,23.80982],[90.510519,23.806739],[90.512064,23.806507],[90.512835,23.802277],[90.511422,23.800192],[90.511076,23.789177],[90.51003,23.788586],[90.511185,23.786778],[90.514656,23.787405],[90.515257,23.784657],[90.517074,23.784128],[90.509006,23.772639],[90.507514,23.767949],[90.510237,23.753867],[90.513878,23.751327],[90.513107,23.737959],[90.502568,23.7227],[90.499256,23.722406],[90.50136,23.72738],[90.4992,23.73096],[90.492258,23.734673],[90.492219,23.737911],[90.494728,23.744068],[90.491023,23.744722],[90.486027,23.749181],[90.485753,23.750669],[90.487705,23.751989],[90.488936,23.755164]]]},"id":"268","properties":{"Zone":"201","District":"Narayanganj","CC_Upazila":"Rupganj","Area_Cal":6363.47671791},"type":"Feature"},{"geometry":{"type":"MultiPolygon","coordinates":[[[[90.548507,23.850674],[90.548507,23.850674],[90.548507,23.850674],[90.548507,23.850674]]],[[[90.489462,23.844332],[90.487551,23.850482],[90.490575,23.851234],[90.491327,23.853353],[90.502626,23.858343],[90.50248,23.862093],[90.504671,23.864905],[90.505819,23.870371],[90.505261,23.874842],[90.507922,23.875374],[90.510775,23.874607],[90.511017,23.874577],[90.511598,23.874576],[90.511872,23.874576],[90.516036,23.876238],[90.518823,23.875548],[90.521069,23.877382],[90.520816,23.883369],[90.516979,23.887884],[90.518857,23.889212],[90.518648,23.890714],[90.522098,23.892131],[90.526599,23.890611],[90.52726,23.893003],[90.525676,23.896514],[90.527257,23.896889],[90.527623,23.894115],[90.530254,23.89338],[90.531395,23.890836],[90.532953,23.892041],[90.533329,23.888245],[90.535154,23.886812],[90.537936,23.88859],[90.542987,23.886569],[90.54307,23.888331],[90.544966,23.887064],[90.548907,23.887227],[90.549374,23.885274],[90.550779,23.886797],[90.553987,23.885891],[90.554964,23.889347],[90.554035,23.890237],[90.555659,23.890291],[90.557177,23.893043],[90.562285,23.891885],[90.562588,23.89465],[90.56884,23.894068],[90.570668,23.894989],[90.579898,23.88973],[90.586003,23.889726],[90.590908,23.886787],[90.586777,23.882757],[90.580474,23.87928],[90.563997,23.874038],[90.556033,23.870476],[90.547851,23.859886],[90.549545,23.854429],[90.547998,23.849745],[90.54277,23.845949],[90.540463,23.84666],[90.539468,23.850079],[90.535491,23.848343],[90.536125,23.846414],[90.534923,23.845958],[90.536373,23.844342],[90.535219,23.841691],[90.532965,23.840777],[90.531982,23.840648],[90.530418,23.843782],[90.527046,23.843184],[90.52486,23.84519],[90.522062,23.844032],[90.521291,23.845995],[90.514576,23.845946],[90.513681,23.844517],[90.512487,23.845625],[90.508013,23.844912],[90.504416,23.849719],[90.495855,23.845649],[90.489462,23.844332]]],[[[90.511017,23.874577],[90.511017,23.874577],[90.511017,23.874577],[90.511017,23.874577]]],[[[90.572308,23.876512],[90.572308,23.876512],[90.572308,23.876512],[90.572308,23.876512]]],[[[90.561324,23.892203],[90.561645,23.89211],[90.561196,23.892241],[90.561324,23.892203]]],[[[90.566083,23.894406],[90.565714,23.894429],[90.565903,23.894418],[90.566083,23.894406]]]]},"id":"269","properties":{"Zone":"202","District":"Narayanganj","CC_Upazila":"Rupganj","Area_Cal":7065.24795963},"type":"Feature"},{"geometry":{"type":"MultiPolygon","coordinates":[[[[90.582834,23.766517],[90.582834,23.766517],[90.582834,23.766517],[90.582834,23.766517]]],[[[90.621861,23.747912],[90.6169,23.748526],[90.611644,23.753307],[90.606768,23.755166],[90.604993,23.759212],[90.601513,23.761632],[90.59945,23.765051],[90.59751,23.765496],[90.594932,23.7641],[90.589933,23.764985],[90.586515,23.761422],[90.583092,23.760705],[90.581064,23.761491],[90.580355,23.764186],[90.582377,23.763999],[90.584181,23.7696],[90.590425,23.773471],[90.590018,23.775702],[90.593797,23.779329],[90.597149,23.781021],[90.597982,23.780025],[90.606692,23.782048],[90.612342,23.785348],[90.615009,23.788843],[90.616177,23.796592],[90.619577,23.798478],[90.624104,23.793249],[90.628353,23.793094],[90.635049,23.790077],[90.635706,23.788379],[90.630429,23.78695],[90.630083,23.784047],[90.628397,23.785257],[90.627441,23.783955],[90.632837,23.780751],[90.642958,23.780304],[90.643094,23.773409],[90.645274,23.772198],[90.642159,23.769524],[90.642504,23.768222],[90.632313,23.759965],[90.623588,23.756897],[90.623747,23.752532],[90.620373,23.750722],[90.622242,23.74897],[90.621861,23.747912]]]]},"id":"271","properties":{"Zone":"208","District":"Narayanganj","CC_Upazila":"Araihazar","Area_Cal":4134.2414782},"type":"Feature"},{"geometry":{"type":"Polygon","coordinates":[[[90.542521,23.815282],[90.543432,23.821701],[90.553441,23.823313],[90.554947,23.824797],[90.553015,23.828067],[90.546388,23.832395],[90.541037,23.841204],[90.541458,23.843792],[90.548575,23.850803],[90.549506,23.855024],[90.547656,23.859011],[90.549988,23.863934],[90.556033,23.870476],[90.561341,23.872957],[90.564965,23.869685],[90.564027,23.868186],[90.569454,23.866149],[90.572804,23.86278],[90.573738,23.864238],[90.574856,23.863832],[90.574323,23.862133],[90.576563,23.860077],[90.575984,23.858856],[90.573145,23.859382],[90.572654,23.856242],[90.566352,23.853979],[90.567185,23.848192],[90.569957,23.845828],[90.580787,23.84517],[90.583395,23.843276],[90.587427,23.843227],[90.59095,23.838618],[90.59019,23.836337],[90.591569,23.833673],[90.595839,23.830135],[90.589985,23.824505],[90.591953,23.820914],[90.588769,23.81795],[90.584517,23.819363],[90.583397,23.8183],[90.581978,23.819585],[90.582647,23.817335],[90.578619,23.817525],[90.577875,23.815682],[90.576652,23.815709],[90.576579,23.8058],[90.574362,23.805734],[90.574154,23.803662],[90.571075,23.804323],[90.569585,23.803107],[90.569117,23.805649],[90.570656,23.808571],[90.567849,23.811395],[90.566326,23.81084],[90.566252,23.808692],[90.561151,23.809051],[90.559757,23.805131],[90.552602,23.805723],[90.551559,23.806303],[90.55156,23.811489],[90.546771,23.810898],[90.548262,23.811637],[90.54887,23.814381],[90.542521,23.815282]]]},"id":"272","properties":{"Zone":"205","District":"Narayanganj","CC_Upazila":"Rupganj","Area_Cal":5728.99942813},"type":"Feature"},{"geometry":{"type":"Polygon","coordinates":[[[90.614472,23.814178],[90.610764,23.816325],[90.596981,23.818113],[90.590375,23.822292],[90.589985,23.824505],[90.600359,23.833842],[90.607652,23.834317],[90.610315,23.832487],[90.616112,23.838174],[90.61927,23.837224],[90.621613,23.841852],[90.621595,23.845065],[90.618901,23.84805],[90.618527,23.851427],[90.621903,23.853029],[90.621078,23.855193],[90.624185,23.861611],[90.633891,23.868496],[90.638264,23.866987],[90.641812,23.867324],[90.645124,23.869575],[90.645483,23.863352],[90.651215,23.862131],[90.651332,23.856564],[90.654307,23.855393],[90.651053,23.852832],[90.645937,23.851292],[90.645861,23.849089],[90.653402,23.843153],[90.656173,23.842445],[90.65534,23.841142],[90.661274,23.843144],[90.661053,23.842102],[90.662708,23.841579],[90.662133,23.838999],[90.658832,23.835277],[90.655563,23.838201],[90.643776,23.835784],[90.635854,23.822671],[90.633706,23.822514],[90.629795,23.825626],[90.621395,23.827657],[90.621083,23.823507],[90.623265,23.823363],[90.622415,23.818269],[90.61825,23.817979],[90.616485,23.814632],[90.614472,23.814178]]]},"id":"273","properties":{"Zone":"206","District":"Narayanganj","CC_Upazila":"Araihazar","Area_Cal":4489.46517541},"type":"Feature"},{"geometry":{"type":"Polygon","coordinates":[[[90.575737,23.742916],[90.562027,23.746915],[90.568419,23.754266],[90.567199,23.755414],[90.568193,23.76029],[90.57066,23.760092],[90.571159,23.762647],[90.578815,23.76407],[90.578967,23.765466],[90.580581,23.764616],[90.581064,23.761491],[90.583092,23.760705],[90.586515,23.761422],[90.589933,23.764985],[90.594932,23.7641],[90.598084,23.765485],[90.604993,23.759212],[90.606768,23.755166],[90.611644,23.753307],[90.6169,23.748526],[90.621861,23.747912],[90.625227,23.745935],[90.627841,23.742325],[90.62841,23.735902],[90.624942,23.732168],[90.613332,23.73431],[90.612819,23.735708],[90.616897,23.737529],[90.617575,23.739995],[90.612352,23.742617],[90.609625,23.741914],[90.60485,23.737104],[90.605947,23.72879],[90.600736,23.719434],[90.595297,23.714051],[90.592047,23.712615],[90.58767,23.715667],[90.586876,23.717787],[90.578451,23.718627],[90.578177,23.724395],[90.579706,23.725809],[90.579721,23.729518],[90.580545,23.728688],[90.582284,23.732042],[90.584197,23.733044],[90.583732,23.734411],[90.579971,23.733673],[90.58229,23.737488],[90.57888,23.744631],[90.575737,23.742916]]]},"id":"274","properties":{"Zone":"209","District":"Narayanganj","CC_Upazila":"Sonargaon","Area_Cal":4732.05932923},"type":"Feature"},{"geometry":{"type":"Polygon","coordinates":[[[90.397252,23.860358],[90.401172,23.856283],[90.405851,23.8547],[90.418482,23.837817],[90.413159,23.833543],[90.41262,23.827108],[90.41344,23.823359],[90.415453,23.823331],[90.417462,23.820201],[90.412225,23.817002],[90.398015,23.816935],[90.393717,23.822608],[90.394127,23.825652],[90.396221,23.826815],[90.395383,23.828728],[90.393247,23.827426],[90.388931,23.832171],[90.387187,23.83696],[90.387352,23.841597],[90.388588,23.843254],[90.393473,23.843633],[90.393294,23.84609],[90.385936,23.857162],[90.392611,23.861345],[90.397252,23.860358]]]},"id":"275","properties":{"Zone":"276","District":"Dhaka","CC_Upazila":"Dhaka North City Corporation","Area_Cal":2560.05988002},"type":"Feature"},{"geometry":{"type":"Polygon","coordinates":[[[90.399692,23.790534],[90.388171,23.790819],[90.387765,23.804668],[90.393422,23.811945],[90.394697,23.81162],[90.396053,23.808101],[90.397214,23.808882],[90.394713,23.814355],[90.395224,23.816241],[90.411142,23.816741],[90.417462,23.820201],[90.416617,23.818248],[90.418132,23.816077],[90.415332,23.815869],[90.415768,23.811408],[90.414211,23.811367],[90.413453,23.809098],[90.415716,23.806717],[90.412057,23.804699],[90.406437,23.805109],[90.406545,23.801068],[90.405325,23.800087],[90.401693,23.800406],[90.40074,23.795185],[90.399078,23.793093],[90.400091,23.793159],[90.399692,23.790534]]]},"id":"276","properties":{"Zone":"277","District":"Dhaka","CC_Upazila":"Dhaka North City Corporation","Area_Cal":1324.66249897},"type":"Feature"},{"geometry":{"type":"Polygon","coordinates":[[[90.388171,23.790819],[90.399692,23.790534],[90.397821,23.778682],[90.389571,23.77559],[90.388455,23.76504],[90.384607,23.765644],[90.376981,23.789978],[90.37841,23.791104],[90.378166,23.792721],[90.379357,23.790707],[90.382206,23.791185],[90.383433,23.785333],[90.385321,23.783063],[90.386166,23.786084],[90.388702,23.787827],[90.388171,23.790819]]]},"id":"277","properties":{"Zone":"278","District":"Dhaka","CC_Upazila":"Dhaka North City Corporation","Area_Cal":897.968339580329},"type":"Feature"},{"geometry":{"type":"Polygon","coordinates":[[[90.366567,23.840183],[90.374104,23.839278],[90.374946,23.841014],[90.376782,23.840487],[90.376207,23.835287],[90.369462,23.835916],[90.368486,23.832589],[90.369923,23.832564],[90.369885,23.829612],[90.363678,23.829669],[90.360489,23.831778],[90.355799,23.831026],[90.35566,23.843084],[90.3532,23.845662],[90.355408,23.848202],[90.360131,23.848363],[90.360328,23.846072],[90.363439,23.845086],[90.366567,23.840183]]]},"id":"278","properties":{"Zone":"279","District":"Dhaka","CC_Upazila":"Dhaka North City Corporation","Area_Cal":657.9127314370963},"type":"Feature"}],"type":"FeatureCollection"}