{"features":[{"geometry":{"type":"LineString","coordinates":[[90.23892,24.045632],[90.244045,24.020006],[90.245044,24.016171],[90.255702,23.993681],[90.265577,23.971272],[90.274268,23.950633],[90.274347,23.949545],[90.274054,23.947683],[90.27352,23.946258],[90.269768,23.938271],[90.26987,23.938053],[90.272916,23.936747],[90.274232,23.936339],[90.27756,23.936191],[90.280504,23.936551],[90.284868,23.937363],[90.290261,23.936928],[90.298486,23.936861],[90.301127,23.93586],[90.306583,23.932396],[90.308001,23.931297],[90.309141,23.925604],[90.310459,23.922725],[90.311058,23.920595],[90.314216,23.916661],[90.317206,23.914568],[90.318886,23.913134],[90.320332,23.911141],[90.320512,23.910362],[90.320391,23.908555],[90.320955,23.907274],[90.324068,23.904784],[90.325993,23.902571],[90.327131,23.900573],[90.32853,23.899267],[90.330716,23.897808],[90.333593,23.897125],[90.362097,23.892269],[90.361484,23.891553],[90.360696,23.890025],[90.36007,23.88775],[90.359992,23.886866],[90.360686,23.884108],[90.360504,23.882696],[90.360152,23.881743],[90.359562,23.88099],[90.356455,23.878838],[90.354345,23.87711],[90.353636,23.876466],[90.353219,23.875831],[90.352743,23.874829],[90.353065,23.869902],[90.352963,23.868769],[90.351381,23.864924],[90.348545,23.85994],[90.341715,23.852016],[90.34052,23.849532],[90.339933,23.847386],[90.339923,23.847054],[90.3403,23.846312],[90.342448,23.843542],[90.343093,23.842302],[90.343174,23.841856],[90.342556,23.840331],[90.341345,23.839227],[90.340361,23.838047],[90.340187,23.837579],[90.340101,23.835096],[90.340503,23.831742],[90.340805,23.831229],[90.34154,23.83052],[90.342557,23.829804],[90.343125,23.828975],[90.344566,23.828661],[90.344991,23.82841],[90.345293,23.827731],[90.34509,23.82667],[90.344685,23.825984],[90.343846,23.824829],[90.342317,23.823315],[90.341487,23.821971],[90.341323,23.821458],[90.341393,23.820273],[90.341871,23.818785],[90.341832,23.817831],[90.340269,23.812893],[90.340113,23.81185],[90.340554,23.80829],[90.343117,23.805363],[90.34351,23.804389],[90.344058,23.80057],[90.343464,23.798484],[90.345675,23.798409],[90.346468,23.798118],[90.347947,23.795476],[90.348203,23.795214],[90.348935,23.795063],[90.349073,23.796173],[90.349259,23.796396],[90.352197,23.797931],[90.364461,23.805655],[90.366698,23.806669],[90.369478,23.807275],[90.374664,23.806151],[90.37544,23.805676],[90.380428,23.801553],[90.382242,23.80044],[90.387242,23.798454]]},"id":"0","properties":{"Actual Bus":94,"Alingment":"Mirpur-14 ? Mirpur-10 ? Mirpur-1 ? Mazar Road ? Dhour ? Ashulia ? Fantasy Kingdom ? Nandan Park ? Chandra","Average OS":9.766544694,"Average TS":21.06195633,"B-A":930,"Bus No":65,"Bus Type":"Non-AC","Capacity":54,"First A":7,"Headway":14,"Last B":22.5,"Length":41.9331,"No of  R T":2.03,"No of Trip":4.05,"Operation ":191.3,"Operator":"Alif Enterprise","Permitted ":90,"Route_ID":"A-182","Seat No":36,"Serial_no":1,"TB Actual":148744.9033,"TB BRTA":49951.64663,"TB PD":49951.64663,"TBPDPT":8905,"Total B/A":137,"Travel Tim":88.70685946},"type":"Feature"},{"geometry":{"type":"LineString","coordinates":[[90.504476,23.616169],[90.501666,23.615672],[90.501439,23.617905],[90.5005,23.62286],[90.499887,23.623814],[90.499352,23.624019],[90.49679,23.62761],[90.496597,23.628114],[90.493687,23.643999],[90.491953,23.649678],[90.489243,23.656157],[90.483981,23.672535],[90.482473,23.676513],[90.481993,23.684105],[90.480725,23.693731],[90.474675,23.693025],[90.472936,23.693008],[90.470909,23.693255],[90.468976,23.693799],[90.450438,23.702729],[90.434731,23.710025],[90.430089,23.711454],[90.426234,23.714017],[90.422497,23.715986],[90.422015,23.716435],[90.420572,23.718562],[90.420199,23.719703],[90.420144,23.720526],[90.420356,23.721623],[90.421543,23.721643],[90.421661,23.726538]]},"id":"1","properties":{"Actual Bus":58,"Alingment":"Motijheel ? Ittefaq ? Jatrabari ? Link Road ? Narayanganj","Average OS":11.85425653,"Average TS":19.8682952,"B-A":930,"Bus No":37,"Bus Type":"AC","Capacity":54,"First A":7,"Headway":25,"Last B":22.5,"Length":17.2287,"No of  R T":8.8,"No of Trip":17.59,"Operation ":44.05,"Operator":"ASEAN AC Bus Services","Permitted ":24,"Route_ID":"A-238","Seat No":36,"Serial_no":2,"TB Actual":0.0,"TB BRTA":20690.12486,"TB PD":20690.12486,"TBPDPT":1813,"Total B/A":49,"Travel Tim":26.28207376},"type":"Feature"},{"geometry":{"type":"LineString","coordinates":[[90.411804,23.722811],[90.411781,23.722391],[90.411179,23.7223],[90.41082,23.722446],[90.410652,23.722309],[90.40995,23.720053],[90.40889,23.718695],[90.40863,23.717093],[90.40863,23.714649],[90.406799,23.714394],[90.404213,23.713362],[90.403595,23.712942],[90.402985,23.71104],[90.402542,23.710176],[90.397713,23.702791],[90.397659,23.700579],[90.39817,23.697943],[90.399689,23.693621],[90.399986,23.692055],[90.401871,23.687357],[90.402946,23.683033],[90.404059,23.677296],[90.404754,23.676025],[90.406005,23.675201],[90.40628,23.674757],[90.405883,23.673721],[90.404921,23.672894],[90.404326,23.672878],[90.403258,23.673132],[90.402495,23.672892],[90.395163,23.667144],[90.392219,23.66446],[90.390792,23.663627],[90.38967,23.663346],[90.385253,23.662858],[90.365784,23.661143],[90.356041,23.66011],[90.354317,23.659728],[90.352722,23.658624],[90.351692,23.657278],[90.351341,23.656491],[90.350998,23.654879],[90.351013,23.653118],[90.350586,23.650418],[90.350014,23.64922],[90.349457,23.646788],[90.348785,23.645357],[90.344321,23.631936],[90.34323,23.628825],[90.342627,23.627569],[90.315168,23.596371],[90.314176,23.595145],[90.312177,23.592044],[90.307759,23.583464],[90.30566,23.580086],[90.305225,23.578817],[90.304714,23.575922],[90.304264,23.574533],[90.299372,23.566033],[90.298617,23.564459],[90.29851,23.562313],[90.300271,23.550517],[90.300172,23.549233],[90.299904,23.54839],[90.297104,23.544102],[90.296478,23.543308],[90.296089,23.543068],[90.295669,23.542328],[90.293449,23.539659],[90.291725,23.537019],[90.290778,23.534696],[90.290244,23.530416],[90.289968,23.52948],[90.289541,23.528711],[90.288526,23.527664],[90.286489,23.526055],[90.285032,23.524512],[90.280584,23.519329],[90.279477,23.517577],[90.276073,23.509504],[90.274814,23.505693],[90.270738,23.496181],[90.269304,23.491843],[90.268738,23.489048],[90.269654,23.488987],[90.269852,23.488708],[90.269852,23.48832],[90.269623,23.487612],[90.269058,23.487051],[90.268844,23.485211],[90.268272,23.484227],[90.267677,23.48203],[90.267859,23.478313],[90.267514,23.476064],[90.266988,23.47476],[90.266103,23.473496],[90.266225,23.473282],[90.267354,23.472878],[90.268849,23.472783],[90.271138,23.473697],[90.272907,23.473482],[90.273892,23.473538],[90.275677,23.473906],[90.276821,23.473961],[90.278622,23.474483],[90.283252,23.474377],[90.286395,23.475105],[90.287639,23.475743],[90.288669,23.476033],[90.290263,23.475936],[90.291255,23.476235],[90.292598,23.475906],[90.293696,23.476156],[90.295778,23.476749],[90.298549,23.47853],[90.299502,23.47869],[90.301104,23.478094],[90.303629,23.478132],[90.303858,23.477261],[90.303888,23.476206],[90.305436,23.475708],[90.307099,23.475429],[90.307626,23.475125],[90.308,23.47465],[90.30861,23.474677],[90.309335,23.474446],[90.310219,23.473271],[90.31105,23.473115],[90.311813,23.472646],[90.312729,23.471443],[90.313895,23.471065],[90.314711,23.470474],[90.315635,23.470407],[90.315924,23.46974],[90.317023,23.469204],[90.31787,23.468986],[90.318595,23.469012],[90.323149,23.468424],[90.324308,23.468143],[90.324774,23.46825],[90.326231,23.469154],[90.328092,23.469233],[90.329244,23.469104],[90.32955,23.468817],[90.330327,23.46736],[90.330807,23.467013],[90.332661,23.46712],[90.333112,23.467386],[90.333257,23.469417],[90.333494,23.469524],[90.335065,23.469694],[90.335439,23.470009],[90.337369,23.470477],[90.33991,23.471347],[90.343373,23.471763],[90.34557,23.472717],[90.34892,23.473748],[90.351025,23.474247],[90.355275,23.474898],[90.355794,23.475058],[90.356595,23.475613],[90.362485,23.476871],[90.368214,23.478461],[90.369764,23.479457],[90.371542,23.479453],[90.37377,23.479861],[90.381094,23.481614],[90.383032,23.481992],[90.384084,23.482025],[90.384664,23.482392],[90.39002,23.483632],[90.393934,23.486437],[90.398528,23.48928],[90.399215,23.490438],[90.401213,23.491099],[90.403472,23.492167],[90.404456,23.492342]]},"id":"2","properties":{"Actual Bus":64,"Alingment":"Sayedabad ? Fulbaria ? Nayabazar / Tantibazar ? Babubazar ? Zinjira ? Kadamtali ? Chunkutia ? Abdullahpur ? Kalakandi ? Bejgaon ? Mawa Ghat ? Baliagaon ? Meghna Ferry Ghat","Average OS":23.04295669,"Average TS":29.82376458,"B-A":960,"Bus No":32,"Bus Type":"Non-AC","Capacity":54,"First A":7,"Headway":30,"Last B":23.0,"Length":51.3925,"No of  R T":2.99,"No of Trip":5.97,"Operation ":133.9333333,"Operator":"Easy Line","Permitted ":0,"Route_ID":"N13","Seat No":36,"Serial_no":3,"TB Actual":0.0,"TB BRTA":0.0,"TB PD":0.0,"TBPDPT":1504,"Total B/A":47,"Travel Tim":103.4819059},"type":"Feature"},{"geometry":{"type":"LineString","coordinates":[[90.387242,23.798454],[90.387951,23.793809],[90.387911,23.791001],[90.388171,23.790859],[90.3899,23.791029],[90.391755,23.790532],[90.391206,23.789078],[90.39096,23.787653],[90.389556,23.78333],[90.389356,23.782014],[90.389472,23.778615],[90.390149,23.773352],[90.389257,23.768631],[90.388924,23.765351],[90.388981,23.764556],[90.389357,23.761065],[90.389759,23.759192],[90.393298,23.749834],[90.395738,23.742737],[90.396104,23.740887],[90.39587,23.738104],[90.397505,23.738105],[90.39896,23.737663],[90.399596,23.736968],[90.400904,23.734609],[90.402128,23.733959],[90.403698,23.73369],[90.404405,23.732575],[90.404904,23.73048],[90.405233,23.729902],[90.410144,23.730121],[90.41051,23.727797],[90.412061,23.727513],[90.411998,23.724992],[90.41212,23.724919],[90.413638,23.724839],[90.414554,23.725215],[90.415116,23.725719],[90.415129,23.727357],[90.415242,23.727518],[90.415611,23.727815],[90.416783,23.728035],[90.417501,23.728873],[90.417727,23.728876],[90.421381,23.726797],[90.421718,23.726869],[90.421844,23.7275]]},"id":"3","properties":{"Actual Bus":22,"Alingment":"Mirpur-14 ? Dhaka Cantonment ? Farmgate ? Kawran Bazar ? Shahbagh ? Gulistan ? Motijheel","Average OS":7.832860973,"Average TS":17.53170308,"B-A":930,"Bus No":129,"Bus Type":"Non-AC","Capacity":54,"First A":7,"Headway":7,"Last B":22.5,"Length":11.3184,"No of  R T":8.9,"No of Trip":17.81,"Operation ":43.51666667,"Operator":"Trust Transport Services","Permitted ":20,"Route_ID":"A-327","Seat No":36,"Serial_no":4,"TB Actual":0.0,"TB BRTA":18165.45385,"TB PD":18165.45385,"TBPDPT":6579,"Total B/A":51,"Travel Tim":19.44249217},"type":"Feature"},{"geometry":{"type":"LineString","coordinates":[[90.387616,23.722787],[90.3863,23.726879],[90.385654,23.730577],[90.384042,23.736194],[90.382016,23.744729],[90.374354,23.757991],[90.374676,23.758159],[90.38377,23.758745],[90.38334,23.765789],[90.382481,23.770867],[90.377903,23.785306],[90.37025,23.80325],[90.36871,23.806511],[90.364483,23.822013],[90.36423,23.824435],[90.357004,23.824285]]},"id":"4","properties":{"Actual Bus":21,"Alingment":"Pallabi (Duaripara) ? Pallabi (Anik Plaza) ? Mirpur-11 ? Mirpur-10 ? Kazipara ? Shewrapara ? Agargaon ? New Market ? Etimkhana ? Dhakeshwari Temple","Average OS":9.107769654,"Average TS":12.75191916,"B-A":900,"Bus No":37,"Bus Type":"Non-AC","Capacity":54,"First A":7,"Headway":24,"Last B":22.0,"Length":13.4601,"No of  R T":5.14,"No of Trip":10.28,"Operation ":72.93333333,"Operator":"Safety Enterprise (Pvt.) Ltd.","Permitted ":34,"Route_ID":"A-105","Seat No":36,"Serial_no":5,"TB Actual":11877.28519,"TB BRTA":19229.89031,"TB PD":19229.89031,"TBPDPT":2035,"Total B/A":55,"Travel Tim":52.09098268},"type":"Feature"},{"geometry":{"type":"MultiLineString","coordinates":[[[90.244045,24.020006],[90.242799,24.026677],[90.242463,24.028481],[90.244045,24.020006]],[[90.245044,24.016171],[90.244045,24.020006]],[[90.248808,24.008047],[90.247079,24.01178],[90.245044,24.016171]],[[90.245044,24.016171],[90.248808,24.008047]],[[90.252538,24.000286],[90.248808,24.008047]],[[90.255702,23.993681],[90.255675,23.993738],[90.252538,24.000286]],[[90.252538,24.000286],[90.255702,23.993681]],[[90.261621,23.980249],[90.255702,23.993681]],[[90.255702,23.993681],[90.258325,23.987729],[90.261621,23.980249]],[[90.256532,23.844614],[90.256574,23.844826]],[[90.256532,23.844614],[90.256533,23.843641]],[[90.256533,23.843641],[90.256532,23.844419],[90.256532,23.844614]],[[90.256662,23.843101],[90.256632,23.843226],[90.256533,23.843641]],[[90.256533,23.843641],[90.256662,23.843101]],[[90.256574,23.844826],[90.256623,23.845077],[90.256695,23.845443]],[[90.256695,23.845443],[90.256574,23.844826]],[[90.257132,23.841507],[90.256662,23.843101]],[[90.256695,23.845443],[90.256833,23.845859],[90.257082,23.846609]],[[90.257082,23.846609],[90.256695,23.845443]],[[90.257082,23.846609],[90.257378,23.847415]],[[90.258305,23.837536],[90.257155,23.84143],[90.257132,23.841507]],[[90.257132,23.841507],[90.258305,23.837536]],[[90.257378,23.847415],[90.257392,23.847454],[90.257507,23.847767]],[[90.257507,23.847767],[90.257378,23.847415]],[[90.257743,23.84841],[90.257509,23.847771],[90.257507,23.847767]],[[90.257507,23.847767],[90.257743,23.84841]],[[90.257598,23.811499],[90.257328,23.812496],[90.257294,23.813823],[90.257492,23.821194],[90.257692,23.822588]],[[90.259241,23.808623],[90.257637,23.811432],[90.257598,23.811499]],[[90.257598,23.811499],[90.259241,23.808623]],[[90.257692,23.822588],[90.258237,23.826558],[90.258524,23.828651],[90.258533,23.828721],[90.258737,23.830205]],[[90.258737,23.830205],[90.257692,23.822588]],[[90.257743,23.84841],[90.257813,23.848599]],[[90.257813,23.848599],[90.258911,23.85159],[90.259685,23.853698]],[[90.259685,23.853698],[90.257813,23.848599]],[[90.25883,23.835758],[90.258409,23.837182],[90.258305,23.837536]],[[90.258305,23.837536],[90.25883,23.835758]],[[90.258737,23.830205],[90.258778,23.830554],[90.259062,23.832995]],[[90.259062,23.832995],[90.258737,23.830205]],[[90.259059,23.833173],[90.259023,23.83491],[90.25883,23.835758]],[[90.259189,23.91287],[90.258478,23.913435],[90.262649,23.922617]],[[90.261121,23.911569],[90.259507,23.912656],[90.259189,23.91287]],[[90.259189,23.91287],[90.261121,23.911569]],[[90.259062,23.832995],[90.259059,23.833136],[90.259059,23.833173]],[[90.259059,23.833173],[90.259062,23.832995]],[[90.259422,23.808307],[90.259416,23.808317],[90.259241,23.808623]],[[90.259241,23.808623],[90.259422,23.808307]],[[90.260036,23.807232],[90.259506,23.80816],[90.259422,23.808307]],[[90.259422,23.808307],[90.260036,23.807232]],[[90.259685,23.853698],[90.260272,23.854752],[90.261395,23.856771]],[[90.261395,23.856771],[90.259685,23.853698]],[[90.2622,23.802971],[90.261555,23.804241],[90.260036,23.807232]],[[90.260036,23.807232],[90.2622,23.802971]],[[90.268269,23.903612],[90.26701,23.905548],[90.264768,23.908214],[90.263248,23.909843],[90.261121,23.911569]],[[90.263018,23.97708],[90.261621,23.980249]],[[90.261621,23.980249],[90.265577,23.971272]],[[90.261395,23.856771],[90.262231,23.858307],[90.262328,23.858486]],[[90.262328,23.858486],[90.261395,23.856771]],[[90.262526,23.801977],[90.262202,23.802966],[90.2622,23.802971]],[[90.2622,23.802971],[90.262526,23.801977]],[[90.262328,23.858486],[90.262385,23.858591],[90.262607,23.858998]],[[90.262607,23.858998],[90.262328,23.858486]],[[90.262649,23.922617],[90.264242,23.926136],[90.265737,23.929442]],[[90.265737,23.929442],[90.262649,23.922617]],[[90.263018,23.97708],[90.262818,23.977533]],[[90.262607,23.858998],[90.263501,23.860072],[90.265648,23.861515]],[[90.264599,23.796687],[90.263711,23.797919],[90.263399,23.798692],[90.262526,23.801977]],[[90.265577,23.971272],[90.263018,23.97708]],[[90.265538,23.795656],[90.264803,23.796463],[90.264599,23.796687]],[[90.264599,23.796687],[90.265538,23.795656]],[[90.268309,23.964878],[90.265577,23.971272]],[[90.265737,23.929442],[90.268436,23.935354],[90.269768,23.938271]],[[90.269768,23.938271],[90.265737,23.929442]],[[90.265648,23.861515],[90.266629,23.862341],[90.266771,23.862461]],[[90.266771,23.862461],[90.265648,23.861515]],[[90.266427,23.794992],[90.26594,23.795355],[90.265538,23.795656]],[[90.265538,23.795656],[90.266427,23.794992]],[[90.270193,23.793306],[90.268134,23.793947],[90.266427,23.794992]],[[90.266771,23.862461],[90.268354,23.863876],[90.268741,23.864222]],[[90.268741,23.864222],[90.266771,23.862461]],[[90.270304,23.960208],[90.268908,23.963475],[90.268309,23.964878]],[[90.268309,23.964878],[90.270304,23.960208]],[[90.268919,23.901669],[90.268854,23.901863],[90.268269,23.903612]],[[90.268269,23.903612],[90.268919,23.901669]],[[90.268741,23.864222],[90.269186,23.86462]],[[90.270714,23.896297],[90.26984,23.898913],[90.268919,23.901669]],[[90.268919,23.901669],[90.270714,23.896297]],[[90.269186,23.86462],[90.269702,23.865187],[90.270582,23.866154]],[[90.270582,23.866154],[90.269186,23.86462]],[[90.269768,23.938271],[90.269817,23.938374]],[[90.269817,23.938374],[90.27032,23.939446],[90.271425,23.941798]],[[90.271425,23.941798],[90.269817,23.938374]],[[90.273907,23.951524],[90.270645,23.959384],[90.270304,23.960208]],[[90.270304,23.960208],[90.273907,23.951524]],[[90.271193,23.793241],[90.270652,23.793276],[90.270193,23.793306]],[[90.270193,23.793306],[90.271193,23.793241]],[[90.270582,23.866154],[90.271928,23.868281]],[[90.271589,23.893644],[90.271242,23.894697],[90.270714,23.896297]],[[90.270714,23.896297],[90.271589,23.893644]],[[90.271425,23.941798],[90.272624,23.94435]],[[90.271601,23.79323],[90.271193,23.793241]],[[90.272069,23.889285],[90.271589,23.893644]],[[90.27284,23.793317],[90.272224,23.793274],[90.271601,23.79323]],[[90.271601,23.79323],[90.27284,23.793317]],[[90.271928,23.868281],[90.272387,23.869331],[90.272661,23.86996]],[[90.272661,23.86996],[90.271928,23.868281]],[[90.272275,23.887412],[90.272148,23.888565],[90.272069,23.889285]],[[90.272069,23.889285],[90.272275,23.887412]],[[90.272531,23.885089],[90.272275,23.887412]],[[90.272624,23.94435],[90.273165,23.945502],[90.27352,23.946258]],[[90.27352,23.946258],[90.272624,23.94435]],[[90.272668,23.883218],[90.272541,23.884953],[90.272531,23.885089]],[[90.272531,23.885089],[90.272668,23.883218]],[[90.272668,23.883218],[90.2727,23.88278],[90.2727,23.88278]],[[90.2727,23.88278],[90.272668,23.883218]],[[90.272661,23.86996],[90.272768,23.870556],[90.272936,23.871488]],[[90.272936,23.871488],[90.272661,23.86996]],[[90.273317,23.874367],[90.272989,23.878845],[90.2727,23.88278]],[[90.2727,23.88278],[90.273317,23.874367]],[[90.272936,23.871488],[90.273075,23.872264]],[[90.272997,23.793346],[90.27284,23.793317]],[[90.273075,23.872264],[90.273234,23.873646],[90.273317,23.874367]],[[90.273317,23.874367],[90.273075,23.872264]],[[90.274465,23.793621],[90.273025,23.793351],[90.272997,23.793346]],[[90.272997,23.793346],[90.274465,23.793621]],[[90.27352,23.946258],[90.274054,23.947683],[90.274347,23.949545],[90.274268,23.950633],[90.273907,23.951524]],[[90.27535,23.793787],[90.274864,23.793696],[90.274465,23.793621]],[[90.274465,23.793621],[90.27535,23.793787]],[[90.276034,23.793923],[90.275545,23.793826],[90.27535,23.793787]],[[90.27535,23.793787],[90.276034,23.793923]],[[90.281343,23.794977],[90.278733,23.794459],[90.276034,23.793923]],[[90.276034,23.793923],[90.281343,23.794977]],[[90.283471,23.795141],[90.281343,23.794977]],[[90.283828,23.795159],[90.283586,23.795147],[90.283471,23.795141]],[[90.283471,23.795141],[90.283828,23.795159]],[[90.284532,23.795196],[90.283828,23.795159]],[[90.285367,23.795239],[90.284636,23.795201],[90.284532,23.795196]],[[90.284532,23.795196],[90.285367,23.795239]],[[90.291153,23.795059],[90.288997,23.795268],[90.285367,23.795239]],[[90.293218,23.794649],[90.291187,23.795052],[90.291153,23.795059]],[[90.291153,23.795059],[90.293218,23.794649]],[[90.296202,23.793825],[90.294374,23.79433],[90.293218,23.794649]],[[90.293218,23.794649],[90.296202,23.793825]],[[90.302028,23.792284],[90.299484,23.792957],[90.296202,23.793825]],[[90.296202,23.793825],[90.302028,23.792284]],[[90.308459,23.791001],[90.302028,23.792284]],[[90.308949,23.7909],[90.308662,23.79096],[90.308459,23.791001]],[[90.308459,23.791001],[90.308949,23.7909]],[[90.311127,23.790451],[90.308949,23.7909]],[[90.312707,23.790124],[90.311296,23.790416],[90.311127,23.790451]],[[90.311127,23.790451],[90.312707,23.790124]],[[90.314408,23.789976],[90.314354,23.789981],[90.312707,23.790124]],[[90.312707,23.790124],[90.314408,23.789976]],[[90.325148,23.78949],[90.323214,23.790071],[90.316425,23.7898],[90.314408,23.789976]],[[90.327275,23.787907],[90.32619,23.788715],[90.325148,23.78949]],[[90.325148,23.78949],[90.327275,23.787907]],[[90.328706,23.786771],[90.327275,23.787907]],[[90.329553,23.786326],[90.32905,23.786591],[90.328706,23.786771]],[[90.328706,23.786771],[90.329553,23.786326]],[[90.331993,23.785476],[90.331467,23.785659],[90.329553,23.786326]],[[90.329553,23.786326],[90.331993,23.785476]],[[90.333293,23.785032],[90.331993,23.785476]],[[90.334008,23.784788],[90.333549,23.784945],[90.333293,23.785032]],[[90.333293,23.785032],[90.334008,23.784788]],[[90.33568,23.784176],[90.3348,23.784498],[90.334008,23.784788]],[[90.334008,23.784788],[90.33568,23.784176]],[[90.337378,23.783561],[90.33568,23.784176]],[[90.338599,23.78314],[90.338308,23.78324],[90.337378,23.783561]],[[90.337378,23.783561],[90.338599,23.78314]],[[90.339527,23.783054],[90.338599,23.78314]],[[90.340931,23.783133],[90.3406,23.783114],[90.34031,23.783098],[90.340016,23.783081],[90.339527,23.783054]],[[90.339527,23.783054],[90.340931,23.783133]],[[90.343716,23.783342],[90.340931,23.783133]],[[90.344454,23.783292],[90.344222,23.783308],[90.343716,23.783342]],[[90.343716,23.783342],[90.344454,23.783292]],[[90.344738,23.783255],[90.344454,23.783292]],[[90.347052,23.782952],[90.346072,23.78308],[90.344738,23.783255]],[[90.344738,23.783255],[90.347052,23.782952]],[[90.349234,23.782611],[90.347052,23.782952]],[[90.350123,23.782356],[90.350076,23.782369],[90.349234,23.782611]],[[90.349234,23.782611],[90.350123,23.782356]],[[90.351388,23.781759],[90.350123,23.782356]],[[90.350123,23.782356],[90.350193,23.782323],[90.351388,23.781759]],[[90.351388,23.781759],[90.351798,23.781566]],[[90.351798,23.781566],[90.351628,23.781646],[90.351388,23.781759]],[[90.351813,23.781569],[90.351798,23.781566]],[[90.351874,23.781537],[90.351852,23.781548],[90.351813,23.781569]],[[90.351813,23.781569],[90.351874,23.781537]],[[90.351895,23.781525],[90.351874,23.781537]],[[90.352495,23.781206],[90.352341,23.781288],[90.351895,23.781525]],[[90.351895,23.781525],[90.352495,23.781206]],[[90.352631,23.781134],[90.352543,23.781181],[90.352495,23.781206]],[[90.352495,23.781206],[90.352631,23.781134]],[[90.353886,23.780466],[90.353713,23.780558],[90.352631,23.781134]],[[90.352631,23.781134],[90.353886,23.780466]],[[90.354081,23.78037],[90.353886,23.780466]],[[90.354399,23.780214],[90.354299,23.780264],[90.354081,23.78037]],[[90.354081,23.78037],[90.354399,23.780214]],[[90.354762,23.780036],[90.354735,23.780049],[90.354399,23.780214]],[[90.354399,23.780214],[90.354762,23.780036]],[[90.35493,23.779954],[90.354762,23.780036]],[[90.355348,23.779749],[90.355068,23.779886],[90.35493,23.779954]],[[90.35493,23.779954],[90.355348,23.779749]],[[90.356282,23.779247],[90.355353,23.779746],[90.355348,23.779749]],[[90.355348,23.779749],[90.356282,23.779247]],[[90.356717,23.779104],[90.356282,23.779247]],[[90.357974,23.77894],[90.357367,23.779019],[90.356717,23.779104]],[[90.356717,23.779104],[90.357974,23.77894]],[[90.359216,23.778786],[90.358563,23.778867],[90.357974,23.77894]],[[90.357974,23.77894],[90.359216,23.778786]],[[90.359734,23.77869],[90.35965,23.778705],[90.359216,23.778786]],[[90.359216,23.778786],[90.359734,23.77869]],[[90.360307,23.778499],[90.359734,23.77869]],[[90.360789,23.778241],[90.360522,23.778384],[90.360307,23.778499]],[[90.360307,23.778499],[90.360789,23.778241]],[[90.361608,23.777738],[90.360789,23.778241]],[[90.362371,23.777244],[90.361983,23.777496],[90.361608,23.777738]],[[90.361608,23.777738],[90.362371,23.777244]],[[90.362682,23.777038],[90.362371,23.777244]],[[90.362906,23.776885],[90.362872,23.776908],[90.362682,23.777038]],[[90.362682,23.777038],[90.362906,23.776885]],[[90.363168,23.776706],[90.362906,23.776885]],[[90.363432,23.776525],[90.363168,23.776706]],[[90.363168,23.776706],[90.363254,23.776647],[90.363432,23.776525]],[[90.363944,23.776176],[90.363432,23.776525]],[[90.363944,23.776176],[90.364194,23.776004]],[[90.364194,23.776004],[90.364192,23.776006],[90.363944,23.776176]],[[90.364625,23.77571],[90.364252,23.775965],[90.364194,23.776004]],[[90.364194,23.776004],[90.364625,23.77571]],[[90.365577,23.774974],[90.364888,23.775507],[90.364625,23.77571]],[[90.364625,23.77571],[90.365577,23.774974]],[[90.3658,23.774793],[90.365577,23.774974]],[[90.366303,23.774383],[90.366209,23.774459],[90.3658,23.774793]],[[90.3658,23.774793],[90.366303,23.774383]],[[90.366902,23.773732],[90.366792,23.773851],[90.366303,23.774383]],[[90.366303,23.774383],[90.366902,23.773732]],[[90.367065,23.773507],[90.366902,23.773732]],[[90.367155,23.773384],[90.367091,23.773472],[90.367065,23.773507]],[[90.367065,23.773507],[90.367155,23.773384]],[[90.367155,23.773384],[90.367156,23.773383],[90.367162,23.773375]],[[90.367162,23.773375],[90.367155,23.773384]],[[90.367538,23.772639],[90.367162,23.773375]],[[90.367581,23.772528],[90.367538,23.772637],[90.367538,23.772639]],[[90.367538,23.772639],[90.367581,23.772528]],[[90.367641,23.772375],[90.367581,23.772528]],[[90.367724,23.772166],[90.367717,23.772184],[90.367641,23.772375]],[[90.367641,23.772375],[90.367724,23.772166]],[[90.367912,23.771692],[90.367742,23.77212],[90.367724,23.772166]],[[90.367724,23.772166],[90.367912,23.771692]],[[90.367952,23.771591],[90.367912,23.771692]],[[90.368155,23.771077],[90.36802,23.771418],[90.367952,23.771591]],[[90.367952,23.771591],[90.368155,23.771077]],[[90.36878,23.7695],[90.368155,23.771077]],[[90.368913,23.769163],[90.368897,23.769202],[90.36878,23.7695]],[[90.36878,23.7695],[90.368913,23.769163]],[[90.368939,23.769096],[90.368918,23.769149],[90.368913,23.769163]],[[90.368913,23.769163],[90.368939,23.769096]],[[90.369151,23.76856],[90.369076,23.76875],[90.368939,23.769096]],[[90.368939,23.769096],[90.369151,23.76856]],[[90.369207,23.768418],[90.369151,23.76856]],[[90.369348,23.768061],[90.369332,23.7681],[90.369207,23.768418]],[[90.369207,23.768418],[90.369348,23.768061]],[[90.369348,23.768061],[90.369348,23.768061],[90.369348,23.768061]],[[90.369348,23.768061],[90.369348,23.768061]],[[90.369561,23.767521],[90.369438,23.767833],[90.369348,23.768061]],[[90.369348,23.768061],[90.369561,23.767521]],[[90.369913,23.76663],[90.369627,23.767355],[90.369561,23.767521]],[[90.369561,23.767521],[90.369913,23.76663]],[[90.369925,23.766598],[90.369914,23.766628],[90.369913,23.76663]],[[90.369913,23.76663],[90.369925,23.766598]],[[90.370036,23.766311],[90.369925,23.766598]],[[90.370308,23.765593],[90.370197,23.765885],[90.370036,23.766311]],[[90.370036,23.766311],[90.370308,23.765593]],[[90.370674,23.764624],[90.370308,23.765593]],[[90.370834,23.764202],[90.370804,23.76428],[90.370674,23.764624]],[[90.370674,23.764624],[90.370834,23.764202]],[[90.370845,23.764172],[90.370834,23.764202]],[[90.371036,23.763656],[90.370935,23.763928],[90.370845,23.764172]],[[90.370845,23.764172],[90.371036,23.763656]],[[90.371098,23.763491],[90.371036,23.763656]],[[90.371363,23.763018],[90.371239,23.763239],[90.371098,23.763491]],[[90.371098,23.763491],[90.371363,23.763018]],[[90.371699,23.762418],[90.371363,23.763018]],[[90.371985,23.761908],[90.371816,23.76221],[90.371699,23.762418]],[[90.371699,23.762418],[90.371985,23.761908]],[[90.372359,23.761247],[90.371985,23.761908]],[[90.372681,23.760785],[90.372638,23.760846],[90.372359,23.761247]],[[90.372359,23.761247],[90.372681,23.760785]],[[90.372712,23.76074],[90.372681,23.760785]],[[90.372712,23.76074],[90.372817,23.760562]],[[90.372817,23.760562],[90.372804,23.760585],[90.372712,23.76074]],[[90.373395,23.759547],[90.372817,23.760562]],[[90.373601,23.759175],[90.373395,23.759547]],[[90.373395,23.759547],[90.373485,23.759385],[90.373601,23.759175]],[[90.373917,23.758606],[90.373735,23.758934],[90.373601,23.759175]],[[90.373601,23.759175],[90.373917,23.758606]],[[90.373988,23.758477],[90.373956,23.758536],[90.373917,23.758606]],[[90.373917,23.758606],[90.373988,23.758477]],[[90.374107,23.758274],[90.373988,23.758477]],[[90.37655,23.754236],[90.375775,23.755452],[90.374107,23.758274]],[[90.374107,23.758274],[90.374228,23.758237],[90.375698,23.758303]],[[90.37655,23.754236],[90.376412,23.754452]],[[90.480725,23.693731],[90.474675,23.693025],[90.472936,23.693008],[90.470909,23.693255],[90.468976,23.693799],[90.450438,23.702729],[90.434731,23.710025],[90.430089,23.711454],[90.425578,23.714451],[90.423791,23.715212],[90.422641,23.71589],[90.421356,23.716161],[90.420617,23.716561],[90.418705,23.719746],[90.417518,23.721156],[90.416753,23.721754],[90.41502,23.722713],[90.413786,23.722979],[90.403964,23.723381],[90.395546,23.72464],[90.395852,23.722966],[90.395643,23.722368],[90.393058,23.723149],[90.392841,23.722834],[90.392898,23.722418],[90.391873,23.722425],[90.39172,23.722138],[90.390631,23.722208],[90.390246,23.722079],[90.389634,23.722331],[90.388859,23.722106],[90.388732,23.72287],[90.387616,23.722787],[90.3863,23.726879],[90.385654,23.730577],[90.384042,23.736194],[90.382016,23.744729],[90.37655,23.754236]]]},"id":"5","properties":{"Actual Bus":86,"Alingment":"Signboard ? Mayor Mohammad Hanif Flyover ? Chankharpul ? Azimpur ? New Market ? Gabtoli ? Savar Nabinagar ? Jirani ? EPZ ? Nandan Park","Average OS":15.0966153,"Average TS":25.19173083,"B-A":900,"Bus No":65,"Bus Type":"Non-AC","Capacity":54,"First A":7,"Headway":14,"Last B":22.0,"Length":81.8154,"No of  R T":1.62,"No of Trip":3.24,"Operation ":231.4333333,"Operator":"Thikana Express Ltd.","Permitted ":97,"Route_ID":"A-384","Seat No":36,"Serial_no":6,"TB Actual":0.0,"TB BRTA":57210.85986,"TB PD":57210.85986,"TBPDPT":11830,"Total B/A":182,"Travel Tim":138.6907483},"type":"Feature"},{"geometry":{"type":"LineString","coordinates":[[90.434509,23.710326],[90.438408,23.708432],[90.441162,23.707395],[90.444527,23.705575],[90.450813,23.702765],[90.457504,23.699411],[90.468109,23.694389],[90.470627,23.693506],[90.472489,23.693199],[90.475328,23.693202],[90.481088,23.694075],[90.489434,23.694917],[90.492624,23.695548],[90.494562,23.695573],[90.498583,23.69596],[90.506884,23.697087],[90.508945,23.697789],[90.509662,23.698241],[90.511935,23.69909],[90.520145,23.705487],[90.521801,23.705901],[90.52367,23.705472],[90.524433,23.705027],[90.529637,23.700886],[90.530659,23.699581],[90.530949,23.699774],[90.531063,23.699693],[90.539403,23.693047],[90.546987,23.690294],[90.553397,23.683238],[90.555289,23.67961],[90.55641,23.678061],[90.556853,23.677026],[90.556906,23.676374],[90.558829,23.673256],[90.56008,23.670647],[90.560591,23.669972],[90.560744,23.669407],[90.563666,23.663597],[90.564444,23.662441],[90.565954,23.661193],[90.569159,23.659579],[90.577056,23.654245],[90.583404,23.650563],[90.588539,23.647348],[90.589226,23.646371],[90.594643,23.636398]]},"id":"6","properties":{"Actual Bus":84,"Alingment":"Signboard ? Shonir Akhra ? Rayerbagh ? Matuail ? Signboard ? Chittagong Road ? Kanchpur ? Madanpur ? Mograpara Bus Stand / Sonargaon ? Meghna Ghat Bus Stop","Average OS":11.60025189,"Average TS":25.05228209,"B-A":1050,"Bus No":35,"Bus Type":"Non-AC","Capacity":54,"First A":6,"Headway":30,"Last B":23.5,"Length":20.8817,"No of  R T":4.13,"No of Trip":8.27,"Operation ":105.8666667,"Operator":"Naf Paribahan Private Limited","Permitted ":0,"Route_ID":"N16","Seat No":36,"Serial_no":7,"TB Actual":0.0,"TB BRTA":0.0,"TB PD":0.0,"TBPDPT":3150,"Total B/A":90,"Travel Tim":49.02068384},"type":"Feature"},{"geometry":{"type":"LineString","coordinates":[[90.361804,23.892227],[90.364204,23.893184],[90.366652,23.893411],[90.369025,23.894343],[90.37311,23.893908],[90.375102,23.894134],[90.376129,23.894662],[90.377996,23.896511],[90.379212,23.897161],[90.380884,23.897754],[90.383052,23.897327],[90.384478,23.896666],[90.385203,23.896077],[90.388072,23.892359],[90.39127,23.883239],[90.392138,23.880114],[90.392466,23.879689],[90.393066,23.879558],[90.395659,23.879745],[90.400049,23.880717],[90.400655,23.880495],[90.401003,23.879967],[90.401257,23.879324],[90.401316,23.878592],[90.400534,23.875292],[90.40062,23.873277],[90.399885,23.862536],[90.400244,23.860833],[90.400753,23.85999],[90.408431,23.850487],[90.416893,23.840274],[90.4176,23.83924],[90.418689,23.836325],[90.419325,23.833172],[90.420539,23.825313],[90.42053,23.824678],[90.420225,23.823589],[90.419609,23.822482],[90.41946,23.821459],[90.420432,23.819676],[90.421009,23.818098],[90.421506,23.808022],[90.423554,23.797729],[90.425819,23.784482],[90.425623,23.779185],[90.425799,23.77432],[90.425571,23.7725],[90.424594,23.770283],[90.412624,23.749574],[90.412383,23.746177],[90.412173,23.745698],[90.414276,23.744169],[90.412708,23.742693],[90.408812,23.737517],[90.41041,23.737178],[90.410173,23.73391],[90.410135,23.730228],[90.410732,23.726622],[90.410782,23.722935],[90.410421,23.721176],[90.409975,23.720024],[90.408759,23.718157],[90.408602,23.714485],[90.408008,23.714582],[90.406816,23.714369],[90.403801,23.713089],[90.403307,23.712466],[90.402854,23.710784],[90.402303,23.709808]]},"id":"7","properties":{"Actual Bus":35,"Alingment":"Babubazar Bridge ? Fulbaria ? Paltan ? Rajmoni ? Malibagh ? Mouchak ? Abul Hotel ? TV Center ? Middle Badda ? Natun Bazar ? Kuril Bishwaroad ? Airport ? Azampur ? Abdullahpur ? Dhour Bridge","Average OS":17.0308065,"Average TS":23.14738165,"B-A":990,"Bus No":56,"Bus Type":"Non-AC","Capacity":54,"First A":6,"Headway":18,"Last B":22.5,"Length":26.347,"No of  R T":2.22,"No of Trip":4.44,"Operation ":185.7833333,"Operator":"Prochesta Paribahan (Pvt.) Ltd. / Mawa Paribahan","Permitted ":45,"Route_ID":"A-173","Seat No":36,"Serial_no":8,"TB Actual":0.0,"TB BRTA":16386.02315,"TB PD":16386.02315,"TBPDPT":4592,"Total B/A":82,"Travel Tim":136.6910542},"type":"Feature"},{"geometry":{"type":"LineString","coordinates":[[90.353299,23.798554],[90.353785,23.791168],[90.353944,23.785371],[90.351813,23.781569],[90.356282,23.779247],[90.359734,23.77869],[90.360832,23.778217],[90.365603,23.774954],[90.366303,23.774383],[90.36734,23.773144],[90.371098,23.763491],[90.382016,23.744729],[90.384042,23.736194],[90.385654,23.730577],[90.386294,23.726904]]},"id":"8","properties":{"Actual Bus":33,"Alingment":"Mirpur Mazar Road ? Mirpur-1 ? Shyamoli ? Asad Gate ? Russell Square ? Kalabagan ? Science Lab ? New Market ? Nilkhet ? Palashi ? Azimpur","Average OS":8.077837837,"Average TS":9.059129097,"B-A":930,"Bus No":62,"Bus Type":"Non-AC","Capacity":54,"First A":8,"Headway":15,"Last B":23.5,"Length":9.33915,"No of  R T":6.98,"No of Trip":13.96,"Operation ":55.5,"Operator":"Metro Link","Permitted ":30,"Route_ID":"A-127","Seat No":36,"Serial_no":9,"TB Actual":24422.97297,"TB BRTA":22202.7027,"TB PD":22202.7027,"TBPDPT":3286,"Total B/A":53,"Travel Tim":49.48820082},"type":"Feature"},{"geometry":{"type":"MultiLineString","coordinates":[[[90.244045,24.020006],[90.242463,24.028481],[90.242799,24.026677],[90.244045,24.020006]],[[90.244045,24.020006],[90.245044,24.016171]],[[90.245044,24.016171],[90.247079,24.01178],[90.248808,24.008047]],[[90.245044,24.016171],[90.248808,24.008047]],[[90.248808,24.008047],[90.252538,24.000286]],[[90.252538,24.000286],[90.255675,23.993738],[90.255702,23.993681]],[[90.252538,24.000286],[90.255702,23.993681]],[[90.255702,23.993681],[90.258325,23.987729]],[[90.264,23.860369],[90.263501,23.860072],[90.262607,23.858998],[90.259685,23.853698],[90.257082,23.846609],[90.256532,23.844614]],[[90.256532,23.844614],[90.256533,23.843641],[90.257132,23.841507]],[[90.256532,23.844614],[90.256532,23.844419],[90.256533,23.843641],[90.256662,23.843101],[90.257132,23.841507]],[[90.257132,23.841507],[90.258305,23.837536]],[[90.257318,23.814696],[90.257294,23.813823],[90.257288,23.813022]],[[90.257318,23.814696],[90.257288,23.813022]],[[90.257288,23.813022],[90.257328,23.812496]],[[90.257288,23.813022],[90.257328,23.812496]],[[90.257692,23.822588],[90.257492,23.821194],[90.257318,23.814696]],[[90.257328,23.812496],[90.257598,23.811499],[90.259422,23.808307]],[[90.258533,23.828721],[90.258237,23.826558],[90.257692,23.822588]],[[90.258533,23.828721],[90.257692,23.822588]],[[90.258325,23.987729],[90.26003,23.98386],[90.261621,23.980249]],[[90.258325,23.987729],[90.261621,23.980249]],[[90.258305,23.837536],[90.258409,23.837182],[90.25883,23.835758]],[[90.258305,23.837536],[90.25883,23.835758]],[[90.262627,23.922567],[90.258459,23.913361]],[[90.262627,23.922567],[90.258478,23.913435],[90.258459,23.913361]],[[90.258459,23.913361],[90.261121,23.911569],[90.263248,23.909843],[90.26701,23.905548],[90.268269,23.903612]],[[90.258737,23.830205],[90.258533,23.828721]],[[90.259062,23.832995],[90.258778,23.830554],[90.258737,23.830205]],[[90.259062,23.832995],[90.258737,23.830205]],[[90.25883,23.835758],[90.258851,23.835685]],[[90.258851,23.835685],[90.259023,23.83491],[90.259059,23.833173]],[[90.258851,23.835685],[90.259023,23.83491],[90.259059,23.833173]],[[90.259059,23.833173],[90.259059,23.833136],[90.259062,23.832995]],[[90.259059,23.833173],[90.259062,23.832995]],[[90.259422,23.808307],[90.259506,23.80816],[90.260036,23.807232]],[[90.259422,23.808307],[90.260036,23.807232]],[[90.260036,23.807232],[90.261555,23.804241],[90.2622,23.802971]],[[90.260036,23.807232],[90.2622,23.802971]],[[90.261621,23.980249],[90.267861,23.965926]],[[90.261621,23.980249],[90.265577,23.971272],[90.267861,23.965926]],[[90.2622,23.802971],[90.263399,23.798692],[90.263711,23.797919],[90.264599,23.796687],[90.265538,23.795656],[90.26707,23.79451],[90.268134,23.793947],[90.270193,23.793306]],[[90.262649,23.922617],[90.262627,23.922567]],[[90.265737,23.929442],[90.265593,23.929125],[90.262649,23.922617]],[[90.265737,23.929442],[90.262649,23.922617]],[[90.266771,23.862461],[90.264,23.860369]],[[90.266771,23.862461],[90.265648,23.861515],[90.264,23.860369]],[[90.269768,23.938271],[90.268436,23.935354],[90.265737,23.929442]],[[90.269768,23.938271],[90.265737,23.929442]],[[90.268741,23.864222],[90.266771,23.862461]],[[90.267861,23.965926],[90.268309,23.964878]],[[90.268309,23.964878],[90.268908,23.963475],[90.270304,23.960208]],[[90.268309,23.964878],[90.270304,23.960208]],[[90.268269,23.903612],[90.270714,23.896297]],[[90.268269,23.903612],[90.268919,23.901669],[90.270714,23.896297]],[[90.270582,23.866154],[90.268741,23.864222]],[[90.270582,23.866154],[90.269186,23.86462],[90.268741,23.864222]],[[90.269817,23.938374],[90.269768,23.938271]],[[90.271425,23.941798],[90.27032,23.939446],[90.269817,23.938374]],[[90.271425,23.941798],[90.269817,23.938374]],[[90.270304,23.960208],[90.270645,23.959384],[90.273907,23.951524]],[[90.270304,23.960208],[90.273907,23.951524]],[[90.270193,23.793306],[90.270652,23.793276],[90.271193,23.793241]],[[90.270193,23.793306],[90.271193,23.793241]],[[90.271928,23.868281],[90.270582,23.866154]],[[90.271928,23.868281],[90.270835,23.866555],[90.270582,23.866154]],[[90.270714,23.896297],[90.271031,23.895335],[90.271589,23.893644]],[[90.270714,23.896297],[90.271589,23.893644]],[[90.272624,23.94435],[90.271425,23.941798]],[[90.271193,23.793241],[90.271574,23.793229]],[[90.271589,23.893644],[90.272069,23.889285]],[[90.271574,23.793229],[90.271601,23.79323]],[[90.271574,23.793229],[90.271601,23.79323],[90.271601,23.79323]],[[90.271601,23.79323],[90.272224,23.793274],[90.27284,23.793317]],[[90.271601,23.79323],[90.27284,23.793317]],[[90.272661,23.86996],[90.272387,23.869331],[90.271928,23.868281]],[[90.272661,23.86996],[90.271928,23.868281]],[[90.272069,23.889285],[90.272272,23.887437],[90.272275,23.887412]],[[90.272069,23.889285],[90.272275,23.887412]],[[90.272275,23.887412],[90.272531,23.885089]],[[90.27352,23.946258],[90.273165,23.945502],[90.272624,23.94435]],[[90.27352,23.946258],[90.272624,23.94435]],[[90.272531,23.885089],[90.272668,23.883218],[90.2727,23.88278]],[[90.272531,23.885089],[90.2727,23.88278]],[[90.272936,23.871488],[90.272768,23.870556],[90.272661,23.86996]],[[90.272936,23.871488],[90.272661,23.86996]],[[90.2727,23.88278],[90.272989,23.878845],[90.273317,23.874367]],[[90.2727,23.88278],[90.273317,23.874367]],[[90.273317,23.874367],[90.272936,23.871488]],[[90.27284,23.793317],[90.276034,23.793923]],[[90.273614,23.946516],[90.27352,23.946258]],[[90.273614,23.946516],[90.27352,23.946258],[90.27352,23.946258]],[[90.273907,23.951524],[90.274268,23.950633],[90.274347,23.949545],[90.274054,23.947683],[90.273614,23.946516]],[[90.276034,23.793923],[90.278733,23.794459],[90.281343,23.794977]],[[90.276034,23.793923],[90.281343,23.794977]],[[90.281343,23.794977],[90.283471,23.795141]],[[90.283471,23.795141],[90.283586,23.795147],[90.283828,23.795159]],[[90.283471,23.795141],[90.283828,23.795159]],[[90.283828,23.795159],[90.285367,23.795239]],[[90.283828,23.795159],[90.284532,23.795196],[90.285367,23.795239]],[[90.285367,23.795239],[90.2874,23.795306]],[[90.285367,23.795239],[90.287388,23.795306],[90.2874,23.795306]],[[90.2874,23.795306],[90.291153,23.795059]],[[90.291153,23.795059],[90.291187,23.795052],[90.293218,23.794649]],[[90.291153,23.795059],[90.293218,23.794649]],[[90.293218,23.794649],[90.294374,23.79433],[90.296202,23.793825]],[[90.293218,23.794649],[90.296202,23.793825]],[[90.296202,23.793825],[90.298408,23.793242],[90.302028,23.792284]],[[90.296202,23.793825],[90.302028,23.792284]],[[90.302028,23.792284],[90.312707,23.790124]],[[90.312707,23.790124],[90.314354,23.789981],[90.314408,23.789976]],[[90.312707,23.790124],[90.314408,23.789976]],[[90.314408,23.789976],[90.316425,23.7898],[90.323214,23.790071],[90.325148,23.78949]],[[90.325148,23.78949],[90.32619,23.788715],[90.327275,23.787907]],[[90.325148,23.78949],[90.327275,23.787907]],[[90.327275,23.787907],[90.327381,23.787823]],[[90.327381,23.787823],[90.328706,23.786771],[90.32905,23.786591],[90.329553,23.786326]],[[90.327381,23.787823],[90.328706,23.786771],[90.329553,23.786326]],[[90.329553,23.786326],[90.331467,23.785659],[90.331993,23.785476]],[[90.329553,23.786326],[90.331993,23.785476]],[[90.331993,23.785476],[90.333293,23.785032]],[[90.333293,23.785032],[90.33568,23.784176]],[[90.333293,23.785032],[90.334008,23.784788],[90.33568,23.784176]],[[90.33568,23.784176],[90.337003,23.783691]],[[90.337003,23.783691],[90.338599,23.78314]],[[90.337003,23.783691],[90.337378,23.783561],[90.338599,23.78314]],[[90.338599,23.78314],[90.340016,23.783081]],[[90.340016,23.783081],[90.34031,23.783098],[90.3406,23.783114]],[[90.340016,23.783081],[90.3406,23.783114]],[[90.3406,23.783114],[90.341587,23.78317]],[[90.341587,23.78317],[90.343716,23.783342]],[[90.341587,23.78317],[90.342634,23.783255],[90.343716,23.783342]],[[90.343716,23.783342],[90.344222,23.783308],[90.344454,23.783292]],[[90.343716,23.783342],[90.344454,23.783292]],[[90.344454,23.783292],[90.344738,23.783255]],[[90.344738,23.783255],[90.346072,23.78308],[90.347052,23.782952]],[[90.344738,23.783255],[90.347052,23.782952]],[[90.347052,23.782952],[90.349234,23.782611]],[[90.349234,23.782611],[90.350076,23.782369],[90.350123,23.782356]],[[90.349234,23.782611],[90.350123,23.782356]],[[90.350123,23.782356],[90.351388,23.781759]],[[90.350123,23.782356],[90.350193,23.782323],[90.351388,23.781759]],[[90.351388,23.781759],[90.351388,23.781759],[90.351628,23.781646],[90.351798,23.781566]],[[90.351388,23.781759],[90.351628,23.781646],[90.351798,23.781566]],[[90.351798,23.781566],[90.351895,23.781525]],[[90.351798,23.781566],[90.351813,23.781569],[90.351895,23.781525]],[[90.351895,23.781525],[90.352341,23.781288],[90.352495,23.781206]],[[90.351895,23.781525],[90.352495,23.781206]],[[90.352495,23.781206],[90.352543,23.781181],[90.352631,23.781134]],[[90.352495,23.781206],[90.352631,23.781134]],[[90.352631,23.781134],[90.352631,23.781134],[90.352631,23.781134]],[[90.352631,23.781134],[90.352631,23.781134]],[[90.352631,23.781134],[90.353713,23.780558],[90.353886,23.780466]],[[90.352631,23.781134],[90.353886,23.780466]],[[90.353886,23.780466],[90.354081,23.78037]],[[90.354081,23.78037],[90.354299,23.780264],[90.354399,23.780214]],[[90.354081,23.78037],[90.354399,23.780214]],[[90.354399,23.780214],[90.354762,23.780036]],[[90.354762,23.780036],[90.35493,23.779954]],[[90.354762,23.780036],[90.354837,23.78],[90.35493,23.779954]],[[90.35493,23.779954],[90.355068,23.779886],[90.355348,23.779749]],[[90.35493,23.779954],[90.355348,23.779749]],[[90.355348,23.779749],[90.356717,23.779104]],[[90.356717,23.779104],[90.357367,23.779019],[90.357974,23.77894]],[[90.356717,23.779104],[90.357974,23.77894]],[[90.357974,23.77894],[90.358563,23.778867],[90.359216,23.778786]],[[90.357974,23.77894],[90.359216,23.778786]],[[90.359216,23.778786],[90.35965,23.778705],[90.359734,23.77869]],[[90.359216,23.778786],[90.359734,23.77869]],[[90.359734,23.77869],[90.360307,23.778499]],[[90.360307,23.778499],[90.360522,23.778384],[90.360789,23.778241]],[[90.360307,23.778499],[90.360789,23.778241]],[[90.360789,23.778241],[90.361608,23.777738]],[[90.361608,23.777738],[90.361983,23.777496],[90.362371,23.777244]],[[90.361608,23.777738],[90.362371,23.777244]],[[90.362371,23.777244],[90.362794,23.776961]],[[90.362371,23.777244],[90.362547,23.77713],[90.362794,23.776961]],[[90.362794,23.776961],[90.362906,23.776885],[90.362913,23.77688]],[[90.362794,23.776961],[90.362913,23.77688]],[[90.362913,23.77688],[90.363168,23.776706]],[[90.362913,23.77688],[90.363099,23.776753],[90.363168,23.776706]],[[90.363168,23.776706],[90.363432,23.776525]],[[90.363168,23.776706],[90.363254,23.776647],[90.363432,23.776525]],[[90.363432,23.776525],[90.363653,23.776374]],[[90.363653,23.776374],[90.364192,23.776006]],[[90.363653,23.776374],[90.363944,23.776176],[90.364192,23.776006]],[[90.364192,23.776006],[90.364194,23.776004]],[[90.364194,23.776004],[90.364252,23.775965],[90.364625,23.77571]],[[90.364194,23.776004],[90.364625,23.77571]],[[90.364625,23.77571],[90.364625,23.77571]],[[90.364625,23.77571],[90.364625,23.77571],[90.364625,23.77571]],[[90.364625,23.77571],[90.365509,23.775026],[90.365577,23.774974]],[[90.364625,23.77571],[90.365577,23.774974]],[[90.365577,23.774974],[90.365624,23.774936]],[[90.365577,23.774974],[90.365603,23.774954],[90.365624,23.774936]],[[90.365624,23.774936],[90.365645,23.774919],[90.3658,23.774793]],[[90.365624,23.774936],[90.3658,23.774793]],[[90.3658,23.774793],[90.366209,23.774459],[90.366303,23.774383]],[[90.3658,23.774793],[90.366303,23.774383]],[[90.366303,23.774383],[90.366792,23.773851],[90.366902,23.773732]],[[90.366303,23.774383],[90.366902,23.773732]],[[90.366902,23.773732],[90.367065,23.773507]],[[90.367065,23.773507],[90.367091,23.773472],[90.367156,23.773383]],[[90.367065,23.773507],[90.367156,23.773383]],[[90.367156,23.773383],[90.367162,23.773375]],[[90.367162,23.773375],[90.367322,23.773166]],[[90.367162,23.773375],[90.367319,23.77317],[90.367322,23.773166]],[[90.367322,23.773166],[90.367343,23.773135]],[[90.367343,23.773135],[90.367581,23.772528]],[[90.367343,23.773135],[90.367538,23.772639],[90.367581,23.772528]],[[90.367581,23.772528],[90.367641,23.772375]],[[90.367641,23.772375],[90.367717,23.772184],[90.367724,23.772166]],[[90.367641,23.772375],[90.367724,23.772166]],[[90.367724,23.772166],[90.368155,23.771077]],[[90.368155,23.771077],[90.368408,23.770439]],[[90.368155,23.771077],[90.368191,23.770985],[90.368408,23.770439]],[[90.368408,23.770439],[90.368423,23.770401]],[[90.368423,23.770401],[90.368647,23.769835],[90.36878,23.7695]],[[90.368423,23.770401],[90.36878,23.7695]],[[90.36878,23.7695],[90.368897,23.769202],[90.368913,23.769163]],[[90.36878,23.7695],[90.368913,23.769163]],[[90.368913,23.769163],[90.368918,23.769149],[90.368939,23.769096]],[[90.368913,23.769163],[90.368939,23.769096]],[[90.368939,23.769096],[90.369076,23.76875],[90.369151,23.76856]],[[90.368939,23.769096],[90.369151,23.76856]],[[90.369151,23.76856],[90.369207,23.768418]],[[90.369207,23.768418],[90.369561,23.767521]],[[90.369207,23.768418],[90.369348,23.768061],[90.369561,23.767521]],[[90.369561,23.767521],[90.369913,23.76663]],[[90.369913,23.76663],[90.369914,23.766628],[90.369925,23.766598]],[[90.369913,23.76663],[90.369925,23.766598]],[[90.369925,23.766598],[90.369966,23.766496]],[[90.369925,23.766598],[90.369928,23.766592],[90.369966,23.766496]],[[90.369966,23.766496],[90.369974,23.766474]],[[90.369974,23.766474],[90.370308,23.765593]],[[90.369974,23.766474],[90.370036,23.766311],[90.370308,23.765593]],[[90.370308,23.765593],[90.370308,23.765593],[90.370674,23.764624]],[[90.370308,23.765593],[90.370674,23.764624]],[[90.370674,23.764624],[90.371626,23.762548]],[[90.371626,23.762548],[90.371699,23.762418]],[[90.371626,23.762548],[90.371633,23.762536],[90.371699,23.762418]],[[90.371699,23.762418],[90.371816,23.76221],[90.371985,23.761908]],[[90.371699,23.762418],[90.371985,23.761908]],[[90.371985,23.761908],[90.372342,23.761273]],[[90.371985,23.761908],[90.372262,23.761416],[90.372342,23.761273]],[[90.372342,23.761273],[90.372342,23.761273]],[[90.372342,23.761273],[90.372681,23.760785]],[[90.372342,23.761273],[90.372359,23.761247],[90.372681,23.760785]],[[90.372681,23.760785],[90.372712,23.76074]],[[90.372681,23.760785],[90.372704,23.760751],[90.372712,23.76074]],[[90.372712,23.76074],[90.373395,23.759547]],[[90.373395,23.759547],[90.373485,23.759385]],[[90.373395,23.759547],[90.373403,23.759531],[90.373485,23.759385]],[[90.373485,23.759385],[90.373601,23.759175]],[[90.373601,23.759175],[90.373988,23.758477]],[[90.373601,23.759175],[90.373917,23.758606],[90.373988,23.758477]],[[90.373988,23.758477],[90.374228,23.758237],[90.383513,23.758644],[90.383735,23.758853],[90.389783,23.75916],[90.393298,23.749834],[90.395738,23.742737],[90.396104,23.740887],[90.39587,23.738104],[90.397505,23.738105],[90.39896,23.737663],[90.399596,23.736968],[90.400904,23.734609],[90.402128,23.733959],[90.403698,23.73369],[90.404405,23.732575],[90.404904,23.73048],[90.405233,23.729902],[90.410144,23.730121],[90.41051,23.727797],[90.411985,23.72761],[90.412105,23.727402],[90.411998,23.724992],[90.41212,23.724919],[90.413638,23.724839],[90.414554,23.725215],[90.415116,23.725719],[90.415129,23.727357],[90.415242,23.727518],[90.415611,23.727815],[90.416783,23.728035],[90.417221,23.728683],[90.417727,23.728876],[90.421381,23.726797],[90.421718,23.726869],[90.421838,23.726731],[90.421602,23.725977],[90.421568,23.723597]],[[90.421568,23.723597],[90.421566,23.723492]],[[90.421568,23.723597],[90.421458,23.72166],[90.420337,23.721605],[90.420254,23.721375],[90.420193,23.719731],[90.420622,23.718356],[90.422156,23.716228],[90.423791,23.715212],[90.425578,23.714451],[90.427812,23.713006],[90.429002,23.712183]],[[90.429002,23.712183],[90.429002,23.712183],[90.429095,23.712121]],[[90.429002,23.712183],[90.429095,23.712121]],[[90.429271,23.712004],[90.429002,23.712183]],[[90.429095,23.712121],[90.429271,23.712004]],[[90.429271,23.712004],[90.430646,23.711197],[90.431272,23.711002],[90.43403,23.710293],[90.434143,23.71025]],[[90.434143,23.71025],[90.434151,23.710247],[90.43414,23.710251],[90.434143,23.71025]],[[90.434143,23.71025],[90.434731,23.710025],[90.439562,23.707829],[90.450438,23.702729],[90.468976,23.693799],[90.470909,23.693255],[90.472936,23.693008],[90.474675,23.693025],[90.480658,23.693723]],[[90.480658,23.693723],[90.480658,23.693723],[90.480651,23.693722],[90.480658,23.693723]],[[90.480658,23.693723],[90.480763,23.693735]]]},"id":"9","properties":{"Actual Bus":81,"Alingment":"Nandan Park ? Baipail ? EPZ ? Nabinagar ? Savar ? Hemayetpur ? Gabtoli ? Paltan ? Shyamoli ? Asad Gate ? Manik Mia Avenue ? Farmgate ? Bangla Motor ? Shahbagh ? Press Club ? GPO ? Motijheel ? Tikatuli ? Jatrabari ? Sayedabad ? Shonir Akhra ? Signboard","Average OS":12.15624926,"Average TS":18.73669442,"B-A":900,"Bus No":42,"Bus Type":"Non-AC","Capacity":54,"First A":7,"Headway":21,"Last B":22.0,"Length":81.2957,"No of  R T":2.67,"No of Trip":5.34,"Operation ":140.4166667,"Operator":"Welcome Transport Company Ltd.","Permitted ":74,"Route_ID":"A-331","Seat No":36,"Serial_no":10,"TB Actual":0.0,"TB BRTA":46639.76261,"TB PD":46639.76261,"TBPDPT":4956,"Total B/A":118,"Travel Tim":91.10144839},"type":"Feature"},{"geometry":{"type":"LineString","coordinates":[[90.423331,23.799006],[90.425732,23.785886],[90.425867,23.784138],[90.425716,23.780599],[90.421989,23.78085],[90.416333,23.780321],[90.408178,23.780232],[90.404889,23.780702],[90.398706,23.780983],[90.398373,23.779309],[90.398085,23.778731],[90.397345,23.778099],[90.392887,23.775742],[90.38996,23.77529],[90.390149,23.773352],[90.389257,23.768631],[90.388924,23.765351],[90.389357,23.761065],[90.389759,23.759192],[90.394691,23.745937],[90.399406,23.747203],[90.405259,23.749199],[90.40736,23.74909],[90.407973,23.748876],[90.414301,23.74415],[90.408564,23.737608],[90.415785,23.7359],[90.4181,23.73455],[90.420932,23.731611],[90.425217,23.732362],[90.42431,23.734931],[90.423412,23.736607],[90.423559,23.736361]]},"id":"10","properties":{"Actual Bus":21,"Alingment":"Pir Jangi Mazar ? Kamalapur ? Fakirapul ? Kakrail ? Malibagh ? Moghbazar ? Bangla Motor ? Farmgate ? Amtoli ? Gulshan-1 ? Badda Link Road ? Natun Bazar","Average OS":6.86381323,"Average TS":7.086401918,"B-A":930,"Bus No":65,"Bus Type":"Non-AC","Capacity":54,"First A":7,"Headway":14,"Last B":22.5,"Length":15.0108,"No of  R T":3.02,"No of Trip":6.03,"Operation ":128.5,"Operator":"Gulshan Express / No. 6 Motijheel-Banani Transport Co. Ltd. / Various Owners","Permitted ":46,"Route_ID":"A-142","Seat No":36,"Serial_no":11,"TB Actual":0.0,"TB BRTA":32182.10117,"TB PD":32182.10117,"TBPDPT":7540,"Total B/A":116,"Travel Tim":124.4637279},"type":"Feature"},{"geometry":{"type":"LineString","coordinates":[[90.357004,23.824285],[90.36423,23.824435],[90.364483,23.822013],[90.36871,23.806511],[90.37025,23.80325],[90.377903,23.785306],[90.380496,23.77726],[90.382397,23.770631],[90.382785,23.768651],[90.383356,23.765243],[90.383701,23.758803],[90.389759,23.759192],[90.393298,23.749834],[90.395738,23.742737],[90.396104,23.740887],[90.39587,23.738104],[90.397505,23.738105],[90.39896,23.737663],[90.399596,23.736968],[90.400904,23.734609],[90.402128,23.733959],[90.403698,23.73369],[90.404405,23.732575],[90.404904,23.73048],[90.405269,23.729903],[90.404179,23.728455],[90.404132,23.727921],[90.404726,23.724846],[90.405396,23.724519],[90.41075,23.724932],[90.410782,23.722935],[90.410421,23.721176],[90.409975,23.720024],[90.408759,23.718157],[90.408583,23.714611],[90.408602,23.714485],[90.411537,23.713695],[90.411738,23.71056],[90.412084,23.709719],[90.412348,23.709701],[90.412683,23.7094],[90.41255,23.708649],[90.411917,23.708634]]},"id":"11","properties":{"Actual Bus":69,"Alingment":"Duaripara ? Mirpur-11 (Anik Plaza) ? Mirpur-11 ? Mirpur-10 ? Kazipara ? Shewrapara ? Farmgate ? Shahbagh ? Press Club ? Bangabazar / Police Headquarters ? Golap Shah Mazar ? Fulbaria ? Ray Saheb Bazar ? Victoria Park","Average OS":7.692134831,"Average TS":16.79480419,"B-A":930,"Bus No":65,"Bus Type":"Non-AC","Capacity":54,"First A":7,"Headway":14,"Last B":22.5,"Length":16.2831,"No of  R T":3.63,"No of Trip":7.26,"Operation ":106.8,"Operator":"Bihanga Paribahan","Permitted ":54,"Route_ID":"A-119","Seat No":36,"Serial_no":12,"TB Actual":62087.07865,"TB BRTA":48589.88764,"TB PD":48589.88764,"TBPDPT":8060,"Total B/A":124,"Travel Tim":48.9151282},"type":"Feature"},{"geometry":{"type":"LineString","coordinates":[[90.38037,23.74766],[90.382055,23.744769],[90.383469,23.738847],[90.38876,23.73909],[90.39587,23.738104],[90.397505,23.738105],[90.39896,23.737663],[90.399596,23.736968],[90.400904,23.734609],[90.402128,23.733959],[90.403698,23.73369],[90.404405,23.732575],[90.404904,23.73048],[90.405233,23.729902],[90.410144,23.730121],[90.41051,23.727797],[90.411985,23.72761],[90.412105,23.727402],[90.411895,23.723007],[90.414413,23.7229],[90.416753,23.721754],[90.417518,23.721156],[90.418705,23.719746],[90.420617,23.716561],[90.421356,23.716161],[90.422641,23.71589],[90.423791,23.715212],[90.425578,23.714451],[90.429975,23.711528],[90.432131,23.710804],[90.434556,23.710238],[90.46616,23.694853],[90.472108,23.69281],[90.50517,23.696525],[90.509134,23.697567],[90.512751,23.699459],[90.519942,23.705445],[90.521793,23.705903],[90.519835,23.707583],[90.513877,23.723264],[90.51362,23.724108],[90.513618,23.725079],[90.514158,23.726115],[90.518628,23.730825],[90.521925,23.735063],[90.524511,23.739497],[90.525804,23.740527],[90.534395,23.74388],[90.538467,23.745659],[90.541232,23.747181],[90.541827,23.747662],[90.542253,23.748177],[90.543625,23.751032],[90.545105,23.754576],[90.549344,23.761545],[90.550823,23.763351],[90.557893,23.770872],[90.56122,23.776096],[90.563215,23.781506],[90.564678,23.784276],[90.565192,23.784753]]},"id":"12","properties":{"Actual Bus":74,"Alingment":"Bhulta-Tarabo ? Jatrabari ? Sayedabad ? Gulistan ? Shahbagh ? Kalabagan","Average OS":8.323033481,"Average TS":12.01226108,"B-A":930,"Bus No":53,"Bus Type":"Non-AC","Capacity":54,"First A":7,"Headway":18,"Last B":22.5,"Length":28.8478,"No of  R T":3.13,"No of Trip":6.25,"Operation ":123.95,"Operator":"Meghla Transport Co. Ltd.","Permitted ":59,"Route_ID":"A-252","Seat No":36,"Serial_no":13,"TB Actual":54134.32836,"TB BRTA":43161.15369,"TB PD":43161.15369,"TBPDPT":6201,"Total B/A":117,"Travel Tim":85.88224924},"type":"Feature"},{"geometry":{"type":"LineString","coordinates":[[90.40052,23.874612],[90.40062,23.873277],[90.400496,23.870904],[90.399885,23.862536],[90.400244,23.860833],[90.400753,23.85999],[90.416893,23.840274],[90.4176,23.83924],[90.418689,23.836325],[90.419325,23.833172],[90.420539,23.825313],[90.42053,23.824678],[90.420225,23.823589],[90.419689,23.822594],[90.418633,23.821278],[90.411568,23.816934],[90.406164,23.816842],[90.404725,23.816123],[90.404229,23.814724],[90.398373,23.779309],[90.398085,23.778731],[90.397345,23.778099],[90.393286,23.775909],[90.392541,23.775664],[90.38996,23.77529],[90.390149,23.773352],[90.389257,23.768631],[90.388924,23.765351],[90.389357,23.761065],[90.389816,23.759068],[90.374182,23.758146],[90.373011,23.760234],[90.367907,23.760018],[90.365702,23.759444],[90.363446,23.758313],[90.361462,23.757025]]},"id":"13","properties":{"Actual Bus":20,"Alingment":"Mohammadpur (Bus Stand) ? Town Hall ? Asad Gate ? Farmgate ? Mohakhali Rail Gate ? Kakoli ? Staff Road ? Kuril Bishwaroad ? Khilkhet ? New Airport ? Rajshahi ? Uttara House Building","Average OS":6.738289963,"Average TS":13.75851988,"B-A":960,"Bus No":54,"Bus Type":"Non-AC","Capacity":54,"First A":7,"Headway":18,"Last B":23.0,"Length":18.2524,"No of  R T":4.06,"No of Trip":8.11,"Operation ":98.63333333,"Operator":"Taranga Bus Co. Ltd.","Permitted ":19,"Route_ID":"A-166","Seat No":36,"Serial_no":14,"TB Actual":0.0,"TB BRTA":12328.48935,"TB PD":12328.48935,"TBPDPT":4320,"Total B/A":80,"Travel Tim":48.30606821},"type":"Feature"},{"geometry":{"type":"MultiLineString","coordinates":[[[90.34781,23.745157],[90.351564,23.746415],[90.352083,23.746774],[90.353815,23.750144],[90.355045,23.754155],[90.356586,23.756108],[90.35889,23.756559],[90.360047,23.756946],[90.360971,23.757117],[90.361644,23.757059],[90.36268,23.757839],[90.36461,23.758936],[90.367286,23.759951],[90.373011,23.760234],[90.371098,23.763491],[90.36734,23.773144],[90.366303,23.774383],[90.364625,23.77571],[90.360307,23.778499],[90.356282,23.779247],[90.351813,23.781569],[90.353944,23.785371],[90.353785,23.791168],[90.353283,23.797334],[90.353356,23.798642],[90.364461,23.805655],[90.365697,23.806319],[90.36856,23.807097],[90.364379,23.82247],[90.364234,23.826385],[90.363868,23.829169],[90.372675,23.829473],[90.376782,23.83026],[90.377011,23.827066],[90.377623,23.822804]],[[90.388532,23.891246],[90.387541,23.89319],[90.384858,23.896406],[90.383052,23.897327],[90.380884,23.897754],[90.379212,23.897161],[90.377996,23.896511],[90.376129,23.894662],[90.375102,23.894134],[90.37311,23.893908],[90.369025,23.894343],[90.366652,23.893411],[90.363798,23.89306],[90.361958,23.892089]],[[90.377623,23.822804],[90.379111,23.823104]],[[90.377647,23.822577],[90.377623,23.822804]],[[90.379111,23.823104],[90.379844,23.823329],[90.380305,23.823304]],[[90.379111,23.823104],[90.379844,23.823329],[90.380305,23.823304]],[[90.380305,23.823304],[90.381448,23.822766]],[[90.381448,23.822766],[90.384567,23.820773]],[[90.381448,23.822766],[90.381937,23.822496],[90.384567,23.820773]],[[90.384567,23.820773],[90.385602,23.820458]],[[90.385602,23.820458],[90.38819,23.820038],[90.388612,23.819996]],[[90.385602,23.820458],[90.388612,23.819996]],[[90.388532,23.891246],[90.388512,23.891298]],[[90.389405,23.888454],[90.388532,23.891246]],[[90.388612,23.819996],[90.389603,23.820156]],[[90.388612,23.819996],[90.38919,23.820052],[90.389603,23.820156]],[[90.390146,23.88638],[90.389603,23.887895],[90.389405,23.888454]],[[90.390146,23.88638],[90.389405,23.888454]],[[90.389603,23.820156],[90.390161,23.820345]],[[90.389603,23.820156],[90.390016,23.820261],[90.390161,23.820345]],[[90.39127,23.883239],[90.390146,23.88638]],[[90.390161,23.820345],[90.390307,23.82043]],[[90.390161,23.820345],[90.390307,23.82043],[90.390307,23.82043]],[[90.390307,23.82043],[90.390389,23.820509],[90.390985,23.821085]],[[90.390307,23.82043],[90.390985,23.821085]],[[90.390985,23.821085],[90.392467,23.822125]],[[90.392051,23.880448],[90.39127,23.883239]],[[90.392051,23.880448],[90.391964,23.880782],[90.39127,23.883239]],[[90.392264,23.87991],[90.392138,23.880114],[90.392051,23.880448]],[[90.392264,23.87991],[90.392051,23.880448]],[[90.395215,23.879711],[90.3927,23.879575],[90.392264,23.87991]],[[90.392467,23.822125],[90.392967,23.822424],[90.393427,23.822596]],[[90.392467,23.822125],[90.393427,23.822596]],[[90.393427,23.822596],[90.395334,23.820585]],[[90.395691,23.879751],[90.395215,23.879711]],[[90.395691,23.879751],[90.395659,23.879745],[90.395215,23.879711]],[[90.395334,23.820585],[90.396032,23.819745],[90.398152,23.817195]],[[90.395334,23.820585],[90.398152,23.817195]],[[90.397864,23.880197],[90.395691,23.879751]],[[90.400049,23.880717],[90.398916,23.880466],[90.397864,23.880197]],[[90.400049,23.880717],[90.397864,23.880197]],[[90.398152,23.817195],[90.398589,23.816857],[90.400239,23.816454]],[[90.398152,23.817195],[90.398589,23.816857],[90.399648,23.816536],[90.400239,23.816454]],[[90.399892,23.862597],[90.399976,23.86335]],[[90.399892,23.862597],[90.399895,23.862627],[90.399976,23.86335]],[[90.399906,23.862439],[90.399892,23.862597]],[[90.400244,23.860833],[90.399906,23.862439]],[[90.400244,23.860833],[90.40006,23.861706],[90.399906,23.862439]],[[90.399976,23.86335],[90.400091,23.864384]],[[90.400424,23.880668],[90.400049,23.880717]],[[90.400091,23.864384],[90.400107,23.86461],[90.400114,23.864735]],[[90.400091,23.864384],[90.400114,23.864735]],[[90.400114,23.864735],[90.400153,23.865411]],[[90.400114,23.864735],[90.400147,23.865302],[90.400153,23.865411]],[[90.400153,23.865411],[90.400162,23.86557]],[[90.400153,23.865411],[90.400159,23.86552],[90.400162,23.86557]],[[90.400162,23.86557],[90.400202,23.866252]],[[90.400202,23.866252],[90.400252,23.867129]],[[90.400202,23.866252],[90.400242,23.866958],[90.400252,23.867129]],[[90.400252,23.867129],[90.400405,23.86953]],[[90.400753,23.85999],[90.400244,23.860833]],[[90.400819,23.880264],[90.400424,23.880668]],[[90.400819,23.880264],[90.400655,23.880495],[90.400424,23.880668]],[[90.400239,23.816454],[90.400248,23.816453],[90.401327,23.81642],[90.402819,23.816375]],[[90.400239,23.816454],[90.402819,23.816375]],[[90.400405,23.86953],[90.400457,23.870308]],[[90.400405,23.86953],[90.400442,23.870082],[90.400457,23.870308]],[[90.400457,23.870308],[90.400505,23.871075]],[[90.400457,23.870308],[90.400496,23.870904],[90.400505,23.871075]],[[90.400505,23.874631],[90.400523,23.875044]],[[90.400505,23.874631],[90.400523,23.875044]],[[90.400555,23.874037],[90.400505,23.874631]],[[90.400555,23.874037],[90.400505,23.874631]],[[90.400505,23.871075],[90.400507,23.871107],[90.40054,23.871733]],[[90.400505,23.871075],[90.40054,23.871733]],[[90.400523,23.875044],[90.400534,23.875292]],[[90.400534,23.875292],[90.400682,23.875932]],[[90.400534,23.875292],[90.400619,23.875659],[90.400682,23.875932]],[[90.40054,23.871733],[90.40054,23.871745],[90.400565,23.873928]],[[90.40054,23.871733],[90.400565,23.873928]],[[90.400565,23.873928],[90.400555,23.874037]],[[90.400565,23.873928],[90.400556,23.874032],[90.400555,23.874037]],[[90.400565,23.873928],[90.400565,23.873928]],[[90.400682,23.875932],[90.401175,23.87768]],[[90.401477,23.859095],[90.400753,23.85999]],[[90.401477,23.859095],[90.401306,23.859307],[90.400753,23.85999]],[[90.401199,23.879512],[90.400819,23.880264]],[[90.401175,23.87768],[90.401295,23.878357]],[[90.401175,23.87768],[90.40125,23.878105],[90.401295,23.878357]],[[90.401236,23.879394],[90.401199,23.879512]],[[90.401236,23.879394],[90.401221,23.879442],[90.401199,23.879512]],[[90.401257,23.879324],[90.401236,23.879394]],[[90.401287,23.879018],[90.401257,23.879324]],[[90.401287,23.879018],[90.401268,23.879218],[90.401257,23.879324]],[[90.401316,23.878592],[90.401287,23.879018]],[[90.401295,23.878357],[90.401316,23.878592]],[[90.401295,23.878357],[90.401314,23.878577],[90.401316,23.878592]],[[90.401837,23.858649],[90.401477,23.859095]],[[90.401837,23.858649],[90.401523,23.859037],[90.401477,23.859095]],[[90.403972,23.856006],[90.401837,23.858649]],[[90.403972,23.856006],[90.402906,23.857326],[90.401837,23.858649]],[[90.402819,23.816375],[90.404584,23.816187]],[[90.404628,23.855195],[90.403972,23.856006]],[[90.405075,23.854641],[90.404908,23.854847],[90.404628,23.855195]],[[90.405075,23.854641],[90.404628,23.855195]],[[90.404584,23.816187],[90.405021,23.816013],[90.40512,23.81612]],[[90.404584,23.816187],[90.405021,23.816013],[90.40512,23.81612]],[[90.405893,23.853629],[90.405075,23.854641]],[[90.40512,23.81612],[90.405499,23.816528]],[[90.40512,23.81612],[90.40522,23.816227],[90.405499,23.816528]],[[90.405499,23.816528],[90.40567,23.816604],[90.405697,23.816616]],[[90.405499,23.816528],[90.405697,23.816616]],[[90.405697,23.816616],[90.406791,23.816976]],[[90.406049,23.853435],[90.406048,23.853436],[90.405893,23.853629]],[[90.406049,23.853435],[90.405893,23.853629]],[[90.407639,23.851468],[90.406049,23.853435]],[[90.407639,23.851468],[90.406106,23.853364],[90.406049,23.853435]],[[90.406791,23.816976],[90.407346,23.817032]],[[90.406791,23.816976],[90.407138,23.817011],[90.407346,23.817032]],[[90.407346,23.817032],[90.411435,23.816913]],[[90.407769,23.851306],[90.407639,23.851468]],[[90.407769,23.851306],[90.407646,23.851459],[90.407639,23.851468]],[[90.408431,23.850487],[90.407769,23.851306]],[[90.408519,23.85038],[90.40847,23.85044],[90.408431,23.850487]],[[90.408519,23.85038],[90.408431,23.850487]],[[90.411409,23.846893],[90.408519,23.85038]],[[90.411409,23.846893],[90.408569,23.850321],[90.408519,23.85038]],[[90.41237,23.845733],[90.411409,23.846893]],[[90.411435,23.816913],[90.411838,23.816984],[90.412849,23.817596]],[[90.411435,23.816913],[90.411838,23.816984],[90.412849,23.817596]],[[90.413939,23.843839],[90.41237,23.845733]],[[90.413939,23.843839],[90.412472,23.84561],[90.41237,23.845733]],[[90.412849,23.817596],[90.414808,23.818784]],[[90.412849,23.817596],[90.414368,23.818517],[90.414808,23.818784]],[[90.414299,23.843405],[90.413939,23.843839],[90.413939,23.843839]],[[90.414299,23.843405],[90.413939,23.843839]],[[90.414735,23.842879],[90.414682,23.842943],[90.414299,23.843405]],[[90.414735,23.842879],[90.414299,23.843405]],[[90.415131,23.842401],[90.414736,23.842878],[90.414735,23.842879]],[[90.415131,23.842401],[90.414735,23.842879]],[[90.414808,23.818784],[90.41609,23.819596]],[[90.415911,23.84146],[90.415526,23.841924],[90.415131,23.842401]],[[90.415911,23.84146],[90.415131,23.842401]],[[90.416591,23.840639],[90.415911,23.84146]],[[90.41609,23.819596],[90.416147,23.819636],[90.416682,23.82]],[[90.41609,23.819596],[90.416682,23.82]],[[90.417314,23.839659],[90.416591,23.840639]],[[90.417314,23.839659],[90.416807,23.840373],[90.416591,23.840639]],[[90.416682,23.82],[90.419174,23.821873]],[[90.418586,23.836653],[90.418263,23.837677],[90.417314,23.839659]],[[90.418689,23.836325],[90.418586,23.836653]],[[90.418689,23.836325],[90.41865,23.836447],[90.418586,23.836653]],[[90.419008,23.834741],[90.418689,23.836325]],[[90.419014,23.834713],[90.419008,23.834741]],[[90.419014,23.834713],[90.41901,23.834733],[90.419008,23.834741]],[[90.419195,23.833818],[90.419014,23.834713]],[[90.419195,23.833818],[90.419051,23.834528],[90.419014,23.834713]],[[90.419417,23.832598],[90.419195,23.833818]],[[90.419174,23.821873],[90.419621,23.822499]],[[90.419174,23.821873],[90.419609,23.822482],[90.419621,23.822499]],[[90.419524,23.831934],[90.419417,23.832598]],[[90.419524,23.831934],[90.419489,23.832149],[90.419417,23.832598]],[[90.419566,23.831672],[90.419524,23.831934]],[[90.419566,23.831672],[90.419527,23.831915],[90.419524,23.831934]],[[90.419773,23.830388],[90.419566,23.831672]],[[90.419773,23.830388],[90.419585,23.831554],[90.419566,23.831672]],[[90.419621,23.822499],[90.419869,23.822871]],[[90.419847,23.829924],[90.419773,23.830388]],[[90.419923,23.829453],[90.419847,23.829924]],[[90.419923,23.829453],[90.419884,23.829695],[90.419847,23.829924]],[[90.419869,23.822871],[90.419972,23.82303]],[[90.419869,23.822871],[90.419955,23.823005],[90.419972,23.82303]],[[90.420043,23.828706],[90.419923,23.829453]],[[90.419972,23.82303],[90.420058,23.823221]],[[90.420207,23.827649],[90.420043,23.828706]],[[90.420207,23.827649],[90.420192,23.827745],[90.420043,23.828706]],[[90.420058,23.823221],[90.420226,23.823591]],[[90.420058,23.823221],[90.420225,23.823589],[90.420226,23.823591]],[[90.420289,23.827123],[90.420222,23.827556],[90.420207,23.827649]],[[90.420289,23.827123],[90.420207,23.827649]],[[90.420226,23.823591],[90.420258,23.823714]],[[90.420226,23.823591],[90.420258,23.823714],[90.420258,23.823714]],[[90.420258,23.823714],[90.420286,23.823821],[90.4203,23.823874],[90.420322,23.823957]],[[90.420258,23.823714],[90.420322,23.823957]],[[90.42045,23.826083],[90.420356,23.826689],[90.420289,23.827123]],[[90.42045,23.826083],[90.420289,23.827123]],[[90.420322,23.823957],[90.42053,23.824678],[90.42045,23.826083]]]},"id":"14","properties":{"Actual Bus":263,"Alingment":"Basila ? Mohammadpur Town Hall ? Asad Gate ? Shyamoli ? Technical ? Ansar Camp ? Mirpur-1 ? Mirpur-2 ? Prashika Mor ? Original-10 ? Mirpur-11 ? Mirpur-12 ? Kalsi ? Mohammad Zillur Rahman Flyover ? Kurmitola General Hospital ? Sheora ? Airport ? Uttara ?","Average OS":14.48546461,"Average TS":20.7574384,"B-A":930,"Bus No":65,"Bus Type":"Non-AC","Capacity":54,"First A":7,"Headway":14,"Last B":22.5,"Length":41.1543,"No of  R T":3.39,"No of Trip":6.77,"Operation ":114.4333333,"Operator":"Paristhan Paribahan (Pvt.) Ltd.","Permitted ":49,"Route_ID":"A-366","Seat No":36,"Serial_no":15,"TB Actual":276081.0516,"TB BRTA":51437.15409,"TB PD":51437.15409,"TBPDPT":10075,"Total B/A":155,"Travel Tim":79.85667441},"type":"Feature"},{"geometry":{"type":"LineString","coordinates":[[90.60928,23.618213],[90.601431,23.630478],[90.594515,23.636267],[90.588573,23.647168],[90.575223,23.655422],[90.569291,23.659426],[90.56626,23.6609],[90.564463,23.662315],[90.553313,23.683319],[90.548916,23.688203],[90.546343,23.690638],[90.539573,23.692837],[90.524307,23.705054],[90.523361,23.705541],[90.522545,23.705834],[90.52148,23.705901],[90.520469,23.705547],[90.512211,23.699082],[90.50848,23.697514],[90.505227,23.696679],[90.474675,23.693025],[90.472936,23.693008],[90.470909,23.693255],[90.468976,23.693799],[90.466725,23.694806],[90.450438,23.702729],[90.434731,23.710025],[90.430282,23.711359],[90.425578,23.714451],[90.423791,23.715212],[90.422641,23.71589],[90.421356,23.716161],[90.420617,23.716561],[90.418705,23.719746],[90.417518,23.721156],[90.416753,23.721754],[90.414413,23.7229],[90.411895,23.723007],[90.41214,23.727548],[90.410626,23.727616],[90.410144,23.730121],[90.405233,23.729902],[90.404904,23.73048],[90.404405,23.732575],[90.403698,23.73369],[90.402128,23.733959],[90.400904,23.734609],[90.399596,23.736968],[90.39896,23.737663],[90.397505,23.738105],[90.39587,23.738104],[90.388604,23.73905],[90.383954,23.738867],[90.383476,23.738707],[90.384499,23.734451],[90.385654,23.730577],[90.3863,23.726879],[90.387621,23.726974],[90.389589,23.727466]]},"id":"15","properties":{"Actual Bus":30,"Alingment":"Palashi ? Eden College ? Shahbagh ? Gulistan ? Jatrabari ? Shonir Akhra ? Meghnaghat","Average OS":44.71880208,"Average TS":22.88704226,"B-A":990,"Bus No":39,"Bus Type":"Non-AC","Capacity":54,"First A":6,"Headway":25,"Last B":22.5,"Length":32.0419,"No of  R T":14.88,"No of Trip":29.76,"Operation ":27.71720042,"Operator":"Borak Transport","Permitted ":58,"Route_ID":"A-259","Seat No":36,"Serial_no":16,"TB Actual":0.0,"TB BRTA":143288.2809,"TB PD":143288.2809,"TBPDPT":3237,"Total B/A":83,"Travel Tim":54.15640806},"type":"Feature"},{"geometry":{"type":"MultiLineString","coordinates":[[[90.271574,23.793229],[90.27284,23.793317],[90.281343,23.794977],[90.2874,23.795306],[90.291153,23.795059],[90.293218,23.794649],[90.302028,23.792284],[90.312707,23.790124],[90.316425,23.7898],[90.323214,23.790071],[90.325148,23.78949],[90.328706,23.786771],[90.329553,23.786326],[90.338649,23.783122],[90.344454,23.783292],[90.349116,23.782645],[90.350123,23.782356],[90.351798,23.781566],[90.353944,23.785371],[90.353785,23.791168],[90.353283,23.797334],[90.353356,23.798642]],[[90.353356,23.798642],[90.353714,23.798872],[90.354301,23.79925]],[[90.353356,23.798642],[90.354301,23.79925]],[[90.354301,23.79925],[90.356013,23.80035]],[[90.356013,23.80035],[90.356053,23.800374],[90.356053,23.800374]],[[90.356013,23.80035],[90.356053,23.800374]],[[90.356053,23.800374],[90.356783,23.800826],[90.357213,23.801092]],[[90.356053,23.800374],[90.357213,23.801092]],[[90.357213,23.801092],[90.357213,23.801092],[90.357256,23.801118],[90.357293,23.801141],[90.357952,23.801549]],[[90.357213,23.801092],[90.357952,23.801549]],[[90.357952,23.801549],[90.361328,23.803686]],[[90.361328,23.803686],[90.363452,23.805045],[90.361683,23.807685],[90.361171,23.809394]],[[90.361182,23.809404],[90.361,23.810162],[90.36241,23.810406],[90.365502,23.810123],[90.367626,23.810425],[90.366129,23.815889]],[[90.361328,23.803686],[90.363442,23.805039]],[[90.365042,23.820232],[90.367203,23.820594],[90.370575,23.821158]],[[90.365042,23.820232],[90.370575,23.821158]],[[90.365386,23.818622],[90.365042,23.820232]],[[90.365838,23.816933],[90.365568,23.817942],[90.365386,23.818622]],[[90.365838,23.816933],[90.365386,23.818622]],[[90.365944,23.816538],[90.365838,23.816933]],[[90.365985,23.816382],[90.365944,23.816538]],[[90.365985,23.816382],[90.365985,23.816382],[90.365944,23.816538]],[[90.366129,23.815889],[90.365985,23.816382]],[[90.366136,23.815866],[90.366129,23.815889]],[[90.370575,23.821158],[90.370575,23.821158],[90.373036,23.82157]],[[90.370575,23.821158],[90.373036,23.82157]],[[90.373036,23.82157],[90.373257,23.821604]],[[90.373257,23.821604],[90.375199,23.821905],[90.375827,23.822003]],[[90.373257,23.821604],[90.375827,23.822003]],[[90.375827,23.822003],[90.375827,23.822003],[90.375827,23.822003]],[[90.375827,23.822003],[90.375827,23.822003]],[[90.375827,23.822003],[90.375985,23.822027],[90.37613,23.82205]],[[90.375827,23.822003],[90.37613,23.82205]],[[90.37613,23.82205],[90.376131,23.82205],[90.376872,23.822165]],[[90.37613,23.82205],[90.376872,23.822165]],[[90.376872,23.822165],[90.377684,23.822239],[90.377623,23.822804],[90.379844,23.823329],[90.380305,23.823304],[90.381937,23.822496],[90.385018,23.820593]],[[90.385018,23.820593],[90.385578,23.820463],[90.385602,23.820458]],[[90.385018,23.820593],[90.385602,23.820458]],[[90.385602,23.820458],[90.388612,23.819996],[90.390307,23.82043]],[[90.390307,23.82043],[90.390342,23.820463],[90.390389,23.820509]],[[90.390307,23.82043],[90.390389,23.820509]],[[90.390389,23.820509],[90.391571,23.821565],[90.393427,23.822596],[90.395334,23.820585]],[[90.395334,23.820585],[90.395435,23.820463],[90.396032,23.819745]],[[90.395334,23.820585],[90.396032,23.819745]],[[90.396032,23.819745],[90.398152,23.817195],[90.398589,23.816857],[90.400248,23.816453],[90.403727,23.816311],[90.405021,23.816013],[90.405499,23.816528],[90.406433,23.81694],[90.411838,23.816984],[90.41609,23.819596]],[[90.41609,23.819596],[90.416147,23.819636],[90.416682,23.82]],[[90.41609,23.819596],[90.416682,23.82]],[[90.416682,23.82],[90.416822,23.820096]],[[90.416822,23.820096],[90.416967,23.820194],[90.41728,23.820407]],[[90.416822,23.820096],[90.41728,23.820407]],[[90.41728,23.820407],[90.417362,23.820465],[90.41834,23.821145]],[[90.41728,23.820407],[90.41834,23.821145]],[[90.41834,23.821145],[90.419174,23.821873],[90.419972,23.82303],[90.420258,23.823714]],[[90.420258,23.823714],[90.420286,23.823821],[90.420293,23.823847]],[[90.420258,23.823714],[90.420293,23.823847]],[[90.420293,23.823847],[90.4203,23.823874],[90.420322,23.823957]],[[90.420293,23.823847],[90.420322,23.823957]],[[90.420322,23.823957],[90.42053,23.824678],[90.420895,23.825137],[90.421125,23.825015],[90.421431,23.824503],[90.421349,23.822588],[90.420784,23.820799],[90.420258,23.820194],[90.420531,23.819421]],[[90.420531,23.819421],[90.420602,23.819248]],[[90.420531,23.819421],[90.420544,23.819389],[90.420602,23.819248]],[[90.420602,23.819248],[90.421009,23.818098],[90.421138,23.815706]],[[90.421138,23.815706],[90.421184,23.814071]],[[90.421138,23.815706],[90.421178,23.814297],[90.421184,23.814071]],[[90.421184,23.814071],[90.421506,23.808022]],[[90.421506,23.808022],[90.421783,23.80649],[90.421784,23.806485]],[[90.421506,23.808022],[90.421784,23.806485]],[[90.421784,23.806485],[90.421983,23.805441]],[[90.421983,23.805441],[90.422131,23.80471]],[[90.421983,23.805441],[90.422011,23.8053],[90.422131,23.80471]],[[90.422131,23.80471],[90.422147,23.804635],[90.422496,23.802922]],[[90.422131,23.80471],[90.422496,23.802922]],[[90.422496,23.802922],[90.422532,23.802743],[90.422553,23.802641]],[[90.422496,23.802922],[90.422553,23.802641]],[[90.422553,23.802641],[90.423068,23.800114]],[[90.422553,23.802641],[90.422821,23.801327],[90.423068,23.800114]],[[90.423068,23.800114],[90.423336,23.798802]],[[90.423599,23.768654],[90.423112,23.767857],[90.423075,23.767795]],[[90.423599,23.768654],[90.423075,23.767795]],[[90.423075,23.767795],[90.42317,23.767665]],[[90.42317,23.767665],[90.424695,23.767037],[90.425025,23.766901]],[[90.42317,23.767665],[90.425025,23.766901]],[[90.423336,23.798802],[90.423356,23.798704],[90.423554,23.797731]],[[90.423336,23.798802],[90.423554,23.797731]],[[90.423554,23.797731],[90.423924,23.795645]],[[90.424626,23.770345],[90.423599,23.768654]],[[90.423924,23.795645],[90.424147,23.794392]],[[90.423924,23.795645],[90.423948,23.795511],[90.424147,23.794392]],[[90.424147,23.794392],[90.424579,23.791954]],[[90.424579,23.791954],[90.424936,23.789944]],[[90.424579,23.791954],[90.42477,23.790879],[90.424936,23.789944]],[[90.424749,23.770586],[90.424695,23.77048],[90.424626,23.770345]],[[90.424749,23.770586],[90.424626,23.770345]],[[90.425296,23.771659],[90.42485,23.770784],[90.424749,23.770586]],[[90.425296,23.771659],[90.424749,23.770586]],[[90.424936,23.789944],[90.425819,23.784482],[90.425623,23.779185],[90.425727,23.777414]],[[90.425025,23.766901],[90.429573,23.76457],[90.431347,23.763855],[90.433709,23.763162]],[[90.425571,23.7725],[90.425549,23.772433],[90.425296,23.771659]],[[90.425571,23.7725],[90.425296,23.771659]],[[90.425783,23.775907],[90.425799,23.77432],[90.425571,23.7725]],[[90.425727,23.777414],[90.425739,23.777217],[90.425739,23.777215]],[[90.425727,23.777414],[90.425739,23.777215]],[[90.425739,23.777215],[90.42575,23.77702]],[[90.42575,23.77702],[90.425752,23.77695],[90.425783,23.775907]],[[90.42575,23.77702],[90.425783,23.775907]],[[90.433709,23.763162],[90.436031,23.762769],[90.436278,23.762728]],[[90.433709,23.763162],[90.436278,23.762728]],[[90.436278,23.762728],[90.444358,23.762087],[90.446868,23.759022],[90.448458,23.756338],[90.450076,23.754611],[90.454364,23.75081],[90.466596,23.7485],[90.469639,23.748166],[90.470071,23.74804],[90.471523,23.747058],[90.476276,23.743134],[90.483283,23.736816],[90.490516,23.719795]]]},"id":"16","properties":{"Actual Bus":110,"Alingment":"Hemayetpur ? Gabtoli ? Technical ? Mirpur-1 ? Mirpur-2 ? Mirpur-6 (Yeshtai Restaurant) ? Mirpur-11 ? Purabi ? Kalsi ? ECB Chattar ? Matikata Flyover ? Kuril Flyover ? Rampura ? Banasree ? Meradia Bazar ? Demra Staff Quarter","Average OS":11.937961,"Average TS":18.91224689,"B-A":960,"Bus No":42,"Bus Type":"Non-AC","Capacity":54,"First A":6,"Headway":23,"Last B":22.0,"Length":41.7906,"No of  R T":2.67,"No of Trip":5.35,"Operation ":149.5833333,"Operator":"Achim Paribahan (Pvt.) Ltd.","Permitted ":62,"Route_ID":"A-314","Seat No":36,"Serial_no":17,"TB Actual":94128.1337,"TB BRTA":53054.039,"TB PD":53054.039,"TBPDPT":6720,"Total B/A":160,"Travel Tim":94.4213562},"type":"Feature"},{"geometry":{"type":"LineString","coordinates":[[90.348744,23.644893],[90.350672,23.650975],[90.351155,23.655727],[90.35171,23.657572],[90.353303,23.659194],[90.354697,23.659862],[90.35531,23.659963],[90.390862,23.663528],[90.392146,23.664396],[90.405144,23.674913],[90.40384,23.677732],[90.403407,23.680346],[90.401807,23.687349],[90.400373,23.690837],[90.398465,23.696562],[90.397517,23.701587],[90.397934,23.703068],[90.399005,23.704942],[90.401163,23.708018],[90.402854,23.710784],[90.403476,23.71281],[90.404732,23.713586],[90.406816,23.714369],[90.408008,23.714582],[90.408602,23.714485],[90.408759,23.718157],[90.409975,23.720024],[90.410421,23.721176],[90.410782,23.722935],[90.410732,23.726622],[90.410135,23.730228],[90.410173,23.73391],[90.41041,23.737178],[90.408812,23.737517],[90.412708,23.742693],[90.414276,23.744169],[90.412173,23.745698],[90.412383,23.746177],[90.412624,23.749574],[90.424594,23.770283],[90.425571,23.7725],[90.425799,23.77432],[90.425623,23.779185],[90.425819,23.784482],[90.423554,23.797729],[90.421506,23.808022],[90.421009,23.818098],[90.420432,23.819676],[90.41946,23.821459],[90.419609,23.822482],[90.420225,23.823589],[90.42053,23.824678],[90.420539,23.825313],[90.419325,23.833172],[90.418689,23.836325],[90.4176,23.83924],[90.416807,23.840373],[90.408431,23.850487],[90.400753,23.85999],[90.400244,23.860833],[90.399885,23.862536],[90.40054,23.871745],[90.400505,23.874631],[90.377775,23.874113],[90.36863,23.875319]]},"id":"17","properties":{"Actual Bus":74,"Alingment":"Bhawar Bhiti (South Keraniganj) ? Abdullahpur (Jail) ? Rajendrapur ? Chunkutia ? Kadamtali ? Babubazar ? Gulistan (Fulbaria) ? Paltan ? Kakrail ? Malibagh ? Mouchak (Flyover) ? Rampura ? Badda ? Natun Bazar ? Kuril Bishwaroad ? Khilkhet ? Airport ? House","Average OS":7.057384037,"Average TS":13.53989698,"B-A":990,"Bus No":50,"Bus Type":"Non-AC","Capacity":54,"First A":6,"Headway":20,"Last B":22.5,"Length":35.0568,"No of  R T":2.07,"No of Trip":4.14,"Operation ":199.4166667,"Operator":"Akash Enterprise","Permitted ":91,"Route_ID":"A-430","Seat No":36,"Serial_no":18,"TB Actual":46227.58044,"TB BRTA":56847.43,"TB PD":56847.43,"TBPDPT":7550,"Total B/A":151,"Travel Tim":103.9417066},"type":"Feature"},{"geometry":{"type":"MultiLineString","coordinates":[[[90.259507,23.912656],[90.261121,23.911569],[90.263248,23.909843],[90.26701,23.905548],[90.268269,23.903612],[90.271589,23.893644],[90.272531,23.885089],[90.273317,23.874367],[90.272661,23.86996],[90.271928,23.868281],[90.270582,23.866154],[90.269186,23.86462],[90.265648,23.861515],[90.263501,23.860072],[90.262607,23.858998],[90.259685,23.853698],[90.257082,23.846609],[90.256532,23.844614],[90.256662,23.843101],[90.259023,23.83491],[90.259062,23.832995],[90.257492,23.821194],[90.257328,23.812496],[90.257598,23.811499],[90.260036,23.807232],[90.2622,23.802971],[90.263711,23.797919],[90.265538,23.795656],[90.26707,23.79451],[90.268134,23.793947],[90.270193,23.793306],[90.27284,23.793317],[90.281343,23.794977],[90.285367,23.795239],[90.288997,23.795268],[90.291153,23.795059],[90.293218,23.794649],[90.302028,23.792284],[90.312707,23.790124],[90.316425,23.7898],[90.323214,23.790071],[90.325148,23.78949],[90.328706,23.786771],[90.329553,23.786326],[90.338649,23.783122],[90.339424,23.783048],[90.343716,23.783342],[90.347211,23.782931],[90.349073,23.796173],[90.355266,23.799876],[90.351969,23.804789],[90.351696,23.805309],[90.351583,23.806008],[90.3574,23.808006],[90.361138,23.809507],[90.361,23.810162],[90.36241,23.810406],[90.365502,23.810123],[90.367667,23.810369],[90.366867,23.813243]],[[90.366867,23.813243],[90.365985,23.816382],[90.364958,23.820192],[90.365042,23.820232],[90.377684,23.822239],[90.377588,23.823035],[90.37808,23.822896],[90.379844,23.823329],[90.380305,23.823304],[90.381448,23.822766],[90.385018,23.820593],[90.388612,23.819996],[90.390016,23.820261],[90.391571,23.821565],[90.393427,23.822596],[90.398589,23.816857],[90.400248,23.816453],[90.403727,23.816311],[90.405021,23.816013],[90.405499,23.816528],[90.406433,23.81694],[90.411838,23.816984],[90.415614,23.819272],[90.419174,23.821873],[90.420225,23.823589],[90.42053,23.824678],[90.420539,23.825313],[90.419325,23.833172],[90.418689,23.836325],[90.4176,23.83924],[90.400753,23.85999],[90.400244,23.860833],[90.399885,23.862536],[90.40054,23.871745],[90.400534,23.875292],[90.401316,23.878592],[90.401149,23.879677],[90.400655,23.880495],[90.400049,23.880717],[90.395659,23.879745],[90.393066,23.879558],[90.392466,23.879689],[90.392138,23.880114],[90.39127,23.883239],[90.388072,23.892359],[90.385203,23.896077],[90.384478,23.896666],[90.383052,23.897327],[90.380884,23.897754],[90.380066,23.897512],[90.377996,23.896511],[90.376129,23.894662],[90.375102,23.894134],[90.37311,23.893908],[90.369025,23.894343],[90.366652,23.893411],[90.364204,23.893184],[90.362441,23.892398]],[[90.366867,23.813243],[90.366788,23.813529]]]},"id":"18","properties":{"Actual Bus":23,"Alingment":"Nabinagar ? Savar ? Gabtoli ? Mirpur-1 ? Prashika Mor ? Original-10 ? Kalsi (Mohammad Zillur Rahman Flyover) ? Kurmitola General Hospital ? Shaora Bazar ? Airport ? Abdullahpur ? Kamarpara ? Dhour","Average OS":25.63163266,"Average TS":25.4974418,"B-A":900,"Bus No":63,"Bus Type":"Non-AC","Capacity":54,"First A":7,"Headway":14,"Last B":22.0,"Length":47.7759,"No of  R T":5.74,"No of Trip":11.48,"Operation ":65.33333331,"Operator":"Madhumati Paribahan Ltd.","Permitted ":20,"Route_ID":"A-365","Seat No":36,"Serial_no":19,"TB Actual":0.0,"TB BRTA":22500.00001,"TB PD":22500.00001,"TBPDPT":6174,"Total B/A":98,"Travel Tim":65.67717707},"type":"Feature"},{"geometry":{"type":"MultiLineString","coordinates":[[[90.242463,24.028481],[90.241937,24.031306]],[[90.244045,24.020006],[90.242799,24.026677],[90.242463,24.028481]],[[90.244045,24.020006],[90.242463,24.028481]],[[90.245044,24.016171],[90.244045,24.020006]],[[90.248808,24.008047],[90.247079,24.01178],[90.245044,24.016171]],[[90.248808,24.008047],[90.245044,24.016171]],[[90.252538,24.000286],[90.248808,24.008047]],[[90.255702,23.993681],[90.255675,23.993738],[90.252538,24.000286]],[[90.255702,23.993681],[90.252538,24.000286]],[[90.258325,23.987729],[90.257153,23.990388],[90.255702,23.993681]],[[90.258325,23.987729],[90.255702,23.993681]],[[90.256532,23.844614],[90.256695,23.845443]],[[90.256533,23.843641],[90.256532,23.844614]],[[90.256533,23.843641],[90.256532,23.844419],[90.256532,23.844614]],[[90.256533,23.843641],[90.256532,23.844419],[90.256532,23.844614]],[[90.256662,23.843101],[90.256632,23.843226],[90.256533,23.843641]],[[90.256662,23.843101],[90.256533,23.843641]],[[90.257132,23.841507],[90.256662,23.843101]],[[90.256695,23.845443],[90.256833,23.845859],[90.257082,23.846609]],[[90.256695,23.845443],[90.257082,23.846609]],[[90.257082,23.846609],[90.257378,23.847415]],[[90.258305,23.837536],[90.257155,23.84143],[90.257132,23.841507]],[[90.258305,23.837536],[90.257132,23.841507]],[[90.257378,23.847415],[90.257392,23.847454],[90.257507,23.847767]],[[90.257378,23.847415],[90.257507,23.847767]],[[90.257507,23.847767],[90.259685,23.853698]],[[90.257598,23.811499],[90.257328,23.812496],[90.257294,23.813823],[90.257492,23.821194],[90.257692,23.822588]],[[90.259241,23.808623],[90.257637,23.811432],[90.257598,23.811499]],[[90.259241,23.808623],[90.257598,23.811499]],[[90.259422,23.808307],[90.257598,23.811499]],[[90.257692,23.822588],[90.258237,23.826558],[90.258526,23.828664],[90.258533,23.828721],[90.258737,23.830205]],[[90.257692,23.822588],[90.258737,23.830205]],[[90.259398,23.985294],[90.259123,23.985918],[90.258325,23.987729]],[[90.259398,23.985294],[90.258325,23.987729]],[[90.261621,23.980249],[90.258325,23.987729]],[[90.25883,23.835758],[90.258409,23.837182],[90.258305,23.837536]],[[90.25883,23.835758],[90.258305,23.837536]],[[90.258737,23.830205],[90.258778,23.830554],[90.259062,23.832995]],[[90.258737,23.830205],[90.259062,23.832995]],[[90.259059,23.833173],[90.259023,23.83491],[90.25883,23.835758]],[[90.259189,23.91287],[90.258478,23.913435],[90.262649,23.922617]],[[90.261121,23.911569],[90.259507,23.912656],[90.259189,23.91287]],[[90.261121,23.911569],[90.259189,23.91287]],[[90.259062,23.832995],[90.259059,23.833136],[90.259059,23.833173]],[[90.259062,23.832995],[90.259059,23.833173]],[[90.26003,23.98386],[90.25979,23.984405],[90.259398,23.985294]],[[90.26003,23.98386],[90.259398,23.985294]],[[90.259422,23.808307],[90.259416,23.808317],[90.259241,23.808623]],[[90.259422,23.808307],[90.259241,23.808623]],[[90.260036,23.807232],[90.259506,23.80816],[90.259422,23.808307]],[[90.260036,23.807232],[90.259422,23.808307]],[[90.259685,23.853698],[90.260272,23.854752],[90.261395,23.856771]],[[90.259685,23.853698],[90.261395,23.856771]],[[90.261621,23.980249],[90.260118,23.98366],[90.26003,23.98386]],[[90.261621,23.980249],[90.26003,23.98386]],[[90.2622,23.802971],[90.261555,23.804241],[90.260036,23.807232]],[[90.2622,23.802971],[90.260036,23.807232]],[[90.268269,23.903612],[90.26701,23.905548],[90.264768,23.908214],[90.263248,23.909843],[90.261121,23.911569]],[[90.261896,23.979626],[90.261621,23.980249]],[[90.265577,23.971272],[90.261621,23.980249]],[[90.261395,23.856771],[90.262231,23.858307],[90.262328,23.858486]],[[90.261395,23.856771],[90.262328,23.858486]],[[90.261395,23.856771],[90.262607,23.858998]],[[90.263018,23.97708],[90.26217,23.979003],[90.261896,23.979626]],[[90.263018,23.97708],[90.261896,23.979626]],[[90.264599,23.796687],[90.263711,23.797919],[90.263399,23.798692],[90.2622,23.802971]],[[90.262328,23.858486],[90.262385,23.858591],[90.262607,23.858998]],[[90.262328,23.858486],[90.262607,23.858998]],[[90.262649,23.922617],[90.264242,23.926136],[90.265737,23.929442]],[[90.262649,23.922617],[90.265737,23.929442]],[[90.262607,23.858998],[90.263501,23.860072],[90.265648,23.861515],[90.266771,23.862461]],[[90.265577,23.971272],[90.263018,23.97708]],[[90.265538,23.795656],[90.264803,23.796463],[90.264599,23.796687]],[[90.265538,23.795656],[90.264599,23.796687]],[[90.267861,23.965926],[90.265577,23.971272]],[[90.265737,23.929442],[90.268436,23.935354]],[[90.265737,23.929442],[90.269768,23.938271]],[[90.266427,23.794992],[90.26594,23.795355],[90.265538,23.795656]],[[90.266427,23.794992],[90.265538,23.795656]],[[90.26707,23.79451],[90.265538,23.795656]],[[90.26707,23.79451],[90.266427,23.794992]],[[90.266771,23.862461],[90.268354,23.863876],[90.268741,23.864222]],[[90.266771,23.862461],[90.268354,23.863876],[90.268741,23.864222]],[[90.266771,23.862461],[90.268741,23.864222]],[[90.266771,23.862461],[90.269186,23.86462]],[[90.270193,23.793306],[90.268134,23.793947],[90.26707,23.79451]],[[90.268309,23.964878],[90.267861,23.965926]],[[90.270304,23.960208],[90.267861,23.965926]],[[90.268908,23.963475],[90.268737,23.963874],[90.268309,23.964878]],[[90.268908,23.963475],[90.268309,23.964878]],[[90.268919,23.901669],[90.268854,23.901863],[90.268269,23.903612]],[[90.268919,23.901669],[90.268269,23.903612]],[[90.270714,23.896297],[90.268269,23.903612]],[[90.268436,23.935354],[90.26901,23.93661],[90.269768,23.938271]],[[90.268436,23.935354],[90.269768,23.938271]],[[90.270304,23.960208],[90.268908,23.963475]],[[90.268741,23.864222],[90.269186,23.86462]],[[90.269875,23.898809],[90.26984,23.898913],[90.268919,23.901669]],[[90.269875,23.898809],[90.268919,23.901669]],[[90.269186,23.86462],[90.269702,23.865187],[90.270582,23.866154]],[[90.269186,23.86462],[90.270582,23.866154]],[[90.269768,23.938271],[90.269817,23.938374]],[[90.269817,23.938374],[90.269863,23.938474],[90.27032,23.939446]],[[90.269817,23.938374],[90.27032,23.939446]],[[90.269817,23.938374],[90.271425,23.941798]],[[90.269817,23.938374],[90.272624,23.94435]],[[90.270714,23.896297],[90.269875,23.898809]],[[90.273907,23.951524],[90.270645,23.959384],[90.270304,23.960208]],[[90.273907,23.951524],[90.270304,23.960208]],[[90.27032,23.939446],[90.271425,23.941798]],[[90.27148,23.793222],[90.270652,23.793276],[90.270193,23.793306]],[[90.270652,23.793276],[90.270193,23.793306]],[[90.27148,23.793222],[90.270193,23.793306]],[[90.270582,23.866154],[90.271928,23.868281]],[[90.271589,23.893644],[90.271031,23.895335],[90.270714,23.896297]],[[90.271589,23.893644],[90.270714,23.896297]],[[90.27148,23.793222],[90.270652,23.793276]],[[90.27148,23.793222],[90.271193,23.793241],[90.270652,23.793276]],[[90.271425,23.941798],[90.272624,23.94435]],[[90.272069,23.889285],[90.271589,23.893644]],[[90.271574,23.793229],[90.27148,23.793222]],[[90.271601,23.79323],[90.27148,23.793222]],[[90.271601,23.79323],[90.271574,23.793229]],[[90.271601,23.79323],[90.271574,23.793229]],[[90.271601,23.79323],[90.271601,23.79323]],[[90.271601,23.79323],[90.271601,23.79323]],[[90.271601,23.79323],[90.271601,23.79323],[90.271601,23.79323]],[[90.271601,23.79323],[90.271601,23.79323],[90.271601,23.79323]],[[90.271601,23.79323],[90.271601,23.79323]],[[90.27284,23.793317],[90.271601,23.79323]],[[90.271816,23.793245],[90.271601,23.79323]],[[90.271601,23.79323],[90.271601,23.79323]],[[90.271816,23.793245],[90.271601,23.79323]],[[90.27284,23.793317],[90.271601,23.79323]],[[90.271928,23.868281],[90.272387,23.869331],[90.272661,23.86996]],[[90.271928,23.868281],[90.272661,23.86996]],[[90.27284,23.793317],[90.271816,23.793245]],[[90.272272,23.887437],[90.272148,23.888565],[90.272069,23.889285]],[[90.272272,23.887437],[90.272069,23.889285]],[[90.272531,23.885089],[90.272069,23.889285]],[[90.272531,23.885089],[90.272272,23.887437]],[[90.272624,23.94435],[90.273165,23.945502],[90.27352,23.946258]],[[90.272624,23.94435],[90.27352,23.946258]],[[90.272668,23.883218],[90.272531,23.885089]],[[90.27285,23.880741],[90.2727,23.88278],[90.272668,23.883218]],[[90.2727,23.88278],[90.272668,23.883218]],[[90.273317,23.874367],[90.272668,23.883218]],[[90.272661,23.86996],[90.272768,23.870556],[90.272936,23.871488]],[[90.272661,23.86996],[90.272768,23.870556],[90.272936,23.871488]],[[90.272661,23.86996],[90.272936,23.871488]],[[90.27285,23.880741],[90.2727,23.88278]],[[90.272989,23.878845],[90.2727,23.88278]],[[90.272989,23.878845],[90.272989,23.878845],[90.27285,23.880741]],[[90.272989,23.878845],[90.27285,23.880741]],[[90.272936,23.871488],[90.273075,23.872264]],[[90.272989,23.878845],[90.272989,23.878845]],[[90.273317,23.874367],[90.272989,23.878845]],[[90.273317,23.874367],[90.273029,23.878296],[90.272989,23.878845]],[[90.273317,23.874367],[90.272989,23.878845]],[[90.274465,23.793621],[90.27284,23.793317]],[[90.27535,23.793787],[90.27284,23.793317]],[[90.273075,23.872264],[90.273234,23.873646],[90.273317,23.874367]],[[90.273075,23.872264],[90.273317,23.874367]],[[90.27352,23.946258],[90.274236,23.948525],[90.274268,23.950633]],[[90.274078,23.951102],[90.273907,23.951524]],[[90.274268,23.950633],[90.273907,23.951524]],[[90.274078,23.951102],[90.274064,23.951097]],[[90.274268,23.950633],[90.274078,23.951102]],[[90.27535,23.793787],[90.274864,23.793696],[90.274465,23.793621]],[[90.27535,23.793787],[90.274465,23.793621]],[[90.276034,23.793923],[90.275545,23.793826],[90.27535,23.793787]],[[90.276034,23.793923],[90.27535,23.793787]],[[90.281343,23.794977],[90.27535,23.793787]],[[90.279903,23.794691],[90.276034,23.793923]],[[90.281343,23.794977],[90.280688,23.794847],[90.279903,23.794691]],[[90.281343,23.794977],[90.279903,23.794691]],[[90.283471,23.795141],[90.281343,23.794977]],[[90.283828,23.795159],[90.283586,23.795147],[90.283471,23.795141]],[[90.283828,23.795159],[90.283471,23.795141]],[[90.284532,23.795196],[90.283828,23.795159]],[[90.285367,23.795239],[90.284636,23.795201],[90.284532,23.795196]],[[90.285367,23.795239],[90.284532,23.795196]],[[90.291153,23.795059],[90.288997,23.795268],[90.285367,23.795239]],[[90.293218,23.794649],[90.291187,23.795052],[90.291153,23.795059]],[[90.293218,23.794649],[90.291153,23.795059]],[[90.293219,23.794649],[90.293218,23.794649]],[[90.293294,23.794628],[90.293218,23.794649]],[[90.296202,23.793825],[90.293218,23.794649]],[[90.293325,23.79462],[90.293219,23.794649]],[[90.293294,23.794628],[90.293219,23.794649]],[[90.293325,23.79462],[90.293294,23.794628]],[[90.294374,23.79433],[90.293294,23.794628]],[[90.294374,23.79433],[90.293325,23.79462]],[[90.296202,23.793825],[90.295909,23.793906],[90.294374,23.79433]],[[90.296202,23.793825],[90.294374,23.79433]],[[90.297509,23.793479],[90.296982,23.793619],[90.296202,23.793825]],[[90.297509,23.793479],[90.296202,23.793825]],[[90.302028,23.792284],[90.296202,23.793825]],[[90.298408,23.793242],[90.297509,23.793479]],[[90.300324,23.792735],[90.297509,23.793479]],[[90.300324,23.792735],[90.299484,23.792957],[90.298408,23.793242]],[[90.300324,23.792735],[90.298408,23.793242]],[[90.302028,23.792284],[90.300324,23.792735]],[[90.304192,23.791852],[90.3024,23.792209],[90.302028,23.792284]],[[90.304192,23.791852],[90.302028,23.792284]],[[90.308459,23.791001],[90.306721,23.791348],[90.304192,23.791852]],[[90.308459,23.791001],[90.304192,23.791852]],[[90.308949,23.7909],[90.308662,23.79096],[90.308459,23.791001]],[[90.308949,23.7909],[90.308459,23.791001]],[[90.312707,23.790124],[90.310619,23.790555],[90.308949,23.7909]],[[90.312707,23.790124],[90.308949,23.7909]],[[90.316425,23.7898],[90.314408,23.789976],[90.312707,23.790124]],[[90.316425,23.7898],[90.312707,23.790124]],[[90.325148,23.78949],[90.323214,23.790071],[90.316425,23.7898]],[[90.327275,23.787907],[90.32619,23.788715],[90.325148,23.78949]],[[90.327275,23.787907],[90.325148,23.78949]],[[90.328706,23.786771],[90.327275,23.787907]],[[90.32905,23.786591],[90.328706,23.786771]],[[90.329553,23.786326],[90.328706,23.786771]],[[90.329553,23.786326],[90.329335,23.786441],[90.32905,23.786591]],[[90.329553,23.786326],[90.32905,23.786591]],[[90.331993,23.785476],[90.331467,23.785659],[90.329553,23.786326]],[[90.331993,23.785476],[90.329553,23.786326]],[[90.333293,23.785032],[90.331993,23.785476]],[[90.334008,23.784788],[90.331993,23.785476]],[[90.334008,23.784788],[90.333549,23.784945],[90.333293,23.785032]],[[90.334008,23.784788],[90.333293,23.785032]],[[90.3348,23.784498],[90.334008,23.784788]],[[90.337003,23.783691],[90.334008,23.784788]],[[90.33568,23.784176],[90.335283,23.784321],[90.3348,23.784498]],[[90.33568,23.784176],[90.3348,23.784498]],[[90.337003,23.783691],[90.33568,23.784176]],[[90.337378,23.783561],[90.337003,23.783691]],[[90.338599,23.78314],[90.337003,23.783691]],[[90.338599,23.78314],[90.338308,23.78324],[90.337378,23.783561]],[[90.338599,23.78314],[90.337378,23.783561]],[[90.338649,23.783122],[90.338599,23.78314]],[[90.339424,23.783048],[90.339032,23.783086],[90.338649,23.783122]],[[90.339424,23.783048],[90.338649,23.783122]],[[90.339527,23.783054],[90.339478,23.783051],[90.339424,23.783048]],[[90.339527,23.783054],[90.339424,23.783048]],[[90.34031,23.783098],[90.340016,23.783081],[90.339527,23.783054]],[[90.340016,23.783081],[90.339527,23.783054]],[[90.34031,23.783098],[90.340016,23.783081]],[[90.341148,23.783145],[90.340016,23.783081]],[[90.340931,23.783133],[90.3406,23.783114],[90.34031,23.783098]],[[90.340931,23.783133],[90.34031,23.783098]],[[90.341148,23.783145],[90.340931,23.783133]],[[90.341587,23.78317],[90.341148,23.783145],[90.341148,23.783145]],[[90.341587,23.78317],[90.341148,23.783145]],[[90.343716,23.783342],[90.341587,23.78317]],[[90.344222,23.783308],[90.343716,23.783342]],[[90.344454,23.783292],[90.343716,23.783342]],[[90.344454,23.783292],[90.34429,23.783303],[90.344222,23.783308]],[[90.344454,23.783292],[90.34429,23.783303],[90.344222,23.783308]],[[90.344454,23.783292],[90.344222,23.783308]],[[90.344738,23.783255],[90.344454,23.783292]],[[90.345558,23.783147],[90.344861,23.783239],[90.344738,23.783255]],[[90.345558,23.783147],[90.344738,23.783255]],[[90.347052,23.782952],[90.344738,23.783255]],[[90.347052,23.782952],[90.345558,23.783147]],[[90.347052,23.782952],[90.346072,23.78308],[90.345558,23.783147]],[[90.349234,23.782611],[90.347052,23.782952]],[[90.350123,23.782356],[90.350076,23.782369],[90.349234,23.782611]],[[90.350123,23.782356],[90.350076,23.782369],[90.349234,23.782611]],[[90.350123,23.782356],[90.350076,23.782369],[90.349234,23.782611]],[[90.350123,23.782356],[90.349234,23.782611]],[[90.350193,23.782323],[90.350123,23.782356]],[[90.350654,23.782105],[90.350193,23.782323]],[[90.351337,23.781783],[90.350193,23.782323]],[[90.351388,23.781759],[90.350193,23.782323]],[[90.351337,23.781783],[90.350654,23.782105]],[[90.351337,23.781783],[90.350654,23.782105]],[[90.351337,23.781783],[90.351337,23.781783]],[[90.351362,23.781771],[90.351337,23.781783]],[[90.351388,23.781759],[90.351337,23.781783]],[[90.351362,23.781771],[90.351337,23.781783]],[[90.351388,23.781759],[90.351362,23.781771]],[[90.351388,23.781759],[90.351362,23.781771]],[[90.351388,23.781759],[90.351388,23.781759]],[[90.351388,23.781759],[90.351388,23.781759]],[[90.351628,23.781646],[90.351388,23.781759]],[[90.351556,23.78168],[90.351388,23.781759]],[[90.351556,23.78168],[90.351388,23.781759]],[[90.351628,23.781646],[90.351388,23.781759]],[[90.351628,23.781646],[90.351556,23.78168]],[[90.351628,23.781646],[90.351556,23.78168]],[[90.351798,23.781566],[90.351628,23.781646]],[[90.351798,23.781566],[90.351628,23.781646]],[[90.351895,23.781714],[90.351798,23.781566]],[[90.351898,23.78172],[90.351895,23.781714]],[[90.351898,23.781719],[90.351895,23.781714]],[[90.351898,23.78172],[90.351898,23.781719]],[[90.351899,23.781722],[90.351898,23.781719]],[[90.3519,23.781723],[90.351898,23.781719]],[[90.351941,23.781796],[90.3519,23.781723],[90.351898,23.78172]],[[90.351899,23.781722],[90.351898,23.78172]],[[90.351941,23.781796],[90.3519,23.781723],[90.351899,23.781722]],[[90.3519,23.781723],[90.351899,23.781722]],[[90.351945,23.781805],[90.3519,23.781723]],[[90.352067,23.782021],[90.3519,23.781723]],[[90.351963,23.781836],[90.351941,23.781796]],[[90.351945,23.781805],[90.351941,23.781796]],[[90.351963,23.781836],[90.351945,23.781805]],[[90.352039,23.781971],[90.351963,23.781836],[90.351945,23.781805]],[[90.352039,23.781971],[90.351963,23.781836]],[[90.352067,23.782021],[90.352039,23.781971]],[[90.352233,23.782318],[90.352114,23.782105],[90.352067,23.782021]],[[90.352233,23.782318],[90.352067,23.782021]],[[90.352312,23.782459],[90.352233,23.782318]],[[90.352612,23.782993],[90.352495,23.782785],[90.352341,23.78251],[90.352312,23.782459]],[[90.352341,23.78251],[90.352312,23.782459]],[[90.352495,23.782785],[90.352312,23.782459]],[[90.352612,23.782993],[90.352312,23.782459]],[[90.352612,23.782993],[90.352495,23.782785],[90.352341,23.78251]],[[90.352495,23.782785],[90.352341,23.78251]],[[90.352612,23.782993],[90.352495,23.782785]],[[90.35363,23.78481],[90.352612,23.782993]],[[90.353296,23.79835],[90.353296,23.798329],[90.353293,23.798093]],[[90.353296,23.79835],[90.353293,23.798093]],[[90.353293,23.798093],[90.353337,23.796537]],[[90.353356,23.798642],[90.353296,23.79835]],[[90.353337,23.796537],[90.35342,23.795535]],[[90.353337,23.796537],[90.353409,23.795676],[90.35342,23.795535]],[[90.354301,23.79925],[90.353714,23.798872],[90.353356,23.798642]],[[90.354301,23.79925],[90.353356,23.798642]],[[90.35342,23.795535],[90.353474,23.794895]],[[90.35342,23.795535],[90.353429,23.795438],[90.353474,23.794895]],[[90.353474,23.794895],[90.353498,23.794606]],[[90.353474,23.794895],[90.353498,23.794606]],[[90.353498,23.794606],[90.353518,23.794368]],[[90.353498,23.794606],[90.353508,23.794486]],[[90.353498,23.794606],[90.353508,23.794486]],[[90.353498,23.794606],[90.353518,23.794368]],[[90.353508,23.794486],[90.353518,23.794368]],[[90.353508,23.794486],[90.353518,23.794368]],[[90.353518,23.794368],[90.353522,23.794324]],[[90.353518,23.794368],[90.353522,23.794324]],[[90.353518,23.794368],[90.353522,23.794324],[90.353567,23.793787]],[[90.353522,23.794324],[90.353567,23.793787],[90.353567,23.793785]],[[90.353522,23.794324],[90.353567,23.793787]],[[90.353567,23.793787],[90.353567,23.793785]],[[90.353567,23.793787],[90.353569,23.793757]],[[90.353567,23.793785],[90.353569,23.793757],[90.353623,23.793112]],[[90.353567,23.793785],[90.353569,23.793757]],[[90.353569,23.793757],[90.353623,23.793112]],[[90.353569,23.793757],[90.353636,23.792954]],[[90.353623,23.793112],[90.353636,23.792954]],[[90.353623,23.793112],[90.353636,23.792954]],[[90.353636,23.792954],[90.353636,23.792954]],[[90.353636,23.792954],[90.353636,23.792954]],[[90.353636,23.792954],[90.353684,23.792385]],[[90.353636,23.792954],[90.35364,23.792912]],[[90.353636,23.792954],[90.35364,23.792912]],[[90.353636,23.792954],[90.35364,23.792907]],[[90.35364,23.792912],[90.353684,23.792385]],[[90.35364,23.792912],[90.35364,23.792907]],[[90.35364,23.792907],[90.353684,23.792385],[90.353696,23.79224]],[[90.35364,23.792907],[90.353684,23.792385],[90.353703,23.792155]],[[90.353944,23.785371],[90.353715,23.784962],[90.35363,23.78481]],[[90.353944,23.785371],[90.35363,23.78481]],[[90.353684,23.792385],[90.353704,23.792137],[90.353713,23.792028]],[[90.353684,23.792385],[90.353704,23.792137]],[[90.353684,23.792385],[90.353696,23.79224]],[[90.353696,23.79224],[90.353704,23.792137]],[[90.353696,23.79224],[90.353703,23.792155]],[[90.353703,23.792155],[90.353704,23.792137]],[[90.353703,23.792155],[90.353704,23.792137]],[[90.353704,23.792137],[90.353704,23.792137]],[[90.353704,23.792137],[90.353713,23.792028]],[[90.353704,23.792137],[90.353704,23.792137]],[[90.353704,23.792137],[90.353714,23.792028]],[[90.353704,23.792137],[90.353761,23.791458],[90.353785,23.791168]],[[90.353713,23.792028],[90.353714,23.792019]],[[90.353713,23.792028],[90.353714,23.792028]],[[90.353714,23.792028],[90.353714,23.792019]],[[90.353714,23.792028],[90.353714,23.792019],[90.353761,23.791458]],[[90.353714,23.792019],[90.353761,23.791458]],[[90.353761,23.791458],[90.353785,23.791168]],[[90.353785,23.791168],[90.353812,23.790209]],[[90.353785,23.791168],[90.353794,23.790857],[90.353812,23.790209]],[[90.353785,23.791168],[90.353794,23.790857],[90.353812,23.790209]],[[90.353812,23.790209],[90.353816,23.790063],[90.353818,23.789963]],[[90.353812,23.790209],[90.353818,23.789963]],[[90.353812,23.790209],[90.353835,23.789347]],[[90.353812,23.790209],[90.353838,23.789232]],[[90.353818,23.789963],[90.353835,23.789347]],[[90.353835,23.789347],[90.353838,23.789232]],[[90.353838,23.789232],[90.35387,23.788073]],[[90.35387,23.788073],[90.353875,23.787883]],[[90.35387,23.788073],[90.35392,23.78625]],[[90.353875,23.787883],[90.353904,23.786826],[90.35392,23.78625]],[[90.353875,23.787883],[90.35392,23.78625]],[[90.35392,23.78625],[90.353944,23.785371]],[[90.35601,23.800348],[90.354301,23.79925]],[[90.356053,23.800374],[90.356013,23.80035],[90.35601,23.800348]],[[90.356053,23.800374],[90.35601,23.800348]],[[90.356963,23.800937],[90.356783,23.800826],[90.356053,23.800374]],[[90.356963,23.800937],[90.356053,23.800374]],[[90.357213,23.801092],[90.356053,23.800374]],[[90.357213,23.801092],[90.356963,23.800937]],[[90.357213,23.801092],[90.356963,23.800937]],[[90.357213,23.801092],[90.357213,23.801092]],[[90.357213,23.801092],[90.357213,23.801092]],[[90.357239,23.801108],[90.357213,23.801092],[90.357213,23.801092]],[[90.357213,23.801092],[90.357213,23.801092]],[[90.357227,23.8011],[90.357213,23.801092]],[[90.357256,23.801118],[90.357213,23.801092]],[[90.357232,23.801104],[90.357213,23.801092]],[[90.357227,23.8011],[90.357213,23.801092]],[[90.357232,23.801104],[90.357227,23.8011]],[[90.357256,23.801118],[90.357227,23.8011]],[[90.357239,23.801108],[90.357232,23.801104]],[[90.35727,23.801127],[90.357256,23.801118],[90.357232,23.801104]],[[90.357293,23.801141],[90.357256,23.801118],[90.357239,23.801108]],[[90.357293,23.801141],[90.357256,23.801118],[90.357239,23.801108]],[[90.35727,23.801127],[90.357256,23.801118]],[[90.357293,23.801141],[90.357256,23.801118]],[[90.357293,23.801141],[90.35727,23.801127]],[[90.357293,23.801141],[90.35727,23.801127]],[[90.357952,23.801549],[90.357293,23.801141]],[[90.357952,23.801549],[90.357293,23.801141]],[[90.361328,23.803686],[90.357952,23.801549]],[[90.361637,23.803884],[90.361328,23.803686]],[[90.363452,23.805045],[90.361328,23.803686]],[[90.363452,23.805045],[90.361866,23.80403],[90.361637,23.803884]],[[90.363452,23.805045],[90.361637,23.803884]],[[90.364461,23.805655],[90.363452,23.805045]],[[90.365697,23.806319],[90.365444,23.806183],[90.364461,23.805655]],[[90.365697,23.806319],[90.364461,23.805655]],[[90.366698,23.806669],[90.36627,23.806519],[90.365697,23.806319]],[[90.366698,23.806669],[90.365697,23.806319]],[[90.367909,23.806941],[90.367204,23.806783],[90.366698,23.806669]],[[90.367909,23.806941],[90.366698,23.806669]],[[90.36845,23.807063],[90.36791,23.806941],[90.367909,23.806941]],[[90.36845,23.807063],[90.367909,23.806941]],[[90.374664,23.806151],[90.370288,23.807164],[90.369478,23.807275],[90.36845,23.807063]],[[90.37544,23.805676],[90.374664,23.806151]],[[90.37544,23.805676],[90.3754,23.8057],[90.374664,23.806151]],[[90.380428,23.801553],[90.37544,23.805676]],[[90.382242,23.80044],[90.380571,23.801466],[90.380428,23.801553]],[[90.382242,23.80044],[90.380428,23.801553]],[[90.384623,23.799442],[90.382589,23.800295],[90.382242,23.80044]],[[90.384623,23.799442],[90.382589,23.800295],[90.382242,23.80044]],[[90.384623,23.799442],[90.382242,23.80044]],[[90.387176,23.798469],[90.38555,23.799089],[90.384623,23.799442]],[[90.387176,23.798469],[90.384623,23.799442]],[[90.387242,23.798454],[90.387176,23.798469]],[[90.388521,23.798175],[90.387242,23.798454]],[[90.38726,23.79845],[90.387242,23.798454]],[[90.387261,23.798452],[90.387242,23.798454]]]},"id":"19","properties":{"Actual Bus":12,"Alingment":"Mirpur-14 ? Mirpur-10 ? Mirpur-2 ? Mirpur-1 ? Gabtoli ? Savar ? Nabinagar ? EPZ ? Jirani ? Nandan Park","Average OS":12.98903826,"Average TS":38.73955348,"B-A":1050,"Bus No":56,"Bus Type":"Non-AC","Capacity":54,"First A":6,"Headway":19,"Last B":23.5,"Length":82.5126,"No of  R T":2.09,"No of Trip":4.18,"Operation ":209.5166667,"Operator":"Itihash Paribahan Ltd.","Permitted ":49,"Route_ID":"A-307","Seat No":36,"Serial_no":20,"TB Actual":5763.264657,"TB BRTA":23533.33068,"TB PD":23533.33068,"TBPDPT":6440,"Total B/A":115,"Travel Tim":70.24913185},"type":"Feature"},{"geometry":{"type":"LineString","coordinates":[[90.412346,23.727615],[90.412117,23.725632],[90.412285,23.725016],[90.412918,23.724865],[90.413956,23.724964],[90.414474,23.725161],[90.415161,23.725704],[90.414696,23.724918],[90.414566,23.72327],[90.414803,23.722958],[90.41687,23.722256],[90.420296,23.721676],[90.420158,23.720198],[90.420387,23.719442],[90.420403,23.718597],[90.422157,23.716433],[90.423721,23.715343],[90.425812,23.714418],[90.428146,23.712799],[90.430786,23.711246],[90.435265,23.709853],[90.439171,23.70798],[90.441284,23.707265],[90.443756,23.705937],[90.467751,23.694479],[90.471161,23.693388],[90.473687,23.693125],[90.489587,23.694878],[90.492739,23.695433],[90.492769,23.695241],[90.492524,23.695153],[90.482209,23.693858],[90.481545,23.693572],[90.481156,23.693211],[90.48108,23.692252],[90.482263,23.682292],[90.482544,23.676821],[90.482674,23.676025],[90.484306,23.671848],[90.489647,23.655061],[90.491904,23.650039],[90.493453,23.645131],[90.496641,23.628049],[90.499403,23.624079],[90.50009,23.623995],[90.502745,23.624713],[90.505041,23.625046],[90.505239,23.624955],[90.505049,23.622757],[90.504553,23.622391],[90.504461,23.619402],[90.504591,23.618907],[90.504866,23.618826],[90.505499,23.619136],[90.506147,23.620722],[90.506483,23.621138],[90.507002,23.621224],[90.50707,23.620946],[90.505414,23.616327]]},"id":"20","properties":{"Actual Bus":123,"Alingment":"Gulistan ? Ittefaq ? Sayedabad Bus Stand ? Jatrabari ? Rayerbagh ? Matuail ? Signboard ? Narayanganj (Chashara)","Average OS":18.26322944,"Average TS":26.02276036,"B-A":960,"Bus No":48,"Bus Type":"Non-AC","Capacity":54,"First A":6,"Headway":20,"Last B":22.0,"Length":21.5602,"No of  R T":5.62,"No of Trip":11.25,"Operation ":71.11666667,"Operator":"Bandhan","Permitted ":0,"Route_ID":"N04","Seat No":36,"Serial_no":21,"TB Actual":0.0,"TB BRTA":0.0,"TB PD":0.0,"TBPDPT":1872,"Total B/A":39,"Travel Tim":49.91092345},"type":"Feature"},{"geometry":{"type":"LineString","coordinates":[[90.519789,24.245703],[90.523166,24.244987],[90.524605,24.24317],[90.524992,24.239204],[90.522892,24.228929],[90.521614,24.228437],[90.516948,24.227785],[90.514165,24.2269],[90.51096,24.224957],[90.506945,24.221265],[90.492118,24.213952],[90.486154,24.212269],[90.483672,24.211001],[90.482501,24.210164],[90.473573,24.200556],[90.47132,24.196348],[90.468943,24.195854],[90.468649,24.195633],[90.464068,24.195003],[90.463142,24.19443],[90.462195,24.19413],[90.460703,24.193896],[90.459427,24.194092],[90.458329,24.19337],[90.457066,24.192946],[90.45046,24.192424],[90.448948,24.191998],[90.447347,24.19187],[90.446699,24.191701],[90.441481,24.189085],[90.439413,24.188726],[90.436531,24.188694],[90.434051,24.188105],[90.432326,24.188581],[90.429679,24.187887],[90.427783,24.187779],[90.426761,24.187886],[90.428131,24.16442],[90.427885,24.162437],[90.405189,24.114207],[90.402004,24.097214],[90.40183,24.09546],[90.398593,24.083432],[90.396245,24.079752],[90.394146,24.076816],[90.389881,24.066816],[90.388015,24.061097],[90.387871,24.05802],[90.388108,24.053649],[90.388957,24.050224],[90.389186,24.048124],[90.389045,24.045381],[90.386974,24.030927],[90.385603,24.0272],[90.385568,24.025708],[90.3819,23.991274],[90.380705,23.97754],[90.380095,23.965574],[90.38065,23.960856],[90.381367,23.948433],[90.38575,23.937238],[90.391832,23.92261],[90.398438,23.907541],[90.399215,23.903835],[90.398896,23.89725],[90.400127,23.895015],[90.401658,23.893373],[90.40194,23.892716],[90.401944,23.892213],[90.40122,23.889079],[90.400222,23.886001],[90.401316,23.878592],[90.400534,23.875292],[90.40054,23.871745],[90.399885,23.862536],[90.400244,23.860833],[90.400753,23.85999],[90.4176,23.83924],[90.418689,23.836325],[90.419325,23.833172],[90.420539,23.825313],[90.42053,23.824678],[90.420225,23.823589],[90.419174,23.821873],[90.415614,23.819272],[90.411838,23.816984],[90.406433,23.81694],[90.405499,23.816528],[90.404569,23.81549],[90.403998,23.81282],[90.398271,23.778432],[90.398643,23.775928],[90.399275,23.774519],[90.400844,23.772361],[90.40121,23.770756],[90.398937,23.75699],[90.400662,23.753578],[90.403658,23.748673],[90.405259,23.749199],[90.40684,23.749182],[90.407973,23.748876],[90.414276,23.744169],[90.412708,23.742693],[90.408812,23.737517],[90.41041,23.737178],[90.410173,23.73391],[90.410135,23.730228],[90.410732,23.726622],[90.410781,23.723079]]},"id":"21","properties":{"Actual Bus":100,"Alingment":"Fulbaria ? Paltan ? Moghbazar ? Mahabali ? Kakoli ? Airport ? Tongi ? Sreepur ? Barmi","Average OS":21.73625925,"Average TS":29.22721354,"B-A":1050,"Bus No":71,"Bus Type":"Non-AC","Capacity":54,"First A":6,"Headway":15,"Last B":23.5,"Length":69.4127,"No of  R T":2.23,"No of Trip":4.47,"Operation ":195.95,"Operator":"Probhati Banasree Paribahan","Permitted ":118,"Route_ID":"A-220","Seat No":36,"Serial_no":22,"TB Actual":55299.82137,"TB BRTA":67972.69711,"TB PD":67972.69711,"TBPDPT":9159,"Total B/A":129,"Travel Tim":145.7278845},"type":"Feature"},{"geometry":{"type":"MultiLineString","coordinates":[[[90.365259,23.893286],[90.363798,23.89306],[90.361925,23.892205],[90.332154,23.897409],[90.330989,23.897701],[90.330173,23.898109],[90.328173,23.899535],[90.327327,23.900369],[90.326116,23.902437],[90.324075,23.904775],[90.320955,23.907274],[90.320385,23.90864],[90.320511,23.910384],[90.320332,23.911141],[90.318617,23.913462],[90.314216,23.916661],[90.311058,23.920595],[90.310456,23.922808],[90.3092,23.925385],[90.308001,23.931297],[90.306583,23.932396],[90.301127,23.93586],[90.299193,23.936684],[90.298486,23.936861],[90.296528,23.936935],[90.290326,23.936928]],[[90.365789,23.893324],[90.365288,23.893288],[90.365259,23.893286]],[[90.365789,23.893324],[90.365259,23.893286]],[[90.372987,23.893921],[90.369025,23.894343],[90.366652,23.893411],[90.365789,23.893324]],[[90.37375,23.89394],[90.37311,23.893908],[90.372987,23.893921]],[[90.37375,23.89394],[90.37311,23.893908],[90.372987,23.893921]],[[90.389077,23.889795],[90.388072,23.892359],[90.385203,23.896077],[90.384478,23.896666],[90.38216,23.89758],[90.380884,23.897754],[90.379212,23.897161],[90.377996,23.896511],[90.375662,23.894332],[90.37375,23.89394]],[[90.389405,23.888454],[90.389165,23.889435],[90.389077,23.889795]],[[90.389405,23.888454],[90.389077,23.889795]],[[90.390254,23.886078],[90.389405,23.888454]],[[90.390816,23.884507],[90.390763,23.884655],[90.390254,23.886078]],[[90.390816,23.884507],[90.390254,23.886078]],[[90.391215,23.883394],[90.391185,23.883476],[90.390816,23.884507]],[[90.391215,23.883394],[90.390816,23.884507]],[[90.39127,23.883239],[90.391215,23.883394]],[[90.391964,23.880782],[90.391405,23.882763],[90.39127,23.883239]],[[90.391964,23.880782],[90.39127,23.883239]],[[90.393692,23.879603],[90.392466,23.879689],[90.392138,23.880114],[90.391964,23.880782]],[[90.395215,23.879711],[90.394182,23.879638],[90.393692,23.879603]],[[90.395215,23.879711],[90.393692,23.879603]],[[90.401221,23.879442],[90.400655,23.880495],[90.400049,23.880717],[90.395215,23.879711]],[[90.398479,23.776662],[90.398271,23.778432],[90.398603,23.780467]],[[90.398643,23.775928],[90.398487,23.776623],[90.398479,23.776662]],[[90.398643,23.775928],[90.398479,23.776662]],[[90.398603,23.780467],[90.398607,23.780488],[90.398661,23.780757]],[[90.398603,23.780467],[90.398661,23.780757]],[[90.400081,23.773367],[90.399275,23.774519],[90.398643,23.775928]],[[90.398661,23.780757],[90.398706,23.780983]],[[90.398706,23.780983],[90.398741,23.781182],[90.398772,23.781359]],[[90.398706,23.780983],[90.398772,23.781359]],[[90.398772,23.781359],[90.39913,23.783405]],[[90.39913,23.783405],[90.399191,23.783754],[90.399231,23.783983]],[[90.39913,23.783405],[90.399231,23.783983]],[[90.399231,23.783983],[90.399408,23.784992]],[[90.399408,23.784992],[90.399479,23.785398],[90.39948,23.785406]],[[90.399408,23.784992],[90.39948,23.785406]],[[90.39948,23.785406],[90.39948,23.785406],[90.399489,23.785457]],[[90.39948,23.785406],[90.399489,23.785457]],[[90.399489,23.785457],[90.399496,23.785497],[90.399509,23.785569]],[[90.399489,23.785457],[90.399509,23.785569]],[[90.399509,23.785569],[90.39959,23.786034]],[[90.39959,23.786034],[90.39978,23.78712],[90.399822,23.787359],[90.399828,23.787394],[90.399924,23.787941]],[[90.39959,23.786034],[90.399924,23.787941]],[[90.399669,23.761426],[90.399721,23.761741],[90.399815,23.762306]],[[90.399669,23.761426],[90.399815,23.762306]],[[90.400662,23.753578],[90.398937,23.75699],[90.399669,23.761426]],[[90.400091,23.864384],[90.400107,23.86461],[90.400114,23.864735]],[[90.400091,23.864384],[90.400114,23.864735]],[[90.401477,23.859095],[90.400244,23.860833],[90.399885,23.862536],[90.400091,23.864384]],[[90.400114,23.864735],[90.400505,23.871075]],[[90.399815,23.762306],[90.400131,23.764223]],[[90.399924,23.787941],[90.399947,23.788073]],[[90.399947,23.788073],[90.400068,23.788763],[90.400122,23.789073],[90.400169,23.789339],[90.40025,23.7898],[90.400365,23.79046]],[[90.399947,23.788073],[90.400365,23.79046]],[[90.400598,23.772685],[90.40009,23.773356],[90.400081,23.773367]],[[90.400598,23.772685],[90.400081,23.773367]],[[90.400131,23.764223],[90.400348,23.765537],[90.400398,23.765837]],[[90.400131,23.764223],[90.400398,23.765837]],[[90.400505,23.874631],[90.400682,23.875932]],[[90.400565,23.873928],[90.400505,23.874631]],[[90.400565,23.873928],[90.400555,23.874037],[90.400505,23.874631]],[[90.400505,23.871075],[90.400507,23.871107],[90.40054,23.871733]],[[90.400505,23.871075],[90.40054,23.871733]],[[90.40054,23.871733],[90.40054,23.871745],[90.400565,23.873928]],[[90.40054,23.871733],[90.400565,23.873928]],[[90.400365,23.79046],[90.400373,23.790509],[90.400499,23.791314]],[[90.400365,23.79046],[90.400499,23.791314]],[[90.400682,23.875932],[90.400782,23.876287],[90.401175,23.87768]],[[90.400682,23.875932],[90.401175,23.87768]],[[90.400398,23.765837],[90.400596,23.767039]],[[90.400499,23.791314],[90.400506,23.791357]],[[90.400506,23.791357],[90.400559,23.791695],[90.400759,23.792955]],[[90.400506,23.791357],[90.400759,23.792955]],[[90.400844,23.772361],[90.400598,23.772685]],[[90.400596,23.767039],[90.400631,23.767249],[90.400671,23.76749]],[[90.400596,23.767039],[90.400671,23.76749]],[[90.400671,23.76749],[90.40121,23.770756],[90.401019,23.771959]],[[90.400759,23.792955],[90.400998,23.794468]],[[90.400743,23.753449],[90.400686,23.75354],[90.400662,23.753578]],[[90.400743,23.753449],[90.400662,23.753578]],[[90.400938,23.753131],[90.400743,23.753449]],[[90.401019,23.771959],[90.400942,23.772137],[90.400844,23.772361]],[[90.401019,23.771959],[90.400844,23.772361]],[[90.401175,23.87768],[90.401257,23.879324]],[[90.401257,23.879324],[90.401236,23.879394],[90.401221,23.879442]],[[90.401257,23.879324],[90.401221,23.879442]],[[90.400998,23.794468],[90.401049,23.794767],[90.401074,23.79491]],[[90.400998,23.794468],[90.401074,23.79491]],[[90.401809,23.751702],[90.401093,23.752876],[90.400938,23.753131]],[[90.401809,23.751702],[90.400938,23.753131]],[[90.401074,23.79491],[90.401309,23.796279]],[[90.401837,23.858649],[90.401477,23.859095]],[[90.401837,23.858649],[90.401523,23.859037],[90.401477,23.859095]],[[90.401309,23.796279],[90.401381,23.796704],[90.401423,23.796947]],[[90.401309,23.796279],[90.401423,23.796947]],[[90.401423,23.796947],[90.40201,23.800693]],[[90.402906,23.857326],[90.401837,23.858649]],[[90.402906,23.857326],[90.402366,23.857994],[90.401837,23.858649]],[[90.402001,23.751387],[90.401809,23.751702],[90.401809,23.751702]],[[90.402001,23.751387],[90.401809,23.751702]],[[90.40201,23.800693],[90.402033,23.800832],[90.402218,23.801947]],[[90.40201,23.800693],[90.402218,23.801947]],[[90.402278,23.750933],[90.402183,23.751089],[90.402001,23.751387]],[[90.402278,23.750933],[90.402001,23.751387]],[[90.402218,23.801947],[90.403226,23.807762]],[[90.402747,23.750165],[90.402278,23.750933]],[[90.403972,23.856006],[90.403937,23.85605],[90.402906,23.857326]],[[90.403972,23.856006],[90.402906,23.857326]],[[90.403156,23.749494],[90.402747,23.750165]],[[90.403156,23.749494],[90.40287,23.749963],[90.402747,23.750165]],[[90.403226,23.807762],[90.403245,23.80788],[90.403254,23.807932]],[[90.403226,23.807762],[90.403254,23.807932]],[[90.403254,23.807932],[90.4035,23.80943]],[[90.403533,23.748875],[90.403156,23.749494]],[[90.403533,23.748875],[90.403259,23.749325],[90.403156,23.749494]],[[90.4035,23.80943],[90.403511,23.809497],[90.403537,23.809652]],[[90.4035,23.80943],[90.403537,23.809652]],[[90.403537,23.809652],[90.403824,23.811518]],[[90.403541,23.748862],[90.403533,23.748875]],[[90.403658,23.748673],[90.403541,23.748862]],[[90.403658,23.748673],[90.403623,23.74873],[90.403541,23.748862]],[[90.403824,23.811518],[90.403824,23.811522],[90.40395,23.812462]],[[90.403824,23.811518],[90.40395,23.812462]],[[90.404628,23.855195],[90.404235,23.85568],[90.403972,23.856006]],[[90.404628,23.855195],[90.403972,23.856006]],[[90.403764,23.748711],[90.403658,23.748673]],[[90.403764,23.748711],[90.403658,23.748673],[90.403658,23.748673]],[[90.40395,23.812462],[90.404422,23.814901]],[[90.404227,23.748862],[90.403764,23.748711]],[[90.404422,23.814901],[90.404437,23.814961],[90.404569,23.81549]],[[90.404422,23.814901],[90.404569,23.81549]],[[90.405259,23.749199],[90.404361,23.748906],[90.404227,23.748862]],[[90.405259,23.749199],[90.404227,23.748862]],[[90.405075,23.854641],[90.404908,23.854847],[90.404628,23.855195]],[[90.405075,23.854641],[90.404628,23.855195]],[[90.404569,23.81549],[90.405499,23.816528]],[[90.406048,23.853436],[90.405075,23.854641]],[[90.406284,23.74922],[90.405259,23.749199]],[[90.405499,23.816528],[90.40567,23.816604],[90.405697,23.816616]],[[90.405499,23.816528],[90.405697,23.816616]],[[90.405697,23.816616],[90.406433,23.81694],[90.407346,23.817032],[90.41056,23.816888],[90.411838,23.816984],[90.414808,23.818784]],[[90.407646,23.851459],[90.406048,23.853436]],[[90.407646,23.851459],[90.407639,23.851468],[90.406048,23.853436]],[[90.40684,23.749182],[90.406808,23.749184],[90.406284,23.74922]],[[90.40684,23.749182],[90.406284,23.74922]],[[90.407992,23.748862],[90.40684,23.749182]],[[90.40847,23.85044],[90.407646,23.851459]],[[90.408871,23.748233],[90.407992,23.748862]],[[90.408871,23.748233],[90.408817,23.748272],[90.407992,23.748862]],[[90.411409,23.846893],[90.40847,23.85044]],[[90.411409,23.846893],[90.408569,23.850321],[90.40847,23.85044]],[[90.410173,23.747227],[90.408871,23.748233]],[[90.409052,23.737868],[90.409203,23.738071],[90.409391,23.738321]],[[90.409052,23.737868],[90.409391,23.738321]],[[90.410163,23.732888],[90.41041,23.737178],[90.408812,23.737517],[90.409052,23.737868]],[[90.409391,23.738321],[90.409534,23.738512],[90.409597,23.738596],[90.40973,23.738773]],[[90.409391,23.738321],[90.40973,23.738773]],[[90.40973,23.738773],[90.409806,23.738875],[90.410304,23.739539]],[[90.40973,23.738773],[90.410304,23.739539]],[[90.410416,23.747017],[90.410275,23.747139],[90.410173,23.747227]],[[90.410416,23.747017],[90.410173,23.747227]],[[90.410155,23.732119],[90.410159,23.732545],[90.410163,23.732888]],[[90.410155,23.732119],[90.410163,23.732888]],[[90.410241,23.729448],[90.410155,23.732119]],[[90.410319,23.728967],[90.410302,23.72907],[90.410241,23.729448]],[[90.410319,23.728967],[90.410241,23.729448]],[[90.410304,23.739539],[90.410347,23.739596],[90.410355,23.739606]],[[90.410304,23.739539],[90.410355,23.739606]],[[90.410337,23.728856],[90.410334,23.728872],[90.410319,23.728967]],[[90.410337,23.728856],[90.410319,23.728967]],[[90.410355,23.739606],[90.410375,23.739633]],[[90.410352,23.728762],[90.410337,23.728856]],[[90.410352,23.728762],[90.410342,23.728821],[90.410337,23.728856]],[[90.410375,23.739633],[90.410852,23.740269],[90.411309,23.740878]],[[90.410375,23.739633],[90.411309,23.740878]],[[90.410405,23.728432],[90.410352,23.728762]],[[90.412343,23.745575],[90.410416,23.747017]],[[90.410435,23.728246],[90.410421,23.728333],[90.410405,23.728432]],[[90.410435,23.728246],[90.410405,23.728432]],[[90.410441,23.728208],[90.410435,23.728246]],[[90.410441,23.728208],[90.410439,23.728224],[90.410435,23.728246]],[[90.480725,23.693731],[90.474675,23.693025],[90.472936,23.693008],[90.470909,23.693255],[90.468976,23.693799],[90.450438,23.702729],[90.434731,23.710025],[90.430282,23.711359],[90.425578,23.714451],[90.423791,23.715212],[90.422641,23.71589],[90.421356,23.716161],[90.420617,23.716561],[90.418705,23.719746],[90.417518,23.721156],[90.416753,23.721754],[90.414413,23.7229],[90.411895,23.723007],[90.412105,23.727402],[90.411985,23.72761],[90.41051,23.727797],[90.410441,23.728208]],[[90.41237,23.845733],[90.41181,23.846409],[90.411409,23.846893],[90.411409,23.846893]],[[90.41237,23.845733],[90.41181,23.846409],[90.411409,23.846893]],[[90.411309,23.740878],[90.411309,23.740878],[90.41145,23.741066]],[[90.411309,23.740878],[90.41145,23.741066]],[[90.41145,23.741066],[90.411487,23.741116],[90.41153,23.741173]],[[90.41145,23.741066],[90.41153,23.741173]],[[90.41153,23.741173],[90.412708,23.742693]],[[90.412472,23.84561],[90.412472,23.84561],[90.41237,23.845733]],[[90.412472,23.84561],[90.41237,23.845733]],[[90.413939,23.843839],[90.413138,23.844806],[90.412472,23.84561]],[[90.413939,23.843839],[90.412472,23.84561]],[[90.412998,23.745099],[90.412343,23.745575]],[[90.412998,23.745099],[90.41256,23.745417],[90.412343,23.745575]],[[90.412708,23.742693],[90.412759,23.74274],[90.412759,23.74274]],[[90.412708,23.742693],[90.412759,23.74274]],[[90.412759,23.74274],[90.412852,23.742825],[90.413351,23.743282]],[[90.412759,23.74274],[90.413351,23.743282]],[[90.413134,23.745],[90.412998,23.745099]],[[90.413134,23.745],[90.413002,23.745095],[90.412998,23.745099]],[[90.413609,23.744654],[90.413134,23.745]],[[90.413351,23.743282],[90.413355,23.743286]],[[90.413355,23.743286],[90.413425,23.743349],[90.413554,23.743468]],[[90.413355,23.743286],[90.413554,23.743468]],[[90.413554,23.743468],[90.414057,23.743928],[90.414111,23.743978]],[[90.413554,23.743468],[90.414111,23.743978]],[[90.414046,23.744336],[90.413609,23.744654]],[[90.414046,23.744336],[90.413705,23.744584],[90.413609,23.744654]],[[90.415526,23.841924],[90.413939,23.843839]],[[90.415526,23.841924],[90.414736,23.842878],[90.413939,23.843839]],[[90.41412,23.744282],[90.414046,23.744336]],[[90.414111,23.743978],[90.414276,23.744169]],[[90.414276,23.744169],[90.414262,23.744179],[90.41412,23.744282]],[[90.414276,23.744169],[90.41412,23.744282]],[[90.414808,23.818784],[90.415079,23.818948],[90.415416,23.819152]],[[90.414808,23.818784],[90.415416,23.819152]],[[90.415416,23.819152],[90.415416,23.819152],[90.415427,23.819159]],[[90.415416,23.819152],[90.415427,23.819159]],[[90.415427,23.819159],[90.41609,23.819596]],[[90.415911,23.84146],[90.415526,23.841924]],[[90.416591,23.840639],[90.415965,23.841394],[90.415911,23.84146]],[[90.416591,23.840639],[90.415911,23.84146]],[[90.41609,23.819596],[90.416147,23.819636],[90.416682,23.82]],[[90.41609,23.819596],[90.416682,23.82]],[[90.418396,23.837256],[90.4176,23.83924],[90.416591,23.840639]],[[90.416682,23.82],[90.416822,23.820096]],[[90.416822,23.820096],[90.416967,23.820194],[90.416967,23.820194]],[[90.416822,23.820096],[90.416967,23.820194]],[[90.416967,23.820194],[90.417208,23.820359],[90.41728,23.820407]],[[90.416967,23.820194],[90.41728,23.820407]],[[90.41728,23.820407],[90.417362,23.820465],[90.41834,23.821145]],[[90.41728,23.820407],[90.41834,23.821145]],[[90.41834,23.821145],[90.419174,23.821873],[90.419972,23.82303],[90.420258,23.823714]],[[90.418447,23.837095],[90.418447,23.837095],[90.418396,23.837256]],[[90.418447,23.837095],[90.418396,23.837256]],[[90.418586,23.836653],[90.418562,23.836729],[90.418447,23.837095]],[[90.418586,23.836653],[90.418447,23.837095]],[[90.419008,23.834741],[90.418586,23.836653]],[[90.419014,23.834713],[90.419008,23.834741]],[[90.419014,23.834713],[90.41901,23.834733],[90.419008,23.834741]],[[90.419195,23.833818],[90.419014,23.834713]],[[90.419325,23.833172],[90.419315,23.833219],[90.419195,23.833818]],[[90.419325,23.833172],[90.419195,23.833818]],[[90.419417,23.832598],[90.419325,23.833172]],[[90.419417,23.832598],[90.419403,23.832687],[90.419325,23.833172]],[[90.419489,23.832149],[90.419457,23.83235],[90.419417,23.832598]],[[90.419489,23.832149],[90.419417,23.832598]],[[90.419566,23.831672],[90.419489,23.832149]],[[90.419773,23.830388],[90.419566,23.831672]],[[90.419773,23.830388],[90.419585,23.831554],[90.419566,23.831672]],[[90.420322,23.823957],[90.420539,23.825313],[90.419773,23.830388]],[[90.420258,23.823714],[90.420286,23.823821],[90.420292,23.823843]],[[90.420258,23.823714],[90.420292,23.823843]],[[90.420292,23.823843],[90.4203,23.823874],[90.420322,23.823957]],[[90.420292,23.823843],[90.420322,23.823957]]]},"id":"22","properties":{"Actual Bus":37,"Alingment":"Signboard ? Jatrabari ? Joy Kali Mandir ? Motijheel ? Shapla Chattar ? Rajarbagh ? Mouchak ? Moghbazar ? Satrasta ? Mohakhali ? Kuril Bishwaroad ? Abdullahpur ? Kamarpara ? Fantasy Kingdom","Average OS":15.44958986,"Average TS":17.13316791,"B-A":990,"Bus No":39,"Bus Type":"Non-AC","Capacity":54,"First A":7,"Headway":25,"Last B":23.5,"Length":52.4027,"No of  R T":3.56,"No of Trip":7.12,"Operation ":115.8166667,"Operator":"Manzil Express (Pvt.) Ltd.","Permitted ":52,"Route_ID":"A-368","Seat No":36,"Serial_no":23,"TB Actual":42697.22261,"TB BRTA":60006.90745,"TB PD":60006.90745,"TBPDPT":6318,"Total B/A":162,"Travel Tim":104.4360278},"type":"Feature"},{"geometry":{"type":"MultiLineString","coordinates":[[[90.401436,23.794377],[90.400998,23.794468]],[[90.402554,23.794227],[90.402339,23.794256],[90.401436,23.794377]],[[90.401436,23.794377],[90.402554,23.794227]],[[90.40843,23.793487],[90.402554,23.794227]],[[90.408649,23.793475],[90.408504,23.793483],[90.40843,23.793487]],[[90.40843,23.793487],[90.408649,23.793475]],[[90.410677,23.793696],[90.4095,23.793466],[90.408649,23.793475]],[[90.411264,23.79387],[90.410677,23.793696]],[[90.410677,23.793696],[90.411267,23.793871]],[[90.411267,23.793871],[90.411264,23.79387]],[[90.411264,23.79387],[90.411267,23.793871]],[[90.411267,23.793871],[90.411264,23.79387],[90.411264,23.79387]],[[90.411267,23.793871],[90.411267,23.793871]],[[90.411267,23.793871],[90.413519,23.79454]],[[90.413519,23.79454],[90.411267,23.793871]],[[90.414232,23.794852],[90.413519,23.79454]],[[90.414619,23.794918],[90.414232,23.794852]],[[90.414232,23.794852],[90.414288,23.794789]],[[90.419233,23.796327],[90.417507,23.7958],[90.414619,23.794918]],[[90.414619,23.794918],[90.419233,23.796327]],[[90.420832,23.797026],[90.419233,23.796327]],[[90.422207,23.797453],[90.422144,23.797434],[90.420832,23.797026]],[[90.422207,23.797453],[90.420832,23.797026]],[[90.423131,23.79767],[90.422681,23.797564],[90.422207,23.797453]],[[90.422207,23.797453],[90.423131,23.79767]],[[90.423131,23.79767],[90.423554,23.797731]],[[90.423459,23.797717],[90.423131,23.79767]]]},"id":"23","properties":{"Actual Bus":20,"Alingment":"Kakoli ? Kamal Ataturk Avenue ? Gulshan-2 ? Natun Bazar","Average OS":7.643601896,"Average TS":13.17185032,"B-A":900,"Bus No":108,"Bus Type":"AC","Capacity":54,"First A":7,"Headway":8,"Last B":22.0,"Length":3.61592,"No of  R T":21.33,"No of Trip":42.65,"Operation ":17.58333333,"Operator":"Gulshan Chaka (AC Bus Service)","Permitted ":17,"Route_ID":"A-460","Seat No":36,"Serial_no":24,"TB Actual":0.0,"TB BRTA":26104.2654,"TB PD":26104.2654,"TBPDPT":3888,"Total B/A":36,"Travel Tim":10.20357784},"type":"Feature"},{"geometry":{"type":"LineString","coordinates":[[90.348489,23.811373],[90.349968,23.809932],[90.351311,23.807366],[90.351696,23.805309],[90.351969,23.804789],[90.355266,23.799876],[90.353299,23.798554],[90.353785,23.791168],[90.353944,23.785371],[90.351813,23.781569],[90.356282,23.779247],[90.360307,23.778499],[90.364625,23.77571],[90.366303,23.774383],[90.36734,23.773144],[90.371098,23.763491],[90.374182,23.758146],[90.383513,23.758644],[90.383735,23.758853],[90.389783,23.75916],[90.393298,23.749834],[90.395738,23.742737],[90.396104,23.740887],[90.39587,23.738104],[90.397505,23.738105],[90.39896,23.737663],[90.399596,23.736968],[90.400904,23.734609],[90.402128,23.733959],[90.403698,23.73369],[90.404405,23.732575],[90.404904,23.73048],[90.405233,23.729902],[90.410144,23.730121],[90.410732,23.726622],[90.410782,23.722935],[90.410421,23.721176],[90.409975,23.720024],[90.408759,23.718157],[90.408583,23.714611],[90.408602,23.714485],[90.411537,23.713695],[90.411738,23.71056],[90.411935,23.709906],[90.412084,23.709719],[90.412348,23.709701]]},"id":"24","properties":{"Actual Bus":36,"Alingment":"Mirpur Zoo ? Mirpur-1 ? Darus Salam ? Shyamoli ? Asad Gate ? Farmgate ? Press Club ? Gulistan ? Sadarghat","Average OS":7.485373555,"Average TS":10.80180969,"B-A":990,"Bus No":68,"Bus Type":"Non-AC","Capacity":54,"First A":7,"Headway":15,"Last B":23.5,"Length":15.95,"No of  R T":4.34,"No of Trip":8.68,"Operation ":95.03333332,"Operator":"Tanzil Paribahan Ltd.","Permitted ":50,"Route_ID":"A-131","Seat No":36,"Serial_no":25,"TB Actual":31564.71414,"TB BRTA":43839.88075,"TB PD":43839.88075,"TBPDPT":6868,"Total B/A":101,"Travel Tim":65.85563166},"type":"Feature"},{"geometry":{"type":"LineString","coordinates":[[90.504476,23.616169],[90.501666,23.615672],[90.501439,23.617905],[90.5005,23.62286],[90.499887,23.623814],[90.499352,23.624019],[90.49679,23.62761],[90.496597,23.628114],[90.493687,23.643999],[90.491953,23.649678],[90.489243,23.656157],[90.483981,23.672535],[90.482473,23.676513],[90.481993,23.684105],[90.480725,23.693731],[90.474675,23.693025],[90.472936,23.693008],[90.470909,23.693255],[90.468976,23.693799],[90.450438,23.702729],[90.434731,23.710025],[90.430282,23.711359],[90.426234,23.714017],[90.422175,23.716105]]},"id":"25","properties":{"Actual Bus":40,"Alingment":"Sayedabad ? Jatrabari ? Shonir Akhra ? Link Road ? Narayanganj","Average OS":14.33189756,"Average TS":18.38077106,"B-A":750,"Bus No":40,"Bus Type":"Non-AC","Capacity":54,"First A":7,"Headway":19,"Last B":19.5,"Length":15.9057,"No of  R T":5.46,"No of Trip":10.91,"Operation ":57.26666664,"Operator":"Utsab Paribahan / Utsab Transport Ltd.","Permitted ":40,"Route_ID":"A-236","Seat No":36,"Serial_no":26,"TB Actual":0.0,"TB BRTA":15279.39465,"TB PD":15279.39465,"TBPDPT":1400,"Total B/A":35,"Travel Tim":44.65209851},"type":"Feature"},{"geometry":{"type":"LineString","coordinates":[[90.504358,23.616245],[90.501767,23.615658],[90.500993,23.619732],[90.500647,23.622526],[90.499757,23.62385],[90.495606,23.624824],[90.488254,23.62803],[90.486036,23.62839],[90.47862,23.63111],[90.476282,23.632585],[90.473398,23.639285],[90.472912,23.642643],[90.47016,23.645109],[90.469586,23.647035],[90.467287,23.649414],[90.465159,23.652622],[90.461052,23.656966],[90.457961,23.659945],[90.456201,23.661955],[90.455362,23.662551],[90.453882,23.665164],[90.448944,23.670186],[90.448826,23.672125],[90.448287,23.673207],[90.44486,23.676702],[90.436266,23.683566],[90.435527,23.685775],[90.435024,23.686573],[90.43087,23.690455],[90.434847,23.693798],[90.435398,23.69458],[90.435935,23.696322],[90.435998,23.697666],[90.434832,23.705994],[90.434459,23.710092],[90.430282,23.711359],[90.425759,23.714311],[90.422091,23.716079]]},"id":"26","properties":{"Actual Bus":24,"Alingment":"Sayedabad ? Jatrabari ? Jurain ? Postogola ? Narayanganj","Average OS":14.33076923,"Average TS":22.52334611,"B-A":990,"Bus No":71,"Bus Type":"Non-AC","Capacity":54,"First A":6,"Headway":14,"Last B":22.5,"Length":15.7658,"No of  R T":5.88,"No of Trip":11.75,"Operation ":70.19999998,"Operator":"Borak Paribahan","Permitted ":41,"Route_ID":"A-228","Seat No":36,"Serial_no":27,"TB Actual":0.0,"TB BRTA":37583.33334,"TB PD":37583.33334,"TBPDPT":5538,"Total B/A":78,"Travel Tim":44.6656547},"type":"Feature"},{"geometry":{"type":"LineString","coordinates":[[90.347517,23.812327],[90.350031,23.809844],[90.351316,23.807276],[90.352259,23.804151],[90.355411,23.799736],[90.353429,23.798568],[90.353951,23.784976],[90.351803,23.781603],[90.35622,23.778991],[90.359957,23.778634],[90.36402,23.776113],[90.366669,23.773859],[90.36764,23.772807],[90.370103,23.765854],[90.373034,23.760074],[90.382362,23.744105],[90.383665,23.738751],[90.387737,23.739208],[90.396204,23.737991],[90.39569,23.737302],[90.395641,23.732702],[90.398722,23.729904],[90.400309,23.727923],[90.404178,23.727988],[90.410587,23.727642],[90.410857,23.724667],[90.410829,23.722529],[90.410102,23.72012],[90.408934,23.71874],[90.408682,23.717246],[90.408738,23.714397],[90.406072,23.714029],[90.403977,23.713281],[90.401742,23.708904],[90.398321,23.704053],[90.39779,23.702425],[90.397537,23.700996],[90.392894,23.701047],[90.38906,23.702796],[90.386698,23.701331],[90.382651,23.699708],[90.372929,23.700451],[90.345262,23.698166],[90.330911,23.698308],[90.328961,23.697368],[90.320681,23.696447],[90.318598,23.695116],[90.315642,23.695195],[90.312987,23.694371],[90.311248,23.693434],[90.310436,23.691866],[90.3078,23.690072],[90.308886,23.688536],[90.307638,23.68424],[90.307029,23.683064],[90.305708,23.682328],[90.303873,23.682685],[90.302842,23.681501],[90.302893,23.679041],[90.305401,23.67332],[90.30634,23.668674],[90.306248,23.666276],[90.303283,23.666872],[90.297974,23.668593],[90.292291,23.671408],[90.28647,23.667227],[90.285357,23.666689],[90.283037,23.666649],[90.28054,23.664986],[90.279835,23.661671],[90.277538,23.657162],[90.272621,23.650146],[90.272088,23.648712],[90.266636,23.647191],[90.26245,23.642261],[90.259941,23.641245],[90.254076,23.639328],[90.249056,23.637362],[90.241413,23.636449],[90.238602,23.636399],[90.23671,23.636107],[90.234867,23.636851],[90.231353,23.636854],[90.223026,23.638389],[90.221407,23.63849],[90.220157,23.637755],[90.218036,23.638365],[90.215103,23.640773],[90.213483,23.640938],[90.210145,23.642562],[90.207643,23.641222],[90.203412,23.645161],[90.201341,23.646678],[90.198731,23.650452],[90.195373,23.656284],[90.194516,23.656916],[90.192763,23.65669],[90.190045,23.655605],[90.180304,23.650896],[90.176786,23.647788],[90.176182,23.646417],[90.176659,23.643836],[90.175265,23.643293],[90.17416,23.642366],[90.17001,23.64255],[90.168316,23.642843],[90.167604,23.643283],[90.1677,23.645357],[90.16692,23.645666],[90.164992,23.653596],[90.164355,23.657081],[90.163161,23.660297],[90.162159,23.66112],[90.160214,23.660049],[90.159225,23.66029],[90.156702,23.65992],[90.155638,23.660353],[90.152697,23.659846],[90.150881,23.659295],[90.148625,23.659577],[90.145778,23.657971],[90.140307,23.657417],[90.137255,23.655548],[90.136652,23.654177],[90.134485,23.653619],[90.131388,23.653821],[90.123707,23.654715],[90.117833,23.656549],[90.115275,23.657796],[90.111518,23.659216],[90.108131,23.6598]]},"id":"27","properties":{"Actual Bus":33,"Alingment":"Zoo ? Mirpur-1 ? Shyamoli ? Science Lab ? Shahbagh ? Gulistan ? Babubazar Bridge ? Kadamtali ? Ramer Kanda ? Tulshikhali ? Tikrpur ? Komarganj ? Nawabganj ? Majhir Kandi ? Bandura ? Kaishakhali Beribadh ? Harirampur","Average OS":21.36272501,"Average TS":24.73340143,"B-A":930,"Bus No":37,"Bus Type":"Non-AC","Capacity":54,"First A":7,"Headway":25,"Last B":22.5,"Length":55.8611,"No of  R T":3.22,"No of Trip":6.44,"Operation ":120.3666667,"Operator":"Nabokoli Paribahan","Permitted ":11,"Route_ID":"A-416","Seat No":36,"Serial_no":28,"TB Actual":0.0,"TB BRTA":3895.389089,"TB PD":3895.389089,"TBPDPT":2035,"Total B/A":55,"Travel Tim":103.9630561},"type":"Feature"},{"geometry":{"type":"MultiLineString","coordinates":[[[90.412034,23.725036],[90.411929,23.723029],[90.410745,23.723003],[90.410445,23.721183],[90.410001,23.720107],[90.408762,23.718229],[90.408622,23.7145],[90.406647,23.714315],[90.404686,23.713608],[90.403618,23.712774],[90.403328,23.712393],[90.402954,23.711058],[90.402473,23.710176],[90.39846,23.704235],[90.397942,23.703243],[90.397507,23.702093],[90.397537,23.700445],[90.397797,23.698729],[90.398544,23.69607],[90.399391,23.694273],[90.399605,23.693418]],[[90.399605,23.693418],[90.399605,23.693419],[90.399605,23.693418]],[[90.399605,23.693418],[90.399605,23.693418]],[[90.399605,23.693418],[90.399641,23.69329]],[[90.399605,23.693418],[90.399689,23.693056],[90.399803,23.692688]],[[90.399641,23.69329],[90.399605,23.693418]],[[90.399641,23.69329],[90.399803,23.692688]],[[90.399803,23.692688],[90.399864,23.692492],[90.399641,23.69329]],[[90.399803,23.692688],[90.400093,23.691721],[90.400261,23.691301],[90.401421,23.688896],[90.401878,23.687431],[90.402771,23.68405],[90.402968,23.682165],[90.404075,23.677158],[90.404769,23.675999],[90.405936,23.675228],[90.406165,23.674866],[90.406089,23.674286],[90.405608,23.673504],[90.404731,23.67289],[90.403296,23.673153],[90.402739,23.672991],[90.395736,23.667642],[90.392341,23.6645],[90.39154,23.663968],[90.390021,23.663369],[90.380721,23.662407],[90.36673,23.661244],[90.362228,23.660651],[90.361252,23.660661],[90.355598,23.659919],[90.354454,23.659576],[90.353256,23.658853],[90.352142,23.657715],[90.351379,23.656092],[90.351273,23.654999],[90.351791,23.654116],[90.351036,23.652683],[90.350487,23.649252],[90.349709,23.647675],[90.344939,23.633163],[90.343192,23.628602],[90.342048,23.626972],[90.332556,23.615884],[90.332701,23.615735],[90.334272,23.615642],[90.336149,23.614995],[90.337477,23.614272],[90.338781,23.613828],[90.340482,23.61267],[90.342221,23.611075],[90.343999,23.60886],[90.344846,23.607584],[90.345829,23.605383],[90.346493,23.604462],[90.347355,23.60368],[90.348827,23.603058],[90.351055,23.602925],[90.351887,23.60298],[90.355121,23.603709],[90.355495,23.603612],[90.356395,23.602638],[90.35744,23.602424],[90.357577,23.601899],[90.357402,23.600723],[90.357531,23.599689],[90.358827,23.595105],[90.359537,23.593358],[90.359483,23.590936],[90.360056,23.588474],[90.360512,23.587447],[90.36049,23.585887],[90.360696,23.585092],[90.361306,23.584728],[90.364739,23.584291],[90.366067,23.583009],[90.367126,23.581598],[90.368042,23.581334],[90.369339,23.581452],[90.370468,23.580332],[90.372398,23.580258],[90.373832,23.579636],[90.37458,23.578903],[90.375189,23.575014],[90.375372,23.574572],[90.376494,23.57444],[90.379057,23.574672],[90.379408,23.574353],[90.380477,23.574002],[90.380721,23.573604],[90.383482,23.57175],[90.383253,23.57084],[90.383207,23.569377],[90.383497,23.568338],[90.383413,23.567304],[90.38323,23.567012],[90.383596,23.565],[90.383366,23.563087],[90.383404,23.561031],[90.383961,23.55932],[90.385257,23.557817],[90.38618,23.554841],[90.387699,23.552947],[90.388416,23.552341],[90.38978,23.55027],[90.390383,23.55007],[90.392748,23.550062],[90.394831,23.550896],[90.396525,23.551095],[90.400454,23.552617],[90.402377,23.552515],[90.406992,23.552742],[90.408053,23.552498],[90.408923,23.552494],[90.415339,23.553462],[90.419741,23.552931],[90.421503,23.552586],[90.424258,23.551604],[90.426028,23.550719],[90.428126,23.550069],[90.431756,23.547859],[90.435182,23.545447],[90.437089,23.544678],[90.438684,23.543687],[90.443628,23.542568],[90.444749,23.54248],[90.447182,23.54171],[90.449799,23.541249],[90.452011,23.541346],[90.456704,23.541231],[90.458627,23.541507],[90.459717,23.541499],[90.459352,23.539317],[90.459551,23.537445],[90.459982,23.536177],[90.459782,23.533848],[90.459976,23.5322],[90.460424,23.530032],[90.460923,23.52944],[90.460688,23.52471],[90.460794,23.523436],[90.461618,23.522849],[90.463255,23.522351]]]},"id":"28","properties":{"Actual Bus":62,"Alingment":"Gulistan ? Fulbaria ? Nayabazar / Tantibazar ? Babubazar ? Zinjira ? Kadamtali ? Chunkutia ? Keraniganj Jail / Rajendrapur ? Abdullahpur ? Kalakandi ? Bhawar Bhiti ? Sirajdikhan ? Tongibari ? Kalibari","Average OS":17.77090909,"Average TS":25.48120948,"B-A":930,"Bus No":31,"Bus Type":"Non-AC","Capacity":54,"First A":7,"Headway":30,"Last B":22.5,"Length":39.0764,"No of  R T":3.3,"No of Trip":6.61,"Operation ":117.3333333,"Operator":"Balaka Paribahan","Permitted ":0,"Route_ID":"N06","Seat No":36,"Serial_no":29,"TB Actual":0.0,"TB BRTA":0.0,"TB PD":0.0,"TBPDPT":2077,"Total B/A":67,"Travel Tim":81.8297107},"type":"Feature"},{"geometry":{"type":"LineString","coordinates":[[90.412515,23.724905],[90.413833,23.724915],[90.414664,23.725358],[90.415072,23.72591],[90.415028,23.727699],[90.416685,23.728033],[90.417331,23.729117],[90.420918,23.727096],[90.421205,23.727521],[90.421741,23.727404],[90.421882,23.728221],[90.421818,23.729366],[90.42087,23.731504],[90.424824,23.732353]]},"id":"29","properties":{"Actual Bus":119,"Alingment":"Zero Point / GPO Box ? Gulistan ? RAJUK ? Dainik Bangla ? Motijheel / Shapla Chattar / Bangladesh Bank ? Arambagh / Notre Dame College ? Kamalapur Railway Station ? Pir Jangi Mazar","Average OS":5.931728665,"Average TS":7.102115168,"B-A":1050,"Bus No":53,"Bus Type":"Non-AC","Capacity":54,"First A":6,"Headway":20,"Last B":23.5,"Length":2.26445,"No of  R T":28.72,"No of Trip":57.44,"Operation ":15.23333333,"Operator":"No. 6 Motijheel-Banani","Permitted ":0,"Route_ID":"N18","Seat No":36,"Serial_no":30,"TB Actual":0.0,"TB BRTA":0.0,"TB PD":0.0,"TBPDPT":2491,"Total B/A":47,"Travel Tim":12.72297025},"type":"Feature"},{"geometry":{"type":"LineString","coordinates":[[90.423436,23.797645],[90.421864,23.79736],[90.41818,23.795983],[90.416442,23.795574],[90.413268,23.794402],[90.409994,23.793496],[90.408605,23.793356],[90.404966,23.793678],[90.401472,23.794294]]},"id":"30","properties":{"Actual Bus":24,"Alingment":"Natun Bazar ? Gulshan-2 ? Kakoli / Banani","Average OS":9.367144432,"Average TS":17.06773619,"B-A":900,"Bus No":108,"Bus Type":"AC","Capacity":54,"First A":7,"Headway":8,"Last B":22.0,"Length":2.33298,"No of  R T":24.81,"No of Trip":49.61,"Operation ":15.11666667,"Operator":"Dhaka Chaka (AC)","Permitted ":0,"Route_ID":"N12","Seat No":36,"Serial_no":31,"TB Actual":0.0,"TB BRTA":0.0,"TB PD":0.0,"TBPDPT":3888,"Total B/A":36,"Travel Tim":8.29635509},"type":"Feature"},{"geometry":{"type":"LineString","coordinates":[[90.393932,23.917747],[90.398018,23.90862],[90.398738,23.906333],[90.399215,23.903835],[90.398896,23.89725],[90.400127,23.895015],[90.401658,23.893373],[90.40194,23.892716],[90.401944,23.892213],[90.40122,23.889079],[90.400222,23.886001],[90.400953,23.881238],[90.400424,23.880668],[90.401149,23.879677],[90.401316,23.878592],[90.400534,23.875292],[90.40054,23.871745],[90.399885,23.862536],[90.400244,23.860833],[90.400753,23.85999],[90.4176,23.83924],[90.418689,23.836325],[90.42045,23.826083],[90.42053,23.824678],[90.420225,23.823589],[90.419609,23.822482],[90.41946,23.821459],[90.420432,23.819676],[90.421009,23.818098],[90.421506,23.808022],[90.423554,23.797729],[90.425652,23.785909],[90.42586,23.78318],[90.425623,23.779185],[90.425799,23.77432],[90.425571,23.7725],[90.424594,23.770283],[90.412826,23.749986],[90.421604,23.748716],[90.422613,23.748449],[90.424479,23.747545],[90.425773,23.746238],[90.426598,23.744288],[90.427029,23.740443],[90.428115,23.739237],[90.428412,23.738638],[90.428808,23.72234],[90.429266,23.716159],[90.428467,23.712635],[90.430646,23.711197],[90.434425,23.710142],[90.434573,23.709553],[90.434832,23.705994],[90.435998,23.697666],[90.436033,23.696883],[90.435637,23.695192],[90.434847,23.693798],[90.425989,23.686275]]},"id":"31","properties":{"Actual Bus":137,"Alingment":"Dhaleshwar ? Jatrabari ? Malibagh Rail Gate ? Pragati Sarani ? Abdullahpur ? Tongi (Bastahara)","Average OS":9.741318167,"Average TS":16.32547396,"B-A":1050,"Bus No":82,"Bus Type":"Non-AC","Capacity":54,"First A":6,"Headway":13,"Last B":23.5,"Length":28.895,"No of  R T":2.93,"No of Trip":5.85,"Operation ":149.45,"Operator":"Great Turag Co. Ltd. / Anabil / Chalsabil","Permitted ":270,"Route_ID":"A-243","Seat No":36,"Serial_no":32,"TB Actual":113097.1897,"TB BRTA":222892.2717,"TB PD":222892.2717,"TBPDPT":11562,"Total B/A":141,"Travel Tim":89.17597147},"type":"Feature"},{"geometry":{"type":"LineString","coordinates":[[90.421646,23.73016],[90.421062,23.731467],[90.421959,23.729167],[90.421937,23.727846],[90.421718,23.726869],[90.421381,23.726797],[90.417727,23.728876],[90.417501,23.728873],[90.416783,23.728035],[90.415611,23.727815],[90.415242,23.727518],[90.415129,23.727357],[90.415116,23.725719],[90.414273,23.72502],[90.413638,23.724839],[90.410724,23.724926],[90.41073,23.726599],[90.410144,23.730121],[90.405233,23.729902],[90.404904,23.73048],[90.404405,23.732575],[90.403698,23.73369],[90.402128,23.733959],[90.400904,23.734609],[90.399596,23.736968],[90.39896,23.737663],[90.397505,23.738105],[90.39587,23.738104],[90.396104,23.740887],[90.395738,23.742737],[90.393298,23.749834],[90.389817,23.759127],[90.383804,23.758825],[90.383197,23.766194],[90.382785,23.768651],[90.382397,23.770631],[90.380496,23.77726],[90.377903,23.785306],[90.37025,23.80325],[90.36871,23.806511],[90.364333,23.822734],[90.364145,23.82785],[90.363868,23.829169],[90.371203,23.829429]]},"id":"32","properties":{"Actual Bus":49,"Alingment":"Pallabi (Ceramic) ? Mirpur-10 ? Shewrapara ? Farmgate ? Shahbagh ? Paltan ? Gulistan ? Biman Office ? Shapla Chattar ? Notre Dame College","Average OS":6.288398212,"Average TS":10.14753211,"B-A":990,"Bus No":78,"Bus Type":"Non-AC","Capacity":54,"First A":7,"Headway":13,"Last B":23.5,"Length":16.6285,"No of  R T":3.16,"No of Trip":6.32,"Operation ":130.5833334,"Operator":"Bikalpa Auto Service","Permitted ":69,"Route_ID":"A-111","Seat No":36,"Serial_no":33,"TB Actual":32505.10529,"TB BRTA":45772.4952,"TB PD":45772.4952,"TBPDPT":8190,"Total B/A":105,"Travel Tim":80.92213858},"type":"Feature"},{"geometry":{"type":"LineString","coordinates":[[90.218814,23.908096],[90.219706,23.908075],[90.223664,23.90859],[90.227447,23.910503],[90.232902,23.912051],[90.234523,23.913228],[90.236507,23.915768],[90.23726,23.916505],[90.237864,23.916857],[90.242069,23.91749],[90.24754,23.917866],[90.251482,23.917015],[90.254257,23.916135],[90.261121,23.911569],[90.263248,23.909843],[90.264768,23.908214],[90.26701,23.905548],[90.268269,23.903612],[90.271589,23.893644],[90.272531,23.885089],[90.273317,23.874367],[90.272661,23.86996],[90.271928,23.868281],[90.270582,23.866154],[90.269186,23.86462],[90.265648,23.861515],[90.263501,23.860072],[90.262607,23.858998],[90.259685,23.853698],[90.257082,23.846609],[90.256532,23.844614],[90.256662,23.843101],[90.259023,23.83491],[90.259062,23.832995],[90.257492,23.821194],[90.257328,23.812496],[90.257598,23.811499],[90.260036,23.807232],[90.2622,23.802971],[90.263711,23.797919],[90.265538,23.795656],[90.26707,23.79451],[90.268134,23.793947],[90.270193,23.793306],[90.27284,23.793317],[90.281343,23.794977],[90.285367,23.795239],[90.288997,23.795268],[90.291153,23.795059],[90.293218,23.794649],[90.302028,23.792284],[90.312707,23.790124],[90.316425,23.7898],[90.323214,23.790071],[90.325148,23.78949],[90.328706,23.786771],[90.329553,23.786326],[90.338649,23.783122],[90.339424,23.783048],[90.343716,23.783342],[90.349116,23.782645],[90.350123,23.782356],[90.351813,23.781569],[90.356282,23.779247],[90.360307,23.778499],[90.364625,23.77571],[90.366303,23.774383],[90.36734,23.773144],[90.371098,23.763491],[90.382016,23.744729],[90.384042,23.736194],[90.385654,23.730577],[90.3863,23.726879],[90.387616,23.722787],[90.388732,23.72287],[90.388859,23.722106],[90.389634,23.722331],[90.390246,23.722079],[90.390631,23.722208],[90.39172,23.722138],[90.391873,23.722425],[90.392898,23.722418],[90.392841,23.722834],[90.393058,23.723149],[90.395643,23.722368],[90.395852,23.722966],[90.395546,23.72465],[90.403964,23.723381],[90.410632,23.723131]]},"id":"33","properties":{"Actual Bus":93,"Alingment":"Fulbaria (Animal Hospital) ? Chankharpul ? New Market ? Asad Gate ? Gabtoli ? Savar ? Dhamrai","Average OS":16.8211748,"Average TS":27.61777591,"B-A":930,"Bus No":74,"Bus Type":"Non-AC","Capacity":54,"First A":6,"Headway":13,"Last B":21.5,"Length":38.6772,"No of  R T":2.75,"No of Trip":5.51,"Operation ":140.7333333,"Operator":"Dhamrai Link Ltd.","Permitted ":120,"Route_ID":"A-260","Seat No":36,"Serial_no":34,"TB Actual":0.0,"TB BRTA":118287.5414,"TB PD":118287.5414,"TBPDPT":13246,"Total B/A":179,"Travel Tim":85.71653299},"type":"Feature"},{"geometry":{"type":"LineString","coordinates":[[90.401197,23.879677],[90.401295,23.878357],[90.400534,23.875292],[90.40054,23.871745],[90.399885,23.862536],[90.400244,23.860833],[90.400753,23.85999],[90.4176,23.83924],[90.418689,23.836325],[90.419325,23.833172],[90.42045,23.826083],[90.42053,23.824678],[90.419972,23.82303],[90.419174,23.821873],[90.415614,23.819272],[90.411838,23.816984],[90.406433,23.81694],[90.405499,23.816528],[90.404569,23.81549],[90.403998,23.81282],[90.398271,23.778432],[90.398643,23.775928],[90.399275,23.774519],[90.400844,23.772361],[90.40121,23.770756],[90.398937,23.75699],[90.400662,23.753578],[90.403658,23.748673],[90.405259,23.749199],[90.40684,23.749182],[90.407973,23.748876],[90.414276,23.744169],[90.412708,23.742693],[90.408812,23.737517],[90.411643,23.736936],[90.416029,23.73573],[90.417987,23.734602],[90.421026,23.731545],[90.421794,23.72978],[90.42201,23.728568],[90.421718,23.726869],[90.421381,23.726797],[90.421627,23.726249],[90.421544,23.721906],[90.421458,23.72166],[90.420337,23.721605],[90.420147,23.720749],[90.420448,23.718645],[90.420073,23.717381],[90.420617,23.716561],[90.421356,23.716161],[90.422641,23.71589],[90.423791,23.715212],[90.425578,23.714451],[90.430282,23.711359],[90.434731,23.710025],[90.450438,23.702729],[90.466725,23.694806],[90.468976,23.693799],[90.470909,23.693255],[90.472936,23.693008],[90.474675,23.693025],[90.505227,23.696679],[90.50848,23.697514],[90.512211,23.699082],[90.519861,23.705155],[90.520469,23.705547],[90.52148,23.705901],[90.522545,23.705834],[90.524307,23.705054],[90.539573,23.692837],[90.54587,23.690806],[90.546716,23.690409]]},"id":"34","properties":{"Actual Bus":48,"Alingment":"Madanpur ? Motijheel ? Malibagh ? Moghbazar ? Mohakhali ? Kakoli ? Abdullahpur","Average OS":5.271852569,"Average TS":8.237949288,"B-A":1050,"Bus No":40,"Bus Type":"Non-AC","Capacity":54,"First A":6,"Headway":26,"Last B":23.5,"Length":36.4208,"No of  R T":5.09,"No of Trip":10.18,"Operation ":85.91666669,"Operator":"Himalaya Paribahan","Permitted ":40,"Route_ID":"A-245","Seat No":36,"Serial_no":35,"TB Actual":0.0,"TB BRTA":36663.43355,"TB PD":36663.43355,"TBPDPT":3600,"Total B/A":90,"Travel Tim":54.98213016},"type":"Feature"},{"geometry":{"type":"MultiLineString","coordinates":[[[90.269791,23.938186],[90.270136,23.937896],[90.273794,23.936456],[90.276187,23.936246],[90.27756,23.936191],[90.280504,23.936551],[90.284868,23.937363],[90.290261,23.936928],[90.298486,23.936861],[90.301127,23.93586],[90.306583,23.932396],[90.307875,23.931418],[90.308128,23.931013],[90.309141,23.925604],[90.310459,23.922725],[90.311058,23.920595],[90.314216,23.916661],[90.318613,23.913467],[90.31993,23.911738],[90.320496,23.910669],[90.320391,23.908555],[90.320955,23.907274],[90.324068,23.904784],[90.325993,23.902571],[90.327131,23.900573],[90.327692,23.899992],[90.330716,23.897808],[90.333593,23.897125],[90.361925,23.892205],[90.364204,23.893184],[90.366652,23.893411],[90.369025,23.894343],[90.37311,23.893908],[90.375102,23.894134],[90.376129,23.894662],[90.377996,23.896511],[90.379212,23.897161],[90.380884,23.897754],[90.38216,23.89758],[90.383052,23.897327],[90.384858,23.896406],[90.387541,23.89319],[90.388072,23.892359],[90.39127,23.883239],[90.392138,23.880114],[90.392466,23.879689],[90.393066,23.879558],[90.395659,23.879745],[90.400049,23.880717],[90.400655,23.880495],[90.401003,23.879967],[90.401257,23.879324],[90.401316,23.878592],[90.400534,23.875292],[90.40062,23.873277],[90.399885,23.862536],[90.400244,23.860833],[90.400753,23.85999],[90.416893,23.840274],[90.4176,23.83924],[90.418689,23.836325],[90.419325,23.833172],[90.420539,23.825313],[90.42053,23.824678],[90.420225,23.823589],[90.419174,23.821873],[90.415614,23.819272],[90.411838,23.816984],[90.406433,23.81694],[90.405499,23.816528],[90.404569,23.81549],[90.403998,23.81282],[90.400365,23.79046],[90.398373,23.779309],[90.398085,23.778731],[90.397345,23.778099],[90.393286,23.775909],[90.392541,23.775664],[90.38996,23.77529],[90.390149,23.773352],[90.389257,23.768631],[90.389007,23.766514],[90.388924,23.765351],[90.389174,23.762563],[90.389759,23.759192],[90.393298,23.749834],[90.395738,23.742737],[90.396104,23.740887],[90.39587,23.738104],[90.397505,23.738105],[90.39896,23.737663],[90.399596,23.736968],[90.400904,23.734609],[90.402128,23.733959],[90.403698,23.73369],[90.404405,23.732575],[90.404904,23.73048],[90.405233,23.729902],[90.410144,23.730121],[90.41051,23.727797],[90.411985,23.72761],[90.412105,23.727402],[90.41191,23.723044],[90.410781,23.723079],[90.410421,23.721176],[90.409975,23.720024],[90.408818,23.718366],[90.408662,23.71752],[90.408602,23.714485],[90.408008,23.714582],[90.406816,23.714369],[90.404732,23.713586],[90.403476,23.71281],[90.402854,23.710784],[90.401163,23.708018],[90.399005,23.704942],[90.397934,23.703068],[90.397517,23.701587],[90.398465,23.696562],[90.400373,23.690837],[90.401807,23.687349],[90.403407,23.680346],[90.40384,23.677732],[90.405144,23.674913]],[[90.405144,23.674913],[90.392146,23.664396],[90.390862,23.663528],[90.359039,23.660418],[90.387502,23.663173]],[[90.405144,23.674913],[90.405144,23.674913],[90.405164,23.67493],[90.405144,23.674913]]]},"id":"35","properties":{"Actual Bus":96,"Alingment":"Baipail ? Kamarpara ? Abdullahpur ? Azampur ? Airport ? Khilkhet ? Bishwaroad ? Staff Road ? Kakoli ? Mohakhali ? Farmgate ? Shahbagh ? Press Club ? Gulistan ? Fulbaria ? Babubazar ? Keraniganj ? Abdullahpur (New Jail)","Average OS":12.69356061,"Average TS":25.56208909,"B-A":1020,"Bus No":57,"Bus Type":"Non-AC","Capacity":54,"First A":6,"Headway":18,"Last B":23.0,"Length":52.799,"No of  R T":2.68,"No of Trip":5.37,"Operation ":158.4,"Operator":"Airport Bangabandhu Avenue Transport Ltd. / Metro Classic Transport Ltd. / Various Owners","Permitted ":222,"Route_ID":"A-132","Seat No":36,"Serial_no":36,"TB Actual":0.0,"TB BRTA":154867.4242,"TB PD":154867.4242,"TBPDPT":7410,"Total B/A":130,"Travel Tim":78.65789033},"type":"Feature"},{"geometry":{"type":"LineString","coordinates":[[90.421665,23.726655],[90.415045,23.730301],[90.405214,23.729962],[90.403876,23.733638],[90.402322,23.733845],[90.400819,23.734635],[90.399246,23.737404],[90.397714,23.738106],[90.39585,23.737987],[90.396039,23.741194],[90.395725,23.742645],[90.393835,23.748612],[90.389671,23.759323],[90.389122,23.761776],[90.38884,23.764282],[90.389037,23.768007],[90.389876,23.773506],[90.389754,23.775095],[90.389556,23.775328],[90.38964,23.775742],[90.389235,23.780687],[90.38951,23.783983],[90.390341,23.786812],[90.390707,23.787252],[90.391088,23.789181],[90.39192,23.791286],[90.392263,23.793703],[90.393911,23.799919],[90.394765,23.801649],[90.397153,23.803997],[90.398526,23.806141],[90.399228,23.810709],[90.400135,23.813829],[90.400074,23.816301],[90.398449,23.817013],[90.397373,23.818218],[90.397053,23.818335],[90.395687,23.819933],[90.395389,23.820087],[90.394855,23.820856],[90.393337,23.822407],[90.392193,23.821913],[90.390148,23.820251],[90.388508,23.819943],[90.387523,23.820039],[90.384319,23.820788],[90.381878,23.822478],[90.380298,23.823312],[90.377674,23.822862],[90.377399,23.823564],[90.376827,23.829061],[90.376574,23.829938],[90.376529,23.833338],[90.376284,23.834728],[90.376391,23.835506]]},"id":"36","properties":{"Actual Bus":28,"Alingment":"DOHS ? Kalsi ? ECB Chattar ? Dhaka Cantonment ? Farmgate ? Kawran Bazar ? Shahbagh ? Press Club ? Motijheel (Pir Jangi Mazar)","Average OS":12.43330216,"Average TS":22.77245923,"B-A":900,"Bus No":74,"Bus Type":"AC","Capacity":54,"First A":7,"Headway":12,"Last B":22.0,"Length":16.5743,"No of  R T":7.02,"No of Trip":14.03,"Operation ":53.44999997,"Operator":"Trust Transport Services (AC Bus Service)","Permitted ":20,"Route_ID":"A-481","Seat No":36,"Serial_no":37,"TB Actual":0.0,"TB BRTA":20486.43593,"TB PD":20486.43593,"TBPDPT":5402,"Total B/A":73,"Travel Tim":29.18261894},"type":"Feature"},{"geometry":{"type":"MultiLineString","coordinates":[[[90.351883,23.781694],[90.349311,23.78266],[90.34713,23.78297],[90.344279,23.783248],[90.33937,23.78306],[90.335283,23.784321]],[[90.444419,23.762035],[90.436553,23.762681],[90.432658,23.763416],[90.429573,23.76457],[90.425025,23.766901],[90.42317,23.767665],[90.423075,23.767795],[90.424594,23.770283],[90.425571,23.7725],[90.425799,23.77432],[90.425644,23.780686],[90.421754,23.780856],[90.420393,23.780616],[90.41711,23.780504],[90.416333,23.780321],[90.408178,23.780232],[90.404889,23.780702],[90.398706,23.780983],[90.403998,23.81282],[90.404569,23.81549],[90.405021,23.816013],[90.403727,23.816311],[90.400248,23.816453],[90.398589,23.816857],[90.393427,23.822596],[90.391571,23.821565],[90.390016,23.820261],[90.388612,23.819996],[90.385018,23.820593],[90.381448,23.822766],[90.380305,23.823304],[90.379844,23.823329],[90.377623,23.822804],[90.377684,23.822239],[90.364958,23.820192],[90.36856,23.807097],[90.365697,23.806319],[90.364461,23.805655],[90.353356,23.798642],[90.353283,23.797334],[90.353785,23.791168],[90.353944,23.785371],[90.351883,23.781694]],[[90.351883,23.781694],[90.351857,23.781646],[90.351896,23.781689],[90.351883,23.781694]]]},"id":"37","properties":{"Actual Bus":73,"Alingment":"Gabtoli ? Technical ? Mirpur-1 ? Mirpur-2 ? Mirpur-10 ? Mirpur-11 ? Purabi ? Kalsi ? Matikata ? Zillur Rahman Flyover ? Banani ? Amtoli ? Gulshan-1 ? Badda Link Road ? Moradia Bazar","Average OS":4.964266667,"Average TS":13.03223821,"B-A":930,"Bus No":74,"Bus Type":"Non-AC","Capacity":54,"First A":7,"Headway":13,"Last B":22.5,"Length":22.1924,"No of  R T":1.72,"No of Trip":3.44,"Operation ":225.0,"Operator":"Rabrab Transport (Pvt.) Ltd.","Permitted ":94,"Route_ID":"A-273","Seat No":36,"Serial_no":38,"TB Actual":41991.22222,"TB BRTA":54070.88889,"TB PD":54070.88889,"TBPDPT":12358,"Total B/A":167,"Travel Tim":85.70745728},"type":"Feature"},{"geometry":{"type":"LineString","coordinates":[[90.482263,23.805146],[90.47598,23.804],[90.472376,23.803092],[90.468565,23.80239],[90.460843,23.801748],[90.438762,23.799071],[90.431655,23.798604],[90.423554,23.797731],[90.425652,23.785909],[90.42586,23.78318],[90.425571,23.780666],[90.421754,23.780856],[90.420393,23.780616],[90.41711,23.780504],[90.416333,23.780321],[90.408178,23.780232],[90.404889,23.780702],[90.398706,23.780983],[90.40102,23.79449],[90.400761,23.794526],[90.400098,23.790493],[90.396452,23.790562],[90.394535,23.790855],[90.391753,23.790532],[90.3899,23.791029],[90.388,23.790894],[90.387836,23.791535],[90.387951,23.793809],[90.387242,23.798454],[90.382242,23.80044],[90.380428,23.801553],[90.37544,23.805676],[90.374664,23.806151],[90.37325,23.806556],[90.369478,23.807275],[90.365697,23.806319],[90.353243,23.798703]]},"id":"38","properties":{"Actual Bus":20,"Alingment":"Mirpur-1 (Sony Cinema Hall) ? Mirpur-2 ? Dhaka Cantonment Sainik Club ? Banani ? Amtoli ? Gulshan-1 ? Badda Link Road ? Natun Bazar ? Beraid","Average OS":3.126245351,"Average TS":7.619935654,"B-A":900,"Bus No":36,"Bus Type":"Non-AC","Capacity":54,"First A":7,"Headway":25,"Last B":22.0,"Length":18.835,"No of  R T":8.36,"No of Trip":16.73,"Operation ":44.83333336,"Operator":"Trust Transport Services","Permitted ":20,"Route_ID":"A-278","Seat No":36,"Serial_no":40,"TB Actual":0.0,"TB BRTA":16059.47955,"TB PD":16059.47955,"TBPDPT":1728,"Total B/A":48,"Travel Tim":18.39385611},"type":"Feature"},{"geometry":{"type":"MultiLineString","coordinates":[[[90.418375,23.741155],[90.414301,23.74415],[90.412173,23.745698],[90.411062,23.746456],[90.409689,23.747648],[90.407973,23.748876],[90.40736,23.74909],[90.405259,23.749199],[90.399406,23.747203],[90.394691,23.745937],[90.389783,23.75916],[90.383735,23.758853],[90.383513,23.758644],[90.374182,23.758146],[90.371098,23.763491],[90.36734,23.773144],[90.366303,23.774383],[90.364625,23.77571],[90.360307,23.778499],[90.356282,23.779247],[90.350123,23.782356],[90.349116,23.782645],[90.343716,23.783342],[90.339424,23.783048],[90.338649,23.783122],[90.329553,23.786326],[90.328706,23.786771],[90.325148,23.78949],[90.323214,23.790071],[90.316425,23.7898],[90.312707,23.790124],[90.302028,23.792284],[90.293218,23.794649],[90.291153,23.795059],[90.288997,23.795268],[90.285367,23.795239],[90.281343,23.794977],[90.27284,23.793317],[90.270193,23.793306],[90.268134,23.793947],[90.26707,23.79451],[90.265538,23.795656],[90.264049,23.797356],[90.263399,23.798692],[90.2622,23.802971],[90.260036,23.807232],[90.257598,23.811499],[90.257328,23.812496],[90.257492,23.821194],[90.259062,23.832995],[90.259023,23.83491],[90.256662,23.843101],[90.256532,23.844614],[90.257082,23.846609],[90.259685,23.853698],[90.262607,23.858998],[90.263501,23.860072],[90.265648,23.861515],[90.269186,23.86462],[90.270582,23.866154],[90.271928,23.868281],[90.272661,23.86996],[90.273317,23.874367],[90.272531,23.885089],[90.271589,23.893644],[90.268269,23.903612],[90.26701,23.905548],[90.263248,23.909843],[90.261121,23.911569],[90.258459,23.913361],[90.27352,23.946258],[90.274236,23.948525],[90.274347,23.949545],[90.274268,23.950633],[90.274064,23.951097]],[[90.418375,23.741155],[90.418366,23.741162],[90.418376,23.741154],[90.418375,23.741155]],[[90.499274,23.624056],[90.49679,23.62761],[90.496597,23.628114],[90.493687,23.643999],[90.491953,23.649678],[90.489243,23.656157],[90.483981,23.672535],[90.482473,23.676513],[90.481993,23.684105],[90.480725,23.693731],[90.474675,23.693025],[90.472936,23.693008],[90.470909,23.693255],[90.468976,23.693799],[90.439562,23.707829],[90.43403,23.710293],[90.430646,23.711197],[90.42853,23.712496],[90.428442,23.712778],[90.429266,23.716159],[90.428808,23.72234],[90.428412,23.738638],[90.428115,23.739237],[90.427492,23.739828],[90.426937,23.740725],[90.426598,23.744288],[90.42515,23.744128],[90.422906,23.743345],[90.421371,23.742134],[90.420159,23.740654],[90.419898,23.739998],[90.419641,23.740224],[90.418375,23.741155]]]},"id":"39","properties":{"Actual Bus":64,"Alingment":"Savar (EPZ) ? Gabtoli ? Asad Gate ? Farmgate ? Bangla Motor ? Moghbazar ? Rajarbagh ? Khilgaon Flyover ? Basabo ? Mugda ? Sayedabad ? Jatrabari ? Link Road","Average OS":14.63618058,"Average TS":24.98598753,"B-A":810,"Bus No":47,"Bus Type":"Non-AC","Capacity":54,"First A":6,"Headway":17,"Last B":19.5,"Length":56.1425,"No of  R T":2.19,"No of Trip":4.38,"Operation ":153.95,"Operator":"Labbaiek Transport Ltd.","Permitted ":54,"Route_ID":"A-192","Seat No":36,"Serial_no":41,"TB Actual":0.0,"TB BRTA":37408.899,"TB PD":37408.899,"TBPDPT":7426,"Total B/A":158,"Travel Tim":90.18014585},"type":"Feature"},{"geometry":{"type":"MultiLineString","coordinates":[[[90.394941,23.915442],[90.3949,23.915535]],[[90.415559,24.001029],[90.417064,23.996737],[90.408493,23.994002],[90.400335,23.992371],[90.381717,23.989658],[90.380705,23.97754],[90.380095,23.965574],[90.38065,23.960856],[90.381367,23.948433],[90.38575,23.937238],[90.394941,23.915442]],[[90.394941,23.915442],[90.398018,23.90862],[90.398738,23.906333],[90.399215,23.903835],[90.398896,23.89725],[90.400127,23.895015],[90.401658,23.893373],[90.40194,23.892716],[90.401944,23.892213],[90.40122,23.889079],[90.400222,23.886001],[90.401316,23.878592],[90.400534,23.875292],[90.40062,23.873277],[90.399885,23.862536],[90.400244,23.860833],[90.400753,23.85999],[90.4176,23.83924],[90.418689,23.836325],[90.419325,23.833172],[90.420539,23.825313],[90.42053,23.824678],[90.420225,23.823589],[90.419174,23.821873],[90.415614,23.819272],[90.411838,23.816984],[90.406433,23.81694],[90.405499,23.816528],[90.404569,23.81549],[90.403998,23.81282],[90.398271,23.778432],[90.398643,23.775928],[90.399275,23.774519],[90.400844,23.772361],[90.40121,23.770756],[90.398937,23.75699],[90.400662,23.753578],[90.403658,23.748673],[90.405259,23.749199],[90.40684,23.749182],[90.407973,23.748876],[90.411062,23.746456],[90.415742,23.743229],[90.42086,23.73903],[90.423361,23.736589],[90.424404,23.734687],[90.425202,23.732391],[90.421064,23.731515],[90.421794,23.72978],[90.42201,23.728568],[90.421602,23.725977],[90.421568,23.723597]],[[90.421568,23.723597],[90.421571,23.723833]],[[90.421568,23.723597],[90.421458,23.72166],[90.420337,23.721605],[90.420254,23.721375],[90.420193,23.719731],[90.420622,23.718356],[90.422156,23.716228],[90.423791,23.715212],[90.425578,23.714451],[90.42853,23.712496]]]},"id":"40","properties":{"Actual Bus":166,"Alingment":"Sayedabad ? Moghbazar ? Nabisco ? Mohakhali ? Kakoli ? Airport ? Azampur ? Gazipur","Average OS":11.52242781,"Average TS":21.36148191,"B-A":930,"Bus No":74,"Bus Type":"Non-AC","Capacity":54,"First A":7,"Headway":13,"Last B":22.5,"Length":39.4783,"No of  R T":2.01,"No of Trip":4.02,"Operation ":192.7666667,"Operator":"Balaka Service / Balaka Links / Various Owners","Permitted ":142,"Route_ID":"A-225","Seat No":36,"Serial_no":42,"TB Actual":125468.7878,"TB BRTA":107328.7221,"TB PD":107328.7221,"TBPDPT":13912,"Total B/A":188,"Travel Tim":103.9787412},"type":"Feature"},{"geometry":{"type":"MultiLineString","coordinates":[[[90.340683,23.814278],[90.340617,23.814056],[90.340692,23.814311],[90.340683,23.814278]],[[90.388512,23.891298],[90.387541,23.89319],[90.384858,23.896406],[90.383052,23.897327],[90.380884,23.897754],[90.379212,23.897161],[90.377996,23.896511],[90.376129,23.894662],[90.375102,23.894134],[90.37311,23.893908],[90.369025,23.894343],[90.366652,23.893411],[90.363798,23.89306],[90.362097,23.892269],[90.361484,23.891553],[90.360696,23.890025],[90.36007,23.88775],[90.359992,23.886866],[90.360686,23.884108],[90.360504,23.882696],[90.360152,23.881743],[90.359562,23.88099],[90.356455,23.878838],[90.354345,23.87711],[90.353636,23.876466],[90.353219,23.875831],[90.352743,23.874829],[90.353065,23.869902],[90.352963,23.868769],[90.351381,23.864924],[90.348545,23.85994],[90.341715,23.852016],[90.34052,23.849532],[90.340049,23.847957],[90.339923,23.847054],[90.340123,23.846645],[90.342448,23.843542],[90.343093,23.842302],[90.343174,23.841856],[90.342556,23.840331],[90.341345,23.839227],[90.340361,23.838047],[90.340187,23.837579],[90.340101,23.835096],[90.340503,23.831742],[90.340805,23.831229],[90.34154,23.83052],[90.342557,23.829804],[90.343125,23.828975],[90.344566,23.828661],[90.344991,23.82841],[90.345293,23.827731],[90.345301,23.82731],[90.344685,23.825984],[90.343846,23.824829],[90.342317,23.823315],[90.341487,23.821971],[90.341323,23.821458],[90.341393,23.820273],[90.341871,23.818785],[90.341877,23.818188],[90.341657,23.817192],[90.341248,23.816171],[90.340683,23.814278]],[[90.340683,23.814278],[90.340269,23.812893],[90.340113,23.81185],[90.34043,23.808855],[90.340711,23.808028],[90.342431,23.806242],[90.343398,23.804788],[90.343839,23.802622],[90.344058,23.80057],[90.343464,23.798484],[90.345675,23.798409],[90.346468,23.798118],[90.347947,23.795476],[90.348203,23.795214],[90.348935,23.795063],[90.347211,23.782931],[90.343716,23.783342],[90.339424,23.783048],[90.339448,23.777049],[90.339588,23.776309],[90.339854,23.77577],[90.340627,23.775054],[90.343497,23.773913],[90.344258,23.773279],[90.344672,23.772448],[90.345496,23.768719],[90.347919,23.76417],[90.348613,23.763144],[90.354235,23.758087],[90.356602,23.756543],[90.362688,23.732601],[90.363317,23.731582],[90.366211,23.728384],[90.369751,23.725072],[90.37384,23.723041],[90.377177,23.720721],[90.378731,23.719911],[90.37957,23.71587],[90.379921,23.715214],[90.380364,23.714905],[90.382065,23.714322],[90.383171,23.714276],[90.38421,23.713573],[90.385752,23.713555],[90.3878,23.711906],[90.390301,23.712231],[90.391518,23.711421],[90.392831,23.711157],[90.393472,23.71136],[90.39842,23.711464],[90.402189,23.709768]]]},"id":"41","properties":{"Actual Bus":36,"Alingment":"Babubazar ? Beribadh ? Gabtoli ? Diabari ? Dhour ? Kamarpara","Average OS":6.141966978,"Average TS":12.15928795,"B-A":960,"Bus No":38,"Bus Type":"Non-AC","Capacity":54,"First A":6,"Headway":25,"Last B":22.0,"Length":29.7038,"No of  R T":3.45,"No of Trip":6.89,"Operation ":116.0833333,"Operator":"Prottoy Transport Company Ltd.","Permitted ":19,"Route_ID":"A-289","Seat No":36,"Serial_no":43,"TB Actual":0.0,"TB BRTA":6154.199569,"TB PD":6154.199569,"TBPDPT":1786,"Total B/A":47,"Travel Tim":58.63665725},"type":"Feature"},{"geometry":{"type":"MultiLineString","coordinates":[[[90.241017,23.636437],[90.236632,23.636229],[90.234555,23.636887],[90.232328,23.636799],[90.230007,23.637106],[90.223095,23.63846],[90.221355,23.638531],[90.219821,23.637845],[90.218458,23.638104],[90.214856,23.640629],[90.21344,23.640986],[90.210839,23.642446],[90.209429,23.64222],[90.208036,23.644477],[90.201799,23.650137],[90.199513,23.649135],[90.197194,23.653037],[90.195878,23.655759],[90.194984,23.656638],[90.194469,23.656932],[90.193525,23.656871],[90.191638,23.656252],[90.188554,23.654944],[90.179491,23.65046],[90.176471,23.647188],[90.176209,23.646115],[90.176837,23.644549],[90.176891,23.644056],[90.175197,23.643655],[90.174311,23.64256],[90.171148,23.642562],[90.170462,23.642832],[90.168977,23.642765],[90.168464,23.642909],[90.167995,23.6434],[90.167801,23.643856],[90.167655,23.645454],[90.167239,23.645577],[90.166275,23.647993],[90.165771,23.6486],[90.165535,23.650492],[90.164657,23.65347],[90.164369,23.65587],[90.163429,23.659107],[90.162554,23.660493],[90.161965,23.66107],[90.16158,23.661076],[90.160931,23.660541],[90.159753,23.660149],[90.15837,23.660347],[90.156808,23.659936],[90.155351,23.660362],[90.153338,23.6601],[90.150755,23.659469],[90.149973,23.659581],[90.149008,23.659477],[90.147989,23.659087],[90.147118,23.658471],[90.146053,23.658002],[90.144078,23.657564],[90.14116,23.657741],[90.139787,23.657145],[90.138361,23.65612],[90.136998,23.654541],[90.136196,23.654033],[90.13395,23.65371],[90.132736,23.653697],[90.131699,23.653909],[90.129358,23.653696],[90.128823,23.654041],[90.127371,23.654255],[90.126402,23.65461],[90.123701,23.654718],[90.119056,23.656383],[90.117376,23.656623],[90.116396,23.657367],[90.112638,23.658721],[90.112276,23.659008],[90.110971,23.659162],[90.108967,23.659788],[90.107635,23.659283],[90.106822,23.660381],[90.10617,23.660821],[90.103996,23.660519],[90.102972,23.660748],[90.100762,23.660782],[90.098659,23.661378],[90.094838,23.663084],[90.09315,23.664297],[90.092257,23.664491],[90.089536,23.66682],[90.088967,23.668021],[90.08799,23.668321],[90.085769,23.669533],[90.083682,23.671302],[90.083331,23.67227],[90.077676,23.673235],[90.076411,23.673613],[90.076356,23.674059],[90.074,23.674679],[90.07032,23.674749],[90.066492,23.675404],[90.065615,23.675276]],[[90.243262,23.636651],[90.242949,23.636621],[90.241017,23.636437]],[[90.243262,23.636651],[90.241017,23.636437]],[[90.321973,23.696708],[90.317625,23.695106],[90.315146,23.695076],[90.312107,23.693966],[90.310732,23.692288],[90.308234,23.690518],[90.308388,23.689058],[90.308771,23.688578],[90.30877,23.688218],[90.30822,23.687343],[90.308234,23.686778],[90.308395,23.686522],[90.307966,23.685735],[90.308399,23.684618],[90.308233,23.684234],[90.307684,23.683668],[90.305636,23.682336],[90.304453,23.682864],[90.303741,23.682906],[90.302518,23.68128],[90.303983,23.676245],[90.304829,23.674982],[90.305462,23.673444],[90.306191,23.669151],[90.306229,23.666168],[90.306094,23.666039],[90.305448,23.666053],[90.300889,23.667861],[90.297858,23.668669],[90.292745,23.671339],[90.291675,23.671194],[90.2894,23.669369],[90.286318,23.667257],[90.285667,23.666943],[90.283817,23.666913],[90.282715,23.666686],[90.282239,23.666459],[90.280924,23.665092],[90.280364,23.66307],[90.279169,23.65986],[90.271774,23.648772],[90.266391,23.647065],[90.262634,23.642572],[90.261648,23.641957],[90.259611,23.641064],[90.2571,23.640226],[90.254281,23.639507],[90.251088,23.638086],[90.24897,23.637872],[90.243262,23.636651]],[[90.327243,23.697566],[90.322876,23.696855],[90.321973,23.696708]],[[90.327243,23.697566],[90.321973,23.696708]],[[90.345238,23.698086],[90.34304,23.69787],[90.330942,23.698305],[90.329102,23.697549],[90.327243,23.697566]],[[90.34562,23.698081],[90.345336,23.698049],[90.345238,23.698086]],[[90.345238,23.698086],[90.34562,23.698081]],[[90.35875,23.699431],[90.34562,23.698081]],[[90.348521,23.811342],[90.349968,23.809932],[90.351311,23.807366],[90.351696,23.805309],[90.355254,23.799942],[90.355126,23.799783]],[[90.351895,23.781714],[90.351857,23.781646],[90.351813,23.781569]],[[90.351895,23.781714],[90.351813,23.781569]],[[90.351813,23.781569],[90.351852,23.781548],[90.351895,23.781525]],[[90.351813,23.781569],[90.351895,23.781525]],[[90.351895,23.781714],[90.351895,23.781714],[90.351895,23.781714]],[[90.351895,23.781714],[90.351895,23.781714]],[[90.35363,23.78481],[90.352708,23.783165],[90.352612,23.782993],[90.352495,23.782785],[90.352312,23.782459],[90.352233,23.782318],[90.352114,23.782105],[90.352067,23.782021],[90.352039,23.781971],[90.351895,23.781714]],[[90.35363,23.78481],[90.351895,23.781714]],[[90.351895,23.781525],[90.352786,23.781051],[90.353886,23.780466]],[[90.351895,23.781525],[90.353886,23.780466]],[[90.353292,23.798015],[90.353292,23.798006],[90.353283,23.797334]],[[90.353292,23.798015],[90.353283,23.797334]],[[90.353283,23.797334],[90.353315,23.796855],[90.353337,23.796537]],[[90.353283,23.797334],[90.353337,23.796537]],[[90.353293,23.798093],[90.353292,23.798015]],[[90.353356,23.798642],[90.353293,23.798093]],[[90.353356,23.798642],[90.353299,23.798554],[90.353293,23.798093]],[[90.353337,23.796537],[90.353337,23.796537],[90.353337,23.796537]],[[90.353337,23.796537],[90.353337,23.796537]],[[90.353337,23.796537],[90.353376,23.79607],[90.35342,23.795535]],[[90.353337,23.796537],[90.35342,23.795535]],[[90.353356,23.798642],[90.353356,23.798642]],[[90.353356,23.798642],[90.353356,23.798642],[90.353356,23.798642]],[[90.355043,23.799727],[90.354301,23.79925],[90.353356,23.798642]],[[90.355043,23.799727],[90.353356,23.798642]],[[90.35342,23.795535],[90.35342,23.795535],[90.35342,23.795535]],[[90.35342,23.795535],[90.35342,23.795535]],[[90.35342,23.795535],[90.353474,23.794895],[90.353498,23.794606]],[[90.35342,23.795535],[90.353498,23.794606]],[[90.353498,23.794606],[90.353498,23.794606],[90.353498,23.794605]],[[90.353498,23.794606],[90.353498,23.794605]],[[90.353498,23.794605],[90.353567,23.793787],[90.353636,23.792954]],[[90.353498,23.794605],[90.353636,23.792954]],[[90.353636,23.792954],[90.353704,23.792137],[90.353761,23.791458]],[[90.353636,23.792954],[90.353761,23.791458]],[[90.353944,23.785371],[90.353715,23.784962],[90.35363,23.78481]],[[90.353944,23.785371],[90.35363,23.78481]],[[90.353761,23.791458],[90.353785,23.791168]],[[90.353761,23.791458],[90.353785,23.791168],[90.353785,23.791168]],[[90.353785,23.791168],[90.353792,23.790915],[90.353794,23.790857]],[[90.353785,23.791168],[90.353794,23.790857]],[[90.353794,23.790857],[90.353816,23.790063],[90.353838,23.789232]],[[90.353794,23.790857],[90.353838,23.789232]],[[90.353838,23.789232],[90.353848,23.788881],[90.35387,23.788073]],[[90.353838,23.789232],[90.35387,23.788073]],[[90.35387,23.788073],[90.353904,23.786826],[90.353944,23.785371]],[[90.35387,23.788073],[90.353944,23.785371]],[[90.353886,23.780466],[90.354081,23.78037],[90.354081,23.78037]],[[90.353886,23.780466],[90.354081,23.78037]],[[90.353944,23.785371],[90.353944,23.785371],[90.353944,23.785371]],[[90.353944,23.785371],[90.353944,23.785371]],[[90.353944,23.785371],[90.353944,23.785371]],[[90.354081,23.78037],[90.354299,23.780264],[90.354399,23.780214]],[[90.354081,23.78037],[90.354399,23.780214]],[[90.354399,23.780214],[90.354883,23.779977],[90.355348,23.779749]],[[90.354399,23.780214],[90.355348,23.779749]],[[90.355126,23.799783],[90.355043,23.799727]],[[90.355126,23.799783],[90.355057,23.799737],[90.355043,23.799727]],[[90.355266,23.799876],[90.355126,23.799783]],[[90.355348,23.779749],[90.355353,23.779746],[90.356282,23.779247]],[[90.355348,23.779749],[90.356282,23.779247]],[[90.356282,23.779247],[90.35657,23.779152],[90.356717,23.779104]],[[90.356282,23.779247],[90.356717,23.779104]],[[90.356717,23.779104],[90.357367,23.779019],[90.357974,23.77894]],[[90.356717,23.779104],[90.357974,23.77894]],[[90.357974,23.77894],[90.358563,23.778867],[90.359216,23.778786]],[[90.357974,23.77894],[90.359216,23.778786]],[[90.368106,23.700023],[90.365334,23.699848],[90.35875,23.699431]],[[90.368106,23.700023],[90.35875,23.699431]],[[90.359216,23.778786],[90.360307,23.778499]],[[90.359216,23.778786],[90.359734,23.77869],[90.360307,23.778499]],[[90.360307,23.778499],[90.360522,23.778384],[90.360832,23.778217]],[[90.360307,23.778499],[90.360832,23.778217]],[[90.360832,23.778217],[90.361608,23.777738]],[[90.361608,23.777738],[90.363653,23.776374]],[[90.361608,23.777738],[90.362547,23.77713],[90.363653,23.776374]],[[90.363653,23.776374],[90.363944,23.776176],[90.364194,23.776004]],[[90.363653,23.776374],[90.364194,23.776004]],[[90.364194,23.776004],[90.366303,23.774383],[90.366902,23.773732]],[[90.364194,23.776004],[90.366303,23.774383],[90.366902,23.773732]],[[90.366902,23.773732],[90.366902,23.773732]],[[90.366902,23.773732],[90.366902,23.773732],[90.366902,23.773732]],[[90.366902,23.773732],[90.367065,23.773507],[90.367155,23.773383]],[[90.366902,23.773732],[90.367155,23.773383]],[[90.367155,23.773383],[90.367156,23.773383],[90.367162,23.773375]],[[90.367155,23.773383],[90.367162,23.773375]],[[90.367162,23.773375],[90.36734,23.773144]],[[90.367162,23.773375],[90.367319,23.77317],[90.36734,23.773144]],[[90.36734,23.773144],[90.367538,23.772639]],[[90.36734,23.773144],[90.367343,23.773135],[90.367538,23.772639]],[[90.367538,23.772639],[90.36878,23.7695]],[[90.367538,23.772639],[90.367641,23.772375],[90.36878,23.7695]],[[90.372482,23.700181],[90.371201,23.700135],[90.368106,23.700023]],[[90.372482,23.700181],[90.368106,23.700023]],[[90.36878,23.7695],[90.369348,23.768061],[90.369966,23.766496]],[[90.36878,23.7695],[90.369966,23.766496]],[[90.369966,23.766496],[90.369966,23.766496]],[[90.369966,23.766496],[90.369966,23.766496],[90.369966,23.766496]],[[90.369966,23.766496],[90.371036,23.763656]],[[90.369966,23.766496],[90.370834,23.764202],[90.371036,23.763656]],[[90.371036,23.763656],[90.371098,23.763491]],[[90.371098,23.763491],[90.371699,23.762418],[90.372342,23.761273]],[[90.371098,23.763491],[90.372342,23.761273]],[[90.372342,23.761273],[90.372359,23.761247]],[[90.372342,23.761273],[90.372359,23.761247],[90.372359,23.761247]],[[90.372359,23.761247],[90.372525,23.76101],[90.372704,23.760751]],[[90.372359,23.761247],[90.372704,23.760751]],[[90.398142,23.703432],[90.397635,23.702106],[90.397534,23.701203],[90.394163,23.701043],[90.39277,23.701287],[90.392076,23.701521],[90.390022,23.702667],[90.389423,23.702831],[90.386482,23.701048],[90.384359,23.700221],[90.376755,23.699876],[90.375152,23.700234],[90.372482,23.700181]],[[90.372704,23.760751],[90.372712,23.76074]],[[90.372704,23.760751],[90.372704,23.760751],[90.372712,23.76074]],[[90.372712,23.76074],[90.373053,23.760162]],[[90.372712,23.76074],[90.372817,23.760562],[90.373053,23.760162]],[[90.373053,23.760162],[90.373184,23.759927],[90.373394,23.759547]],[[90.373053,23.760162],[90.373394,23.759547]],[[90.373394,23.759547],[90.373395,23.759547],[90.373395,23.759547]],[[90.373394,23.759547],[90.373395,23.759547]],[[90.373395,23.759547],[90.373735,23.758934],[90.373988,23.758477]],[[90.373395,23.759547],[90.373988,23.758477]],[[90.373988,23.758477],[90.374107,23.758274],[90.374217,23.758087]],[[90.373988,23.758477],[90.374217,23.758087]],[[90.374217,23.758087],[90.374572,23.757506],[90.374939,23.756907]],[[90.374217,23.758087],[90.374939,23.756907]],[[90.374939,23.756907],[90.374954,23.756882]],[[90.374954,23.756882],[90.375029,23.756759],[90.375249,23.7564]],[[90.374954,23.756882],[90.375249,23.7564]],[[90.375249,23.7564],[90.375529,23.755895],[90.375775,23.755452]],[[90.375249,23.7564],[90.375775,23.755452]],[[90.375775,23.755452],[90.376226,23.754744],[90.376812,23.753825]],[[90.375775,23.755452],[90.376812,23.753825]],[[90.376812,23.753825],[90.37716,23.753185],[90.377393,23.752756]],[[90.376812,23.753825],[90.377393,23.752756]],[[90.377393,23.752756],[90.377429,23.752685],[90.377538,23.752472]],[[90.377393,23.752756],[90.377538,23.752472]],[[90.377538,23.752472],[90.377751,23.752059],[90.377877,23.751813]],[[90.377538,23.752472],[90.377877,23.751813]],[[90.377877,23.751813],[90.378067,23.751549],[90.378283,23.75125]],[[90.377877,23.751813],[90.378283,23.75125]],[[90.378283,23.75125],[90.37919,23.749664]],[[90.378283,23.75125],[90.378532,23.750814],[90.37919,23.749664]],[[90.37919,23.749664],[90.379251,23.749557],[90.379356,23.749375]],[[90.37919,23.749664],[90.379356,23.749375]],[[90.379356,23.749375],[90.379916,23.748396],[90.380548,23.747292]],[[90.379356,23.749375],[90.380548,23.747292]],[[90.380548,23.747292],[90.381063,23.746393],[90.381442,23.745731]],[[90.380548,23.747292],[90.381442,23.745731]],[[90.381442,23.745731],[90.381442,23.745731],[90.381442,23.745731]],[[90.381442,23.745731],[90.381442,23.745731]],[[90.381442,23.745731],[90.382084,23.744448]],[[90.381442,23.745731],[90.382016,23.744729],[90.382084,23.744448]],[[90.382084,23.744448],[90.382269,23.743694],[90.382349,23.743365]],[[90.382084,23.744448],[90.382349,23.743365]],[[90.382349,23.743365],[90.382363,23.743308],[90.382553,23.742532]],[[90.382349,23.743365],[90.382553,23.742532]],[[90.382553,23.742532],[90.382807,23.741494],[90.383076,23.740392]],[[90.382553,23.742532],[90.383076,23.740392]],[[90.383076,23.740392],[90.383076,23.740392]],[[90.383076,23.740392],[90.383076,23.740392],[90.383076,23.740392]],[[90.383076,23.740392],[90.383145,23.740112],[90.38315,23.74009]],[[90.383076,23.740392],[90.38315,23.74009]],[[90.38315,23.74009],[90.383293,23.739491]],[[90.383293,23.739491],[90.384499,23.734451],[90.385654,23.730577],[90.3863,23.726879],[90.387616,23.722787],[90.388732,23.72287],[90.388859,23.722106],[90.389634,23.722331],[90.390246,23.722079],[90.390631,23.722208],[90.39172,23.722138],[90.391873,23.722425],[90.392898,23.722418],[90.392841,23.722834],[90.393058,23.723149],[90.395643,23.722368],[90.395852,23.722966],[90.395546,23.72465],[90.403964,23.723381],[90.410729,23.723081]],[[90.383293,23.739491],[90.383396,23.739308]],[[90.398476,23.704017],[90.398164,23.703471],[90.398142,23.703432]],[[90.398476,23.704017],[90.398142,23.703432]],[[90.399005,23.704942],[90.398712,23.704429],[90.398476,23.704017]],[[90.399005,23.704942],[90.398476,23.704017]],[[90.399311,23.705374],[90.399303,23.705363],[90.399005,23.704942]],[[90.399311,23.705374],[90.399005,23.704942]],[[90.400095,23.706478],[90.400036,23.706395],[90.399704,23.705928],[90.399311,23.705374]],[[90.400095,23.706478],[90.399311,23.705374]],[[90.400493,23.707039],[90.400385,23.706887],[90.400265,23.706719],[90.400095,23.706478]],[[90.400493,23.707039],[90.400095,23.706478]],[[90.401163,23.708018],[90.400493,23.707039]],[[90.401471,23.708501],[90.401333,23.708285],[90.401163,23.708018]],[[90.401471,23.708501],[90.401163,23.708018]],[[90.402628,23.710384],[90.401471,23.708501]],[[90.402854,23.710784],[90.402847,23.710771],[90.402628,23.710384]],[[90.402854,23.710784],[90.402628,23.710384]],[[90.403476,23.71281],[90.402854,23.710784]],[[90.403801,23.713089],[90.403513,23.712842],[90.403476,23.71281]],[[90.403801,23.713089],[90.403476,23.71281]],[[90.406281,23.714168],[90.403801,23.713089]],[[90.406516,23.714256],[90.406405,23.714215],[90.406281,23.714168]],[[90.406516,23.714256],[90.406281,23.714168]],[[90.406816,23.714369],[90.406516,23.714256],[90.406516,23.714256]],[[90.406816,23.714369],[90.406516,23.714256]],[[90.408583,23.714611],[90.408602,23.714485],[90.408008,23.714582],[90.406816,23.714369]],[[90.408615,23.715803],[90.408606,23.715467],[90.408593,23.714981],[90.408583,23.714611]],[[90.408615,23.715803],[90.408583,23.714611]],[[90.408618,23.715908],[90.408616,23.715831],[90.408615,23.715803]],[[90.408618,23.715908],[90.408615,23.715803]],[[90.408625,23.716161],[90.408618,23.715908]],[[90.408643,23.716806],[90.408626,23.716181],[90.408625,23.716161]],[[90.408643,23.716806],[90.408625,23.716161]],[[90.408645,23.716886],[90.408645,23.716883],[90.408643,23.716806]],[[90.408645,23.716886],[90.408643,23.716806]],[[90.408662,23.71752],[90.408645,23.716886]],[[90.408759,23.718157],[90.408743,23.718049],[90.408662,23.71752]],[[90.408759,23.718157],[90.408662,23.71752]],[[90.408818,23.718366],[90.408759,23.718157]],[[90.409004,23.718698],[90.408842,23.718409],[90.408818,23.718366]],[[90.409004,23.718698],[90.408818,23.718366]],[[90.410782,23.722935],[90.410421,23.721176],[90.409975,23.720024],[90.409004,23.718698]],[[90.410781,23.723079],[90.410782,23.722935]],[[90.410781,23.722975],[90.410782,23.722935]]]},"id":"42","properties":{"Actual Bus":30,"Alingment":"Zoo ? Mirpur-1 ? Technical Mor ? Asad Gate ? Science Lab ? Azimpur ? Chankharpul ? Fulbaria ? Nayabazar ? Babubazar Bridge ? Kadamtali ? Konakhola ? Ruhitpur ? Takarapur ? Komarganj ? Bandura ? Khaishyakhali ? Beribadh","Average OS":10.87398439,"Average TS":14.42788532,"B-A":1020,"Bus No":51,"Bus Type":"Non-AC","Capacity":54,"First A":6,"Headway":20,"Last B":23.0,"Length":72.4139,"No of  R T":4.06,"No of Trip":8.12,"Operation ":104.6166667,"Operator":"Dishari Paribahan Ltd.","Permitted ":9,"Route_ID":"A-431","Seat No":36,"Serial_no":44,"TB Actual":76950.93197,"TB BRTA":8994.264776,"TB PD":8994.264776,"TBPDPT":6273,"Total B/A":123,"Travel Tim":78.8473137},"type":"Feature"},{"geometry":{"type":"LineString","coordinates":[[90.338564,23.783213],[90.339449,23.782981],[90.343918,23.78327],[90.347214,23.782939],[90.349165,23.796067],[90.349351,23.796352],[90.351886,23.797733],[90.363607,23.805328],[90.366613,23.806765],[90.367964,23.807033],[90.368688,23.807382],[90.369917,23.807363],[90.374525,23.806289],[90.376638,23.804889],[90.380659,23.801503],[90.382467,23.800433],[90.387627,23.798384],[90.388509,23.798276],[90.38762,23.804474],[90.38918,23.806806],[90.393135,23.811802]]},"id":"43","properties":{"Actual Bus":57,"Alingment":"Gabtoli ? Mirpur Mazar Road ? Mirpur-1 ? Sony Cinema ? Mirpur College ? Mirpur-2 / Mirpur Thana ? Mirpur-10 ? Mirpur-13 ? Mirpur-14 ? Bhasantek","Average OS":11.13786408,"Average TS":21.78531568,"B-A":900,"Bus No":30,"Bus Type":"Non-AC","Capacity":54,"First A":7,"Headway":30,"Last B":22.0,"Length":8.73213,"No of  R T":14.56,"No of Trip":29.13,"Operation ":25.75,"Operator":"Fast Ten","Permitted ":0,"Route_ID":"N02","Seat No":36,"Serial_no":45,"TB Actual":0.0,"TB BRTA":0.0,"TB PD":0.0,"TBPDPT":1050,"Total B/A":35,"Travel Tim":13.16483103},"type":"Feature"},{"geometry":{"type":"LineString","coordinates":[[90.521691,23.705887],[90.520469,23.705547],[90.519861,23.705155],[90.512211,23.699082],[90.50848,23.697514],[90.505227,23.696679],[90.474675,23.693025],[90.472936,23.693008],[90.470909,23.693255],[90.468976,23.693799],[90.466725,23.694806],[90.450438,23.702729],[90.434731,23.710025],[90.430282,23.711359],[90.425578,23.714451],[90.423791,23.715212],[90.422641,23.71589],[90.421004,23.716324],[90.420617,23.716561],[90.420073,23.717381],[90.420448,23.718645],[90.420156,23.720101],[90.420254,23.721706],[90.416376,23.722315],[90.41448,23.723034],[90.41191,23.723044],[90.412105,23.727402],[90.411985,23.72761],[90.41051,23.727797],[90.410144,23.730121],[90.405441,23.729957],[90.405201,23.730066],[90.404904,23.73048],[90.404467,23.732558],[90.403698,23.73369],[90.402128,23.733959],[90.400904,23.734609],[90.399596,23.736968],[90.39896,23.737663],[90.397505,23.738105],[90.39587,23.738104],[90.396104,23.740887],[90.395738,23.742737],[90.393298,23.749834],[90.389759,23.759192],[90.383741,23.758833],[90.383356,23.765243],[90.382397,23.770631],[90.380496,23.77726],[90.377903,23.785306],[90.37025,23.80325],[90.36871,23.806511],[90.364379,23.82247],[90.36423,23.826983],[90.363953,23.829304]]},"id":"44","properties":{"Actual Bus":88,"Alingment":"Kalsi (Mirpur-12) ? Mirpur-12 ? Mirpur-11 ? Mirpur-10 ? Kazipara ? Shewrapara ? Farmgate ? Shahbagh ? Press Club ? Gulistan ? Tikatuli ? Sayedabad ? Jatrabari ? Signboard ? Kanchpur Bridge. Note: Of the total 124 vehicle ceiling for this route, a decisio","Average OS":8.324543611,"Average TS":13.09688917,"B-A":930,"Bus No":74,"Bus Type":"Non-AC","Capacity":54,"First A":7,"Headway":13,"Last B":22.5,"Length":26.8427,"No of  R T":3.14,"No of Trip":6.29,"Operation ":123.25,"Operator":"Shikor Paribahan / Various Owners","Permitted ":104,"Route_ID":"A-101","Seat No":36,"Serial_no":46,"TB Actual":58101.41988,"TB BRTA":68665.3144,"TB PD":68665.3144,"TBPDPT":7770,"Total B/A":105,"Travel Tim":78.33921371},"type":"Feature"},{"geometry":{"type":"MultiLineString","coordinates":[[[90.348397,23.795154],[90.348935,23.795063],[90.349073,23.796173],[90.349259,23.796396],[90.353287,23.798579],[90.353785,23.791168],[90.353944,23.785371],[90.351813,23.781569],[90.356282,23.779247],[90.360307,23.778499],[90.364625,23.77571],[90.366303,23.774383],[90.36734,23.773144],[90.371098,23.763491],[90.373011,23.760234],[90.367286,23.759951],[90.36461,23.758936],[90.36268,23.757839],[90.361644,23.757059],[90.360971,23.757117],[90.360047,23.756946],[90.35889,23.756559],[90.356586,23.756108],[90.355045,23.754155],[90.353815,23.750144],[90.352083,23.746774],[90.351564,23.746415],[90.348236,23.745354],[90.347185,23.744733],[90.343909,23.74155],[90.342613,23.739783],[90.341775,23.737849],[90.341053,23.736836],[90.340179,23.736096],[90.336569,23.733977],[90.336198,23.733108],[90.335232,23.732679]],[[90.340289,23.848705],[90.339933,23.847386],[90.340123,23.846645]],[[90.340123,23.846645],[90.340292,23.846326],[90.3403,23.846312]],[[90.3403,23.846312],[90.340123,23.846645]],[[90.340147,23.812079],[90.340113,23.81185]],[[90.340113,23.81185],[90.340124,23.811339],[90.340124,23.811334]],[[90.340124,23.811334],[90.340113,23.81185]],[[90.340124,23.811334],[90.34026,23.810229],[90.34037,23.809343]],[[90.34037,23.809343],[90.340124,23.811334]],[[90.340269,23.812893],[90.340269,23.812892],[90.340147,23.812079]],[[90.340147,23.812079],[90.340269,23.812893]],[[90.34052,23.849532],[90.340354,23.848936],[90.340289,23.848705]],[[90.340289,23.848705],[90.34052,23.849532]],[[90.3403,23.846312],[90.34108,23.845302],[90.341988,23.844127]],[[90.341988,23.844127],[90.3403,23.846312]],[[90.341151,23.815848],[90.340692,23.814311],[90.340269,23.812893]],[[90.340269,23.812893],[90.341151,23.815848]],[[90.34092,23.838643],[90.340361,23.838047],[90.340187,23.837579],[90.340101,23.835096],[90.34038,23.83241]],[[90.34038,23.83241],[90.340408,23.832255],[90.340503,23.831742]],[[90.340503,23.831742],[90.34038,23.83241]],[[90.34037,23.809343],[90.34043,23.808855]],[[90.341253,23.851068],[90.341122,23.850794],[90.34052,23.849532]],[[90.34052,23.849532],[90.341253,23.851068]],[[90.34043,23.808855],[90.340446,23.808781],[90.340554,23.80829]],[[90.340554,23.80829],[90.34043,23.808855]],[[90.340503,23.831742],[90.340805,23.831229],[90.34154,23.83052],[90.342557,23.829804],[90.343125,23.828975],[90.344566,23.828661],[90.344991,23.82841],[90.345293,23.827731]],[[90.340554,23.80829],[90.340607,23.808201],[90.340711,23.808028]],[[90.340711,23.808028],[90.340554,23.80829]],[[90.340711,23.808028],[90.340893,23.807798]],[[90.341345,23.839227],[90.341023,23.838784],[90.34092,23.838643]],[[90.34092,23.838643],[90.341345,23.839227]],[[90.340893,23.807798],[90.341616,23.807066],[90.342431,23.806242]],[[90.342431,23.806242],[90.340893,23.807798]],[[90.341652,23.819416],[90.341871,23.818785],[90.341832,23.817831],[90.341151,23.815848]],[[90.341715,23.852016],[90.341253,23.851068]],[[90.342884,23.842775],[90.343174,23.841856],[90.342972,23.841154],[90.342556,23.840331],[90.341345,23.839227]],[[90.342964,23.823975],[90.342317,23.823315],[90.341487,23.821971],[90.341349,23.821016]],[[90.341349,23.821016],[90.34138,23.820488],[90.341393,23.820273]],[[90.341393,23.820273],[90.341349,23.821016]],[[90.341393,23.820273],[90.341525,23.819787]],[[90.341525,23.819787],[90.341599,23.819571],[90.341652,23.819416]],[[90.341652,23.819416],[90.341525,23.819787]],[[90.34558,23.856533],[90.345337,23.85625],[90.341715,23.852016]],[[90.341715,23.852016],[90.34558,23.856533]],[[90.341988,23.844127],[90.342448,23.843542]],[[90.342448,23.843542],[90.342527,23.843403],[90.342884,23.842775]],[[90.342884,23.842775],[90.342448,23.843542]],[[90.342431,23.806242],[90.343398,23.804788],[90.343839,23.802622]],[[90.343846,23.824829],[90.343443,23.824439],[90.342964,23.823975]],[[90.342964,23.823975],[90.343846,23.824829]],[[90.345301,23.82731],[90.34509,23.82667],[90.343846,23.824829]],[[90.343839,23.802622],[90.34385,23.802537],[90.343941,23.801834]],[[90.343941,23.801834],[90.343839,23.802622]],[[90.343941,23.801834],[90.343982,23.801394],[90.344058,23.80057]],[[90.344058,23.80057],[90.343941,23.801834]],[[90.344058,23.80057],[90.343464,23.798484],[90.345087,23.798435]],[[90.345087,23.798435],[90.345128,23.798435],[90.345368,23.798435]],[[90.345368,23.798435],[90.345087,23.798435]],[[90.345293,23.827731],[90.345301,23.827337],[90.345301,23.82731]],[[90.345301,23.82731],[90.345293,23.827731]],[[90.345368,23.798435],[90.346148,23.7983],[90.346622,23.797995],[90.347708,23.79583],[90.348084,23.795307],[90.348397,23.795154]],[[90.348545,23.85994],[90.346168,23.857209],[90.34558,23.856533]],[[90.34558,23.856533],[90.348545,23.85994]],[[90.349081,23.860922],[90.348545,23.85994]],[[90.348429,23.795149],[90.348397,23.795154]],[[90.351381,23.864924],[90.350537,23.863454],[90.349081,23.860922]],[[90.349081,23.860922],[90.351381,23.864924]],[[90.351942,23.866128],[90.351846,23.865921],[90.351381,23.864924]],[[90.351381,23.864924],[90.351942,23.866128]],[[90.352223,23.86721],[90.351942,23.866128]],[[90.352648,23.868211],[90.352467,23.867784],[90.352223,23.86721]],[[90.352223,23.86721],[90.352648,23.868211]],[[90.353636,23.876466],[90.352743,23.874829],[90.353065,23.869902],[90.352963,23.868769],[90.352648,23.868211]],[[90.354345,23.87711],[90.353904,23.876709],[90.353636,23.876466]],[[90.353636,23.876466],[90.354345,23.87711]],[[90.360258,23.888233],[90.359992,23.886866],[90.360686,23.884108],[90.360504,23.882696],[90.360152,23.881743],[90.359562,23.88099],[90.356455,23.878838],[90.354345,23.87711]],[[90.360517,23.889052],[90.360468,23.888895],[90.360258,23.888233]],[[90.360258,23.888233],[90.360517,23.889052]],[[90.361484,23.891553],[90.360696,23.890025],[90.360517,23.889052]],[[90.361874,23.891981],[90.361687,23.891776],[90.361484,23.891553]],[[90.361484,23.891553],[90.361874,23.891981]],[[90.362097,23.892269],[90.361958,23.892089],[90.361874,23.891981]],[[90.361874,23.891981],[90.362097,23.892269]],[[90.364204,23.893184],[90.362097,23.892269]],[[90.364742,23.893272],[90.364371,23.893211],[90.364204,23.893184]],[[90.364204,23.893184],[90.364742,23.893272]],[[90.365259,23.893286],[90.364816,23.893274],[90.364742,23.893272]],[[90.364742,23.893272],[90.365259,23.893286]],[[90.365789,23.893324],[90.365288,23.893288],[90.365259,23.893286]],[[90.365259,23.893286],[90.365789,23.893324]],[[90.366471,23.893376],[90.365822,23.893327],[90.365789,23.893324]],[[90.365789,23.893324],[90.366471,23.893376]],[[90.368652,23.894251],[90.366471,23.893376]],[[90.369025,23.894343],[90.368659,23.894252],[90.368652,23.894251]],[[90.368652,23.894251],[90.369025,23.894343]],[[90.36863,23.875319],[90.377775,23.874113],[90.400408,23.874626]],[[90.375368,23.894242],[90.37311,23.893908],[90.369025,23.894343]],[[90.375662,23.894332],[90.375465,23.894271],[90.375368,23.894242]],[[90.375368,23.894242],[90.375662,23.894332]],[[90.376129,23.894662],[90.375662,23.894332]],[[90.37676,23.895224],[90.376653,23.895129],[90.376129,23.894662]],[[90.376129,23.894662],[90.37676,23.895224]],[[90.377996,23.896511],[90.37676,23.895224]],[[90.378323,23.896699],[90.378207,23.896632],[90.377996,23.896511]],[[90.377996,23.896511],[90.378323,23.896699]],[[90.384478,23.896666],[90.383052,23.897327],[90.380884,23.897754],[90.378323,23.896699]],[[90.384858,23.896406],[90.384526,23.896633],[90.384478,23.896666]],[[90.384478,23.896666],[90.384858,23.896406]],[[90.385203,23.896077],[90.384858,23.896406]],[[90.386256,23.89463],[90.385824,23.895223],[90.385203,23.896077]],[[90.385203,23.896077],[90.386256,23.89463]],[[90.387052,23.893764],[90.386256,23.89463]],[[90.387541,23.89319],[90.38749,23.89325],[90.387052,23.893764]],[[90.387052,23.893764],[90.387541,23.89319]],[[90.388072,23.892359],[90.387541,23.89319]],[[90.388512,23.891298],[90.388277,23.891864],[90.388072,23.892359]],[[90.388072,23.892359],[90.388512,23.891298]],[[90.388512,23.891298],[90.39127,23.883239],[90.392138,23.880114],[90.392466,23.879689],[90.393066,23.879558],[90.395659,23.879745],[90.400049,23.880717],[90.400424,23.880668],[90.40136,23.87973],[90.40115,23.877466],[90.400411,23.874581]]]},"id":"45","properties":{"Actual Bus":40,"Alingment":"Uttara Diabari ? House Building ? Abdullahpur ? Kamarpara ? Dhour ? Beribadh ? Diabari Mor ? Mazar Road ? Mirpur-1 ? Technical ? Shyamoli ? Asad Gate ? Mohammadpur Bus Stand ? Basila Bridge ? Ghatarchar","Average OS":12.74178735,"Average TS":15.85118908,"B-A":1050,"Bus No":80,"Bus Type":"Non-AC","Capacity":54,"First A":6,"Headway":13,"Last B":23.5,"Length":38.9066,"No of  R T":4.64,"No of Trip":9.27,"Operation ":94.36666667,"Operator":"Best Shatabdi Transport Ltd.","Permitted ":29,"Route_ID":"A-414","Seat No":36,"Serial_no":47,"TB Actual":0.0,"TB BRTA":14251.58954,"TB PD":14251.58954,"TBPDPT":4240,"Total B/A":53,"Travel Tim":75.85550797},"type":"Feature"},{"geometry":{"type":"LineString","coordinates":[[90.432388,23.709535],[90.430794,23.709143],[90.429024,23.709089],[90.427505,23.70952],[90.426468,23.710222],[90.425819,23.710016],[90.424171,23.710218],[90.422447,23.709225],[90.420151,23.708466],[90.418831,23.709707],[90.418533,23.71031],[90.417313,23.7108],[90.414513,23.712421],[90.413231,23.713743],[90.411026,23.713697],[90.408157,23.714558],[90.407143,23.714457],[90.405165,23.713772],[90.404394,23.713458],[90.403585,23.712877],[90.402497,23.710133],[90.402072,23.709518]]},"id":"46","properties":{"Actual Bus":61,"Alingment":"Jatrabari ? Dayaganj Road ? Dhupkhola ? Ray Saheb Bazar ? Nayabazar / Tantibazar ? Babubazar","Average OS":13.63021275,"Average TS":11.21547854,"B-A":900,"Bus No":30,"Bus Type":"Non-AC","Capacity":54,"First A":7,"Headway":30,"Last B":22.0,"Length":3.74357,"No of  R T":23.94,"No of Trip":47.87,"Operation ":15.66666668,"Operator":"Bahadurshah Paribahan","Permitted ":0,"Route_ID":"N09","Seat No":36,"Serial_no":48,"TB Actual":0.0,"TB BRTA":0.0,"TB PD":0.0,"TBPDPT":990,"Total B/A":33,"Travel Tim":19.03975824},"type":"Feature"},{"geometry":{"type":"LineString","coordinates":[[90.420159,23.708399],[90.422805,23.70926],[90.424105,23.710201],[90.419346,23.718441],[90.417718,23.720957],[90.416366,23.722004],[90.414463,23.722854],[90.414656,23.72498],[90.412038,23.724868],[90.412096,23.72757],[90.410533,23.727717],[90.410144,23.730121],[90.405233,23.729902],[90.404904,23.73048],[90.404405,23.732575],[90.403698,23.73369],[90.402128,23.733959],[90.400904,23.734609],[90.399242,23.737464],[90.397505,23.738105],[90.39587,23.738104],[90.388604,23.73905],[90.383523,23.738841],[90.383196,23.739521],[90.379083,23.73871],[90.376057,23.738396],[90.37394,23.742352],[90.36724,23.752234],[90.361577,23.757042],[90.360971,23.757117],[90.360047,23.756946],[90.35889,23.756559],[90.356586,23.756108],[90.355045,23.754155],[90.353815,23.750144],[90.352083,23.746774],[90.351564,23.746415],[90.347529,23.745016],[90.343909,23.74155],[90.342613,23.739783],[90.341775,23.737849],[90.341053,23.736836],[90.338549,23.734966],[90.335353,23.733551]]},"id":"47","properties":{"Actual Bus":33,"Alingment":"Ghatarchar ? Mohammadpur (Bus Stand) ? Shankar ? Dhanmondi-15 ? Jigatola ? Dhaka City College ? Science Laboratory ? Shahbagh ? Press Club ? Bangabandhu Avenue ? Dhupkhola","Average OS":9.667526029,"Average TS":17.70694585,"B-A":960,"Bus No":76,"Bus Type":"Non-AC","Capacity":54,"First A":6,"Headway":13,"Last B":22.0,"Length":14.0921,"No of  R T":5.95,"No of Trip":11.9,"Operation ":67.23333333,"Operator":"Malancha Transport / Various Owners","Permitted ":44,"Route_ID":"A-161","Seat No":36,"Serial_no":49,"TB Actual":0.0,"TB BRTA":58637.58057,"TB PD":58637.58057,"TBPDPT":8512,"Total B/A":112,"Travel Tim":36.70762907},"type":"Feature"},{"geometry":{"type":"LineString","coordinates":[[90.347225,23.81234],[90.347413,23.812079],[90.348188,23.811666],[90.349968,23.809932],[90.351311,23.807366],[90.351696,23.805309],[90.351969,23.804789],[90.355266,23.799876],[90.364461,23.805655],[90.365697,23.806319],[90.36856,23.807097],[90.377903,23.785306],[90.380496,23.77726],[90.382397,23.770631],[90.383353,23.765153],[90.388992,23.764433],[90.389357,23.761065],[90.389759,23.759192],[90.393298,23.749834],[90.395738,23.742737],[90.396104,23.740887],[90.39587,23.738104],[90.397505,23.738105],[90.39896,23.737663],[90.399596,23.736968],[90.400904,23.734609],[90.402128,23.733959],[90.403698,23.73369],[90.404405,23.732575],[90.404904,23.73048],[90.405233,23.729902],[90.410144,23.730121],[90.41051,23.727797],[90.411985,23.72761],[90.412105,23.727402],[90.411895,23.723007],[90.414413,23.7229],[90.416753,23.721754],[90.417518,23.721156],[90.418705,23.719746],[90.420617,23.716561],[90.421356,23.716161],[90.422641,23.71589],[90.423791,23.715212],[90.425578,23.714451],[90.430089,23.711454],[90.434731,23.710025],[90.450438,23.702729],[90.468976,23.693799],[90.470909,23.693255],[90.472936,23.693008],[90.474675,23.693025],[90.480658,23.693723]]},"id":"48","properties":{"Actual Bus":29,"Alingment":"Zoo ? Sony Cinema Hall ? Mirpur-10 ? Kazipara ? Shewrapara ? Farmgate ? Shahbagh ? Paltan ? GPO ? Ahad Box ? Mayor Hanif Flyover ? Signboard","Average OS":6.271874999,"Average TS":8.996960601,"B-A":990,"Bus No":50,"Bus Type":"Non-AC","Capacity":54,"First A":6,"Headway":20,"Last B":22.5,"Length":22.6536,"No of  R T":10.18,"No of Trip":20.35,"Operation ":40.53333334,"Operator":"Somoy Transport Co. Ltd.","Permitted ":11,"Route_ID":"A-412","Seat No":36,"Serial_no":50,"TB Actual":31283.51151,"TB BRTA":11866.15954,"TB PD":11866.15954,"TBPDPT":2650,"Total B/A":53,"Travel Tim":28.2562091},"type":"Feature"},{"geometry":{"type":"LineString","coordinates":[[90.389167,23.663358],[90.390862,23.663528],[90.392146,23.664396],[90.405144,23.674913],[90.40384,23.677732],[90.403407,23.680346],[90.401807,23.687349],[90.400373,23.690837],[90.398465,23.696562],[90.397517,23.701587],[90.397934,23.703068],[90.399005,23.704942],[90.401163,23.708018],[90.402854,23.710784],[90.403476,23.71281],[90.404732,23.713586],[90.406816,23.714369],[90.408008,23.714582],[90.408602,23.714485],[90.408759,23.718157],[90.409975,23.720024],[90.410421,23.721176],[90.410782,23.722935],[90.410732,23.726622],[90.410144,23.730121],[90.405233,23.729902],[90.404904,23.73048],[90.404405,23.732575],[90.403698,23.73369],[90.402128,23.733959],[90.400904,23.734609],[90.399596,23.736968],[90.39896,23.737663],[90.397505,23.738105],[90.39587,23.738104],[90.388524,23.739064],[90.383491,23.738843],[90.382006,23.744554],[90.371098,23.763491],[90.36734,23.773144],[90.366303,23.774383],[90.365603,23.774954],[90.360832,23.778217],[90.359734,23.77869],[90.356282,23.779247],[90.351813,23.781569],[90.353944,23.785371],[90.353785,23.791168],[90.353299,23.798554],[90.355266,23.799876],[90.351969,23.804789],[90.351696,23.805309],[90.351311,23.807366],[90.349968,23.809932],[90.348188,23.811666],[90.347413,23.812079],[90.347225,23.81234]]},"id":"49","properties":{"Actual Bus":47,"Alingment":"Mirpur (Zoo) ? Mirpur-1 ? Ansar Camp ? Farmgate ? Golap Shah Mazar (outbound) ? Fulbaria (inbound) ? Nayabazar ? Buriganga Bridge No. 2 ? Keraniganj (New Jail)","Average OS":9.347368421,"Average TS":15.48290091,"B-A":990,"Bus No":56,"Bus Type":"Non-AC","Capacity":54,"First A":7,"Headway":18,"Last B":23.5,"Length":22.0504,"No of  R T":3.47,"No of Trip":6.95,"Operation ":118.75,"Operator":"Dishari Paribahan","Permitted ":63,"Route_ID":"A-264","Seat No":36,"Serial_no":51,"TB Actual":67403.36842,"TB BRTA":55148.21053,"TB PD":55148.21053,"TBPDPT":7056,"Total B/A":126,"Travel Tim":71.69199145},"type":"Feature"},{"geometry":{"type":"LineString","coordinates":[[90.480371,23.693904],[90.484056,23.69443],[90.490373,23.695054],[90.492624,23.695527],[90.494959,23.695598],[90.506929,23.697074],[90.509311,23.697947],[90.509677,23.698283],[90.51073,23.698518],[90.512073,23.699199],[90.515346,23.701808],[90.51649,23.702493],[90.519298,23.704867],[90.520404,23.705521],[90.522244,23.705825],[90.523739,23.705399],[90.525662,23.704038],[90.539373,23.693137],[90.541036,23.692399],[90.546529,23.690675],[90.547124,23.690162],[90.553297,23.68336],[90.561667,23.668124],[90.561407,23.668133],[90.56156,23.667666],[90.564497,23.662422],[90.566672,23.660783],[90.570288,23.658875],[90.577735,23.65389],[90.587136,23.648323],[90.587586,23.648302],[90.589142,23.646613],[90.592781,23.63983]]},"id":"50","properties":{"Actual Bus":77,"Alingment":"Signboard ? Chittagong Road ? Kanchpur ? Madanpur ? Mograpara Bus Stand / Sonargaon","Average OS":21.09555896,"Average TS":28.26091502,"B-A":930,"Bus No":31,"Bus Type":"Non-AC","Capacity":54,"First A":7,"Headway":30,"Last B":22.5,"Length":15.3047,"No of  R T":8.9,"No of Trip":17.8,"Operation ":43.53333333,"Operator":"Insaf","Permitted ":0,"Route_ID":"N17","Seat No":36,"Serial_no":52,"TB Actual":0.0,"TB BRTA":0.0,"TB PD":0.0,"TBPDPT":2449,"Total B/A":79,"Travel Tim":32.49576312},"type":"Feature"},{"geometry":{"type":"LineString","coordinates":[[90.258481,23.913512],[90.263248,23.909843],[90.26701,23.905548],[90.268269,23.903612],[90.271589,23.893644],[90.272531,23.885089],[90.273317,23.874367],[90.272661,23.86996],[90.271928,23.868281],[90.270582,23.866154],[90.269186,23.86462],[90.265648,23.861515],[90.263501,23.860072],[90.262607,23.858998],[90.259685,23.853698],[90.257082,23.846609],[90.256532,23.844614],[90.256662,23.843101],[90.259023,23.83491],[90.259062,23.832995],[90.257492,23.821194],[90.257328,23.812496],[90.257598,23.811499],[90.260036,23.807232],[90.2622,23.802971],[90.263711,23.797919],[90.265538,23.795656],[90.26707,23.79451],[90.268134,23.793947],[90.270193,23.793306],[90.27284,23.793317],[90.281343,23.794977],[90.285367,23.795239],[90.288997,23.795268],[90.291153,23.795059],[90.293218,23.794649],[90.302028,23.792284],[90.312707,23.790124],[90.316425,23.7898],[90.323214,23.790071],[90.325148,23.78949],[90.328706,23.786771],[90.329553,23.786326],[90.338649,23.783122],[90.33937,23.783029],[90.342051,23.783208],[90.346279,23.783053],[90.348904,23.782669],[90.35182,23.781649],[90.354399,23.780214],[90.357133,23.77905],[90.360859,23.7782],[90.36447,23.775798],[90.367217,23.773303],[90.370674,23.764624],[90.373036,23.760191],[90.369121,23.760077],[90.366443,23.759681],[90.363877,23.758537],[90.36162,23.756963],[90.36724,23.752234],[90.37394,23.742352],[90.376057,23.738396],[90.379083,23.73871],[90.383196,23.739521],[90.383644,23.738843],[90.388604,23.73905],[90.39587,23.738104],[90.397505,23.738105],[90.399242,23.737464],[90.400904,23.734609],[90.402128,23.733959],[90.403698,23.73369],[90.403792,23.735932],[90.404137,23.737433],[90.408812,23.737517],[90.412708,23.742693],[90.414276,23.744169],[90.412173,23.745698],[90.412383,23.746177],[90.412624,23.749574],[90.423075,23.767795],[90.429573,23.76457],[90.432658,23.763416],[90.436553,23.762681],[90.444358,23.762087],[90.446868,23.759022],[90.448458,23.756338],[90.450076,23.754611],[90.454364,23.75081],[90.466596,23.7485],[90.469639,23.748166],[90.470822,23.747559],[90.476276,23.743134],[90.483283,23.736816],[90.490553,23.719706],[90.497863,23.721768],[90.503166,23.722015]]},"id":"51","properties":{"Actual Bus":51,"Alingment":"Demra (Bridge) ? Demra Staff Quarter ? Meradia (New Road) ? Rampura (Banasree) ? Mouchak ? Malibagh ? Kakrail ? Matsya Bhaban ? Shahbagh ? Science Lab ? Kalabagan ? Asad Gate ? Shyamoli ? Gabtoli ? Savar ? Nabinagar","Average OS":8.749066959,"Average TS":11.02482215,"B-A":1020,"Bus No":56,"Bus Type":"Non-AC","Capacity":54,"First A":6,"Headway":18,"Last B":23.0,"Length":49.3986,"No of  R T":4.0,"No of Trip":8.0,"Operation ":106.2833333,"Operator":"Ramzan Ali Enterprise","Permitted ":39,"Route_ID":"A-377","Seat No":36,"Serial_no":53,"TB Actual":79535.04783,"TB BRTA":60820.91893,"TB PD":60820.91893,"TBPDPT":10920,"Total B/A":195,"Travel Tim":84.34421776},"type":"Feature"},{"geometry":{"type":"LineString","coordinates":[[90.410739,23.722959],[90.410727,23.725966],[90.410135,23.730228],[90.410173,23.73391],[90.41041,23.737178],[90.408812,23.737517],[90.412708,23.742693],[90.414276,23.744169],[90.407954,23.748883],[90.406431,23.749293],[90.4036,23.748854],[90.40057,23.753596],[90.398944,23.756837],[90.401175,23.770796],[90.40101,23.771926],[90.400323,23.773135],[90.398961,23.774942],[90.398182,23.778415],[90.402625,23.804896],[90.40439,23.814926],[90.404681,23.81578],[90.405754,23.816583],[90.407119,23.817042],[90.411669,23.816857],[90.419476,23.822043],[90.420426,23.824281],[90.420674,23.825478],[90.418689,23.836325],[90.4176,23.83924],[90.416786,23.840403],[90.400753,23.85999],[90.400244,23.860833],[90.399885,23.862536],[90.40062,23.873277],[90.400534,23.875292],[90.401316,23.878592],[90.401149,23.879677],[90.400424,23.880668],[90.400953,23.881238],[90.400222,23.886001],[90.40122,23.889079],[90.401944,23.892213],[90.40194,23.892716],[90.401658,23.893373],[90.400127,23.895015],[90.398896,23.89725],[90.399215,23.903835],[90.398438,23.907541],[90.391832,23.92261],[90.38575,23.937238],[90.381367,23.948433],[90.38065,23.960856],[90.380095,23.965574],[90.380705,23.97754],[90.375978,23.977427],[90.371993,23.977517],[90.370397,23.979346],[90.365032,23.984717],[90.359521,23.988812],[90.358078,23.989647],[90.354968,23.990371],[90.353403,23.99123],[90.349101,23.994889],[90.340668,24.00318],[90.338406,24.005223],[90.33578,24.007433],[90.334265,24.008249],[90.327444,24.009963],[90.312203,24.012032],[90.293274,24.023458],[90.28437,24.022863],[90.266388,24.029771],[90.259541,24.034962],[90.251817,24.041182],[90.248191,24.042161],[90.235311,24.049855],[90.232187,24.053893],[90.226812,24.056756],[90.225001,24.059494],[90.223654,24.064322],[90.222562,24.06539],[90.221313,24.067037],[90.220345,24.069061],[90.219414,24.069336],[90.21618,24.069303],[90.213777,24.069603],[90.21275,24.070326],[90.209273,24.078748]]},"id":"52","properties":{"Actual Bus":18,"Alingment":"Fulbaria ? Paltan ? Moghbazar ? Mohakhali ? Kakoli ? Airport ? Azampur ? Tongi ? Kaliakair","Average OS":14.5476082,"Average TS":26.96004852,"B-A":990,"Bus No":68,"Bus Type":"Non-AC","Capacity":54,"First A":6,"Headway":15,"Last B":22.5,"Length":53.7673,"No of  R T":1.82,"No of Trip":3.64,"Operation ":226.8166667,"Operator":"Probhati Banasree Paribahan","Permitted ":52,"Route_ID":"A-221","Seat No":36,"Serial_no":54,"TB Actual":47837.75443,"TB BRTA":25912.11698,"TB PD":25912.11698,"TBPDPT":9316,"Total B/A":137,"Travel Tim":122.3899875},"type":"Feature"},{"geometry":{"type":"LineString","coordinates":[[90.361958,23.892089],[90.363798,23.89306],[90.366652,23.893411],[90.369025,23.894343],[90.37311,23.893908],[90.375102,23.894134],[90.376129,23.894662],[90.377996,23.896511],[90.380066,23.897512],[90.380884,23.897754],[90.383052,23.897327],[90.384478,23.896666],[90.385203,23.896077],[90.388072,23.892359],[90.39127,23.883239],[90.392138,23.880114],[90.392466,23.879689],[90.393066,23.879558],[90.395659,23.879745],[90.400795,23.880782],[90.401286,23.879511],[90.401316,23.878592],[90.400534,23.875292],[90.40062,23.873277],[90.399885,23.862536],[90.400244,23.860833],[90.400753,23.85999],[90.4176,23.83924],[90.418689,23.836325],[90.41999,23.829039],[90.420341,23.82783],[90.420646,23.825521],[90.421431,23.824503],[90.421307,23.822244],[90.420784,23.820799],[90.420258,23.820194],[90.420885,23.818562],[90.421093,23.817306],[90.421338,23.809542],[90.421897,23.805861],[90.423554,23.797729],[90.425652,23.785909],[90.42586,23.78318],[90.425623,23.779185],[90.425799,23.77432],[90.425571,23.7725],[90.424594,23.770283],[90.423075,23.767795],[90.42317,23.767665],[90.425025,23.766901],[90.429573,23.76457],[90.432658,23.763416],[90.436553,23.762681],[90.444358,23.762087],[90.446868,23.759022],[90.448458,23.756338],[90.450076,23.754611],[90.454364,23.75081],[90.466596,23.7485],[90.469639,23.748166],[90.470822,23.747559],[90.476276,23.743134],[90.483283,23.736816],[90.490553,23.719706],[90.497949,23.721709],[90.50573,23.722081],[90.513485,23.725115],[90.513797,23.72511],[90.513606,23.724587],[90.513697,23.723853],[90.519671,23.707786],[90.521691,23.705887],[90.522545,23.705834],[90.524307,23.705054],[90.539573,23.692837],[90.54587,23.690806],[90.546716,23.690409]]},"id":"53","properties":{"Actual Bus":70,"Alingment":"Dhour ? Abdullahpur ? Airport ? Kuril ? Badda ? Rampura ? Meradia ? Amulia Road ? Staff Quarter ? Sultana Kamal Bridge ? Tarabo Bishwaroad ? Kanchpur ? Madanpur","Average OS":12.39109909,"Average TS":16.36280339,"B-A":930,"Bus No":47,"Bus Type":"Non-AC","Capacity":54,"First A":7,"Headway":20,"Last B":22.5,"Length":36.1773,"No of  R T":2.86,"No of Trip":5.72,"Operation ":135.5666667,"Operator":"Asmani Paribahan Ltd.","Permitted ":54,"Route_ID":"A-362","Seat No":36,"Serial_no":55,"TB Actual":51622.2031,"TB BRTA":39822.84239,"TB PD":39822.84239,"TBPDPT":6063,"Total B/A":129,"Travel Tim":102.6608925},"type":"Feature"},{"geometry":{"type":"MultiLineString","coordinates":[[[90.256532,23.844614],[90.256574,23.844826]],[[90.256532,23.844614],[90.256533,23.843641],[90.256533,23.843641]],[[90.256533,23.843641],[90.256532,23.844614]],[[90.256662,23.843101],[90.256632,23.843226],[90.256533,23.843641]],[[90.256533,23.843641],[90.256662,23.843101]],[[90.256574,23.844826],[90.256623,23.845077],[90.256695,23.845443]],[[90.256695,23.845443],[90.256574,23.844826]],[[90.256662,23.843101],[90.256662,23.843101],[90.257132,23.841507]],[[90.257132,23.841507],[90.256662,23.843101]],[[90.256695,23.845443],[90.256833,23.845859],[90.257082,23.846609]],[[90.257082,23.846609],[90.256695,23.845443]],[[90.257082,23.846609],[90.257378,23.847415]],[[90.258305,23.837536],[90.257155,23.84143],[90.257132,23.841507]],[[90.257132,23.841507],[90.258305,23.837536]],[[90.257288,23.813022],[90.257288,23.813022]],[[90.257288,23.813022],[90.257328,23.812496]],[[90.257328,23.812496],[90.257288,23.813022]],[[90.257288,23.813022],[90.257289,23.813199],[90.257294,23.813823]],[[90.257294,23.813823],[90.257288,23.813022]],[[90.257318,23.814696],[90.257294,23.813823],[90.257294,23.813823]],[[90.257294,23.813823],[90.257318,23.814696]],[[90.257378,23.847415],[90.257392,23.847454],[90.257507,23.847767]],[[90.257507,23.847767],[90.257378,23.847415]],[[90.257318,23.814696],[90.257492,23.821194],[90.257692,23.822588]],[[90.257598,23.811499],[90.257328,23.812496]],[[90.257507,23.847767],[90.257813,23.848599]],[[90.259241,23.808623],[90.257637,23.811432],[90.257598,23.811499]],[[90.257598,23.811499],[90.259241,23.808623]],[[90.257692,23.822588],[90.258237,23.826558],[90.258533,23.828721]],[[90.258533,23.828721],[90.257692,23.822588]],[[90.257813,23.848599],[90.258862,23.851457],[90.259685,23.853698]],[[90.259685,23.853698],[90.257813,23.848599]],[[90.25883,23.835758],[90.258409,23.837182],[90.258305,23.837536]],[[90.258305,23.837536],[90.25883,23.835758]],[[90.258532,23.913553],[90.258459,23.913361],[90.261121,23.911569]],[[90.258533,23.828721],[90.258737,23.830205]],[[90.258737,23.830205],[90.25901,23.832544],[90.259062,23.832995]],[[90.259062,23.832995],[90.258737,23.830205]],[[90.258851,23.835685],[90.25883,23.835758]],[[90.259059,23.833173],[90.259023,23.83491],[90.258851,23.835685]],[[90.258851,23.835685],[90.259023,23.83491],[90.259059,23.833173]],[[90.259062,23.832995],[90.259059,23.833136],[90.259059,23.833173]],[[90.259059,23.833173],[90.259062,23.832995]],[[90.259422,23.808307],[90.259416,23.808317],[90.259241,23.808623]],[[90.259241,23.808623],[90.259422,23.808307]],[[90.261121,23.911569],[90.259507,23.912656]],[[90.260036,23.807232],[90.259506,23.80816],[90.259422,23.808307]],[[90.259422,23.808307],[90.260036,23.807232]],[[90.259685,23.853698],[90.260272,23.854752],[90.261395,23.856771]],[[90.261395,23.856771],[90.259685,23.853698]],[[90.2622,23.802971],[90.261555,23.804241],[90.260036,23.807232]],[[90.260036,23.807232],[90.2622,23.802971]],[[90.268269,23.903612],[90.26701,23.905548],[90.264768,23.908214],[90.263248,23.909843],[90.261121,23.911569]],[[90.261395,23.856771],[90.262231,23.858307],[90.262328,23.858486]],[[90.262328,23.858486],[90.261395,23.856771]],[[90.262526,23.801977],[90.262202,23.802966],[90.2622,23.802971]],[[90.2622,23.802971],[90.262526,23.801977]],[[90.262328,23.858486],[90.262385,23.858591],[90.262607,23.858998]],[[90.262607,23.858998],[90.262328,23.858486]],[[90.262607,23.858998],[90.263501,23.860072],[90.264,23.860369]],[[90.262961,23.800354],[90.262552,23.801878],[90.262526,23.801977]],[[90.262526,23.801977],[90.262961,23.800354]],[[90.263399,23.798692],[90.262964,23.800339],[90.262961,23.800354]],[[90.262961,23.800354],[90.263399,23.798692]],[[90.264599,23.796687],[90.263711,23.797919],[90.263399,23.798692]],[[90.265648,23.861515],[90.264,23.860369]],[[90.264,23.860369],[90.265648,23.861515],[90.265648,23.861515]],[[90.265538,23.795656],[90.264803,23.796463],[90.264599,23.796687]],[[90.264599,23.796687],[90.265538,23.795656]],[[90.265648,23.861515],[90.266629,23.862341],[90.266771,23.862461]],[[90.266771,23.862461],[90.265648,23.861515]],[[90.266427,23.794992],[90.26594,23.795355],[90.265538,23.795656]],[[90.265538,23.795656],[90.266427,23.794992]],[[90.268134,23.793947],[90.266427,23.794992]],[[90.266771,23.862461],[90.26789,23.863461],[90.268741,23.864222]],[[90.268741,23.864222],[90.266771,23.862461]],[[90.270714,23.896297],[90.268269,23.903612]],[[90.268269,23.903612],[90.268919,23.901669],[90.270714,23.896297]],[[90.268982,23.793622],[90.268735,23.793717],[90.268134,23.793947]],[[90.268134,23.793947],[90.268982,23.793622]],[[90.268741,23.864222],[90.270582,23.866154]],[[90.270582,23.866154],[90.269186,23.86462],[90.268741,23.864222]],[[90.270193,23.793306],[90.268982,23.793622]],[[90.271193,23.793241],[90.270652,23.793276],[90.270193,23.793306]],[[90.270193,23.793306],[90.271193,23.793241]],[[90.271928,23.868281],[90.270582,23.866154]],[[90.270582,23.866154],[90.270835,23.866555],[90.271928,23.868281]],[[90.271589,23.893644],[90.271242,23.894697],[90.270714,23.896297]],[[90.270714,23.896297],[90.271589,23.893644]],[[90.271193,23.793241],[90.271193,23.793241],[90.27148,23.793222]],[[90.27148,23.793222],[90.271193,23.793241]],[[90.272069,23.889285],[90.271589,23.893644]],[[90.271574,23.793229],[90.27148,23.793222]],[[90.27284,23.793317],[90.272224,23.793274],[90.271816,23.793245],[90.271601,23.79323],[90.271574,23.793229]],[[90.271574,23.793229],[90.27284,23.793317]],[[90.271928,23.868281],[90.272387,23.869331],[90.272661,23.86996]],[[90.272661,23.86996],[90.271928,23.868281]],[[90.272275,23.887412],[90.272148,23.888565],[90.272069,23.889285]],[[90.272069,23.889285],[90.272275,23.887412]],[[90.272531,23.885089],[90.272275,23.887412]],[[90.272668,23.883218],[90.272541,23.884953],[90.272531,23.885089]],[[90.272531,23.885089],[90.272668,23.883218]],[[90.272668,23.883218],[90.272668,23.883218],[90.2727,23.88278],[90.2727,23.88278]],[[90.2727,23.88278],[90.272668,23.883218]],[[90.272661,23.86996],[90.272768,23.870556],[90.272936,23.871488]],[[90.272936,23.871488],[90.272661,23.86996]],[[90.273317,23.874367],[90.272989,23.878845],[90.2727,23.88278]],[[90.2727,23.88278],[90.273317,23.874367]],[[90.272936,23.871488],[90.273075,23.872264]],[[90.272997,23.793346],[90.27284,23.793317]],[[90.273075,23.872264],[90.273234,23.873646],[90.273317,23.874367]],[[90.273317,23.874367],[90.273075,23.872264]],[[90.274465,23.793621],[90.273025,23.793351],[90.272997,23.793346]],[[90.272997,23.793346],[90.274465,23.793621]],[[90.27535,23.793787],[90.274864,23.793696],[90.274465,23.793621]],[[90.274465,23.793621],[90.27535,23.793787]],[[90.276034,23.793923],[90.275545,23.793826],[90.27535,23.793787]],[[90.27535,23.793787],[90.276034,23.793923]],[[90.281343,23.794977],[90.278733,23.794459],[90.276034,23.793923]],[[90.276034,23.793923],[90.281343,23.794977]],[[90.283471,23.795141],[90.281343,23.794977]],[[90.283828,23.795159],[90.283586,23.795147],[90.283471,23.795141]],[[90.283471,23.795141],[90.283828,23.795159]],[[90.285367,23.795239],[90.283828,23.795159]],[[90.283828,23.795159],[90.284532,23.795196],[90.285367,23.795239]],[[90.285367,23.795239],[90.2874,23.795306]],[[90.2874,23.795306],[90.287388,23.795306],[90.285367,23.795239]],[[90.291153,23.795059],[90.2874,23.795306]],[[90.293218,23.794649],[90.291187,23.795052],[90.291153,23.795059]],[[90.291153,23.795059],[90.293218,23.794649]],[[90.296202,23.793825],[90.294374,23.79433],[90.293218,23.794649]],[[90.293218,23.794649],[90.296202,23.793825]],[[90.302028,23.792284],[90.299484,23.792957],[90.296202,23.793825]],[[90.296202,23.793825],[90.302028,23.792284]],[[90.3024,23.792209],[90.302028,23.792284]],[[90.304192,23.791852],[90.302996,23.792091],[90.3024,23.792209]],[[90.3024,23.792209],[90.304192,23.791852]],[[90.308459,23.791001],[90.304192,23.791852]],[[90.308949,23.7909],[90.308662,23.79096],[90.308459,23.791001]],[[90.308459,23.791001],[90.308949,23.7909]],[[90.311127,23.790451],[90.308949,23.7909]],[[90.312707,23.790124],[90.311296,23.790416],[90.311127,23.790451]],[[90.311127,23.790451],[90.312707,23.790124]],[[90.314408,23.789976],[90.314354,23.789981],[90.312707,23.790124]],[[90.312707,23.790124],[90.314408,23.789976]],[[90.316566,23.789806],[90.314408,23.789976]],[[90.321375,23.790001],[90.318323,23.789877],[90.316566,23.789806]],[[90.316566,23.789806],[90.321375,23.790001]],[[90.322147,23.790031],[90.321375,23.790001]],[[90.323214,23.790071],[90.322311,23.790037],[90.322147,23.790031]],[[90.322147,23.790031],[90.323214,23.790071]],[[90.325148,23.78949],[90.323214,23.790071]],[[90.327275,23.787907],[90.32619,23.788715],[90.325148,23.78949]],[[90.325148,23.78949],[90.327275,23.787907]],[[90.327381,23.787823],[90.327275,23.787907]],[[90.329553,23.786326],[90.32905,23.786591],[90.328706,23.786771],[90.327381,23.787823]],[[90.327381,23.787823],[90.328706,23.786771],[90.329553,23.786326]],[[90.331993,23.785476],[90.331341,23.785703],[90.329553,23.786326]],[[90.329553,23.786326],[90.331993,23.785476]],[[90.332028,23.785464],[90.331993,23.785476]],[[90.333293,23.785032],[90.332915,23.785161],[90.332028,23.785464]],[[90.332028,23.785464],[90.333293,23.785032]],[[90.33568,23.784176],[90.333293,23.785032]],[[90.333293,23.785032],[90.334008,23.784788],[90.33568,23.784176]],[[90.337003,23.783691],[90.33568,23.784176]],[[90.338599,23.78314],[90.337003,23.783691]],[[90.337003,23.783691],[90.337378,23.783561],[90.338599,23.78314]],[[90.339527,23.783054],[90.338599,23.78314]],[[90.340931,23.783133],[90.3406,23.783114],[90.34031,23.783098],[90.340016,23.783081],[90.339527,23.783054]],[[90.339527,23.783054],[90.340931,23.783133]],[[90.341587,23.78317],[90.340931,23.783133]],[[90.341587,23.78317],[90.342634,23.783255],[90.342634,23.783255]],[[90.342634,23.783255],[90.341587,23.78317]],[[90.343716,23.783342],[90.343006,23.783285],[90.342634,23.783255]],[[90.342634,23.783255],[90.343716,23.783342]],[[90.344454,23.783292],[90.344222,23.783308],[90.343716,23.783342]],[[90.343716,23.783342],[90.344454,23.783292]],[[90.344738,23.783255],[90.344454,23.783292]],[[90.347052,23.782952],[90.346072,23.78308],[90.344738,23.783255]],[[90.344738,23.783255],[90.347052,23.782952]],[[90.349234,23.782611],[90.347052,23.782952]],[[90.350123,23.782356],[90.350076,23.782369],[90.349234,23.782611]],[[90.349234,23.782611],[90.350123,23.782356]],[[90.351388,23.781759],[90.350123,23.782356]],[[90.350123,23.782356],[90.350193,23.782323],[90.351388,23.781759]],[[90.351388,23.781759],[90.351798,23.781566]],[[90.351798,23.781566],[90.351628,23.781646],[90.351388,23.781759]],[[90.351895,23.781525],[90.351813,23.781569],[90.351798,23.781566]],[[90.351798,23.781566],[90.351813,23.781569],[90.351874,23.781537],[90.351895,23.781525]],[[90.352495,23.781206],[90.352341,23.781288],[90.351895,23.781525]],[[90.351895,23.781525],[90.352495,23.781206]],[[90.352631,23.781134],[90.352543,23.781181],[90.352495,23.781206]],[[90.352495,23.781206],[90.352631,23.781134]],[[90.353886,23.780466],[90.353561,23.780639],[90.352631,23.781134]],[[90.352631,23.781134],[90.353886,23.780466]],[[90.354081,23.78037],[90.353886,23.780466]],[[90.354399,23.780214],[90.354299,23.780264],[90.354081,23.78037]],[[90.354081,23.78037],[90.354399,23.780214]],[[90.354762,23.780036],[90.354735,23.780049],[90.354399,23.780214]],[[90.354399,23.780214],[90.354762,23.780036]],[[90.354762,23.780036],[90.354883,23.779977]],[[90.354883,23.779977],[90.354837,23.78],[90.354762,23.780036]],[[90.35493,23.779954],[90.354883,23.779977]],[[90.355348,23.779749],[90.355068,23.779886],[90.35493,23.779954]],[[90.35493,23.779954],[90.355348,23.779749]],[[90.356282,23.779247],[90.355353,23.779746],[90.355348,23.779749]],[[90.355348,23.779749],[90.356282,23.779247]],[[90.356717,23.779104],[90.356282,23.779247]],[[90.357974,23.77894],[90.357367,23.779019],[90.356717,23.779104]],[[90.356717,23.779104],[90.357974,23.77894]],[[90.359216,23.778786],[90.358563,23.778867],[90.357974,23.77894]],[[90.357974,23.77894],[90.359216,23.778786]],[[90.359734,23.77869],[90.35965,23.778705],[90.359216,23.778786]],[[90.359216,23.778786],[90.359734,23.77869]],[[90.360307,23.778499],[90.359734,23.77869]],[[90.360789,23.778241],[90.360522,23.778384],[90.360307,23.778499]],[[90.360307,23.778499],[90.360789,23.778241]],[[90.361608,23.777738],[90.360789,23.778241]],[[90.362371,23.777244],[90.361983,23.777496],[90.361608,23.777738]],[[90.361608,23.777738],[90.362371,23.777244]],[[90.362371,23.777244],[90.362682,23.777038]],[[90.362682,23.777038],[90.362547,23.77713],[90.362371,23.777244]],[[90.363099,23.776753],[90.362682,23.777038]],[[90.362682,23.777038],[90.362906,23.776885],[90.363099,23.776753]],[[90.363168,23.776706],[90.363099,23.776753]],[[90.363432,23.776525],[90.363168,23.776706]],[[90.363168,23.776706],[90.363254,23.776647],[90.363432,23.776525]],[[90.364194,23.776004],[90.363432,23.776525]],[[90.364625,23.77571],[90.364252,23.775965],[90.364194,23.776004]],[[90.364194,23.776004],[90.364625,23.77571]],[[90.364625,23.77571],[90.364625,23.77571]],[[90.364625,23.77571],[90.364625,23.77571],[90.364625,23.77571]],[[90.365577,23.774974],[90.365103,23.77534],[90.364625,23.77571]],[[90.364625,23.77571],[90.365577,23.774974]],[[90.365577,23.774974],[90.365624,23.774936]],[[90.365624,23.774936],[90.365603,23.774954],[90.365577,23.774974]],[[90.3658,23.774793],[90.365645,23.774919],[90.365624,23.774936]],[[90.365624,23.774936],[90.3658,23.774793]],[[90.366303,23.774383],[90.366209,23.774459],[90.3658,23.774793]],[[90.3658,23.774793],[90.366303,23.774383]],[[90.366902,23.773732],[90.366725,23.773924],[90.366303,23.774383]],[[90.366303,23.774383],[90.366902,23.773732]],[[90.366902,23.773732],[90.367065,23.773507],[90.367066,23.773507]],[[90.367066,23.773507],[90.366902,23.773732]],[[90.367156,23.773383],[90.367091,23.773472],[90.367066,23.773507]],[[90.367066,23.773507],[90.367156,23.773383]],[[90.367162,23.773375],[90.367156,23.773383]],[[90.367322,23.773166],[90.367162,23.773375]],[[90.367162,23.773375],[90.367319,23.77317],[90.367322,23.773166]],[[90.367343,23.773135],[90.367322,23.773166]],[[90.367343,23.773135],[90.367538,23.772639],[90.367538,23.772639]],[[90.367538,23.772639],[90.367343,23.773135]],[[90.367581,23.772528],[90.367538,23.772637],[90.367538,23.772639]],[[90.367538,23.772639],[90.367581,23.772528]],[[90.367641,23.772375],[90.367581,23.772528]],[[90.367724,23.772166],[90.367717,23.772184],[90.367641,23.772375]],[[90.367641,23.772375],[90.367724,23.772166]],[[90.367912,23.771692],[90.367742,23.77212],[90.367724,23.772166]],[[90.367724,23.772166],[90.367912,23.771692]],[[90.367952,23.771591],[90.367916,23.771681],[90.367912,23.771692]],[[90.367912,23.771692],[90.367952,23.771591]],[[90.368155,23.771078],[90.36802,23.771418],[90.367952,23.771591]],[[90.367952,23.771591],[90.368155,23.771078]],[[90.368155,23.771078],[90.368191,23.770985],[90.368408,23.770439]],[[90.368408,23.770439],[90.368155,23.771078]],[[90.368408,23.770439],[90.368423,23.770401],[90.368423,23.770401]],[[90.368423,23.770401],[90.368408,23.770439]],[[90.36878,23.7695],[90.368647,23.769835],[90.368423,23.770401]],[[90.368423,23.770401],[90.36878,23.7695]],[[90.368913,23.769163],[90.368897,23.769202],[90.36878,23.7695]],[[90.36878,23.7695],[90.368913,23.769163]],[[90.368939,23.769097],[90.368918,23.769149],[90.368913,23.769163]],[[90.368913,23.769163],[90.368939,23.769097]],[[90.368939,23.769097],[90.368939,23.769096],[90.368939,23.769096]],[[90.368939,23.769096],[90.368939,23.769097]],[[90.369151,23.76856],[90.369076,23.76875],[90.368939,23.769096]],[[90.368939,23.769096],[90.369151,23.76856]],[[90.369207,23.768418],[90.369151,23.76856]],[[90.369913,23.76663],[90.369207,23.768418]],[[90.369207,23.768418],[90.369561,23.767521],[90.369913,23.76663]],[[90.369922,23.766607],[90.369914,23.766628],[90.369913,23.76663]],[[90.369913,23.76663],[90.369922,23.766607]],[[90.369922,23.766607],[90.369928,23.766592],[90.369966,23.766496]],[[90.369966,23.766496],[90.369922,23.766607]],[[90.369974,23.766474],[90.369966,23.766496]],[[90.370308,23.765593],[90.369974,23.766474]],[[90.369974,23.766474],[90.370036,23.766311],[90.370308,23.765593]],[[90.370308,23.765593],[90.370308,23.765593],[90.370674,23.764624]],[[90.370674,23.764624],[90.370308,23.765593]],[[90.371036,23.763656],[90.370674,23.764624]],[[90.370674,23.764624],[90.370834,23.764202],[90.371036,23.763656]],[[90.371098,23.763491],[90.371036,23.763656]],[[90.371363,23.763018],[90.371239,23.763239],[90.371098,23.763491]],[[90.371098,23.763491],[90.371363,23.763018]],[[90.371626,23.762548],[90.371363,23.763018]],[[90.371699,23.762418],[90.371626,23.762548]],[[90.371626,23.762548],[90.371633,23.762536],[90.371699,23.762418]],[[90.371985,23.761908],[90.371816,23.76221],[90.371699,23.762418]],[[90.371699,23.762418],[90.371985,23.761908]],[[90.371985,23.761908],[90.372342,23.761273]],[[90.372342,23.761273],[90.372262,23.761416],[90.371985,23.761908]],[[90.372342,23.761273],[90.372342,23.761273]],[[90.372681,23.760785],[90.372342,23.761273]],[[90.372342,23.761273],[90.372359,23.761247],[90.372681,23.760785]],[[90.372712,23.76074],[90.372681,23.760785]],[[90.372681,23.760785],[90.372704,23.760751],[90.372712,23.76074]],[[90.373184,23.759927],[90.372712,23.76074]],[[90.373184,23.759927],[90.373403,23.759531]],[[90.373403,23.759531],[90.373395,23.759547],[90.373184,23.759927]],[[90.373542,23.759282],[90.373485,23.759385],[90.373403,23.759531]],[[90.373403,23.759531],[90.373542,23.759282]],[[90.373542,23.759282],[90.373601,23.759175],[90.373601,23.759175]],[[90.373601,23.759175],[90.373542,23.759282]],[[90.373988,23.758477],[90.373601,23.759175]],[[90.373601,23.759175],[90.373917,23.758606],[90.373988,23.758477]],[[90.42901,23.71925],[90.428808,23.72234],[90.428412,23.738638],[90.428115,23.739237],[90.427492,23.739828],[90.426937,23.740725],[90.426598,23.744288],[90.42515,23.744128],[90.422906,23.743345],[90.421371,23.742134],[90.420159,23.740654],[90.419898,23.739998],[90.411062,23.746456],[90.409689,23.747648],[90.407973,23.748876],[90.40736,23.74909],[90.405259,23.749199],[90.399406,23.747203],[90.394691,23.745937],[90.389832,23.759031],[90.374228,23.758237],[90.373988,23.758477]],[[90.42901,23.71925],[90.42901,23.719251],[90.42901,23.71925],[90.42901,23.71925]],[[90.480658,23.693723],[90.474675,23.693025],[90.472936,23.693008],[90.470909,23.693255],[90.468976,23.693799],[90.450438,23.702729],[90.434731,23.710025],[90.430089,23.711454],[90.42853,23.712496],[90.428442,23.712778],[90.429266,23.716159],[90.4292,23.717301],[90.42901,23.71925]]]},"id":"54","properties":{"Actual Bus":72,"Alingment":"Signboard ? Jatrabari ? Sayedabad ? Mugda ? Khilgaon Flyover ? Rajarbagh ? Moghbazar ? Bangla Motor ? Farmgate ? Asad Gate ? Kallyanpur ? Gabtoli ? Savar ? Nabinagar","Average OS":9.608737133,"Average TS":17.89126876,"B-A":1020,"Bus No":90,"Bus Type":"Non-AC","Capacity":54,"First A":6,"Headway":11,"Last B":23.0,"Length":63.426,"No of  R T":3.2,"No of Trip":6.4,"Operation ":132.7666667,"Operator":"M. M. Lovely Paribahan (Pvt.) Ltd.","Permitted ":39,"Route_ID":"A-421","Seat No":36,"Serial_no":56,"TB Actual":0.0,"TB BRTA":36953.5526,"TB PD":36953.5526,"TBPDPT":13320,"Total B/A":148,"Travel Tim":71.30405436},"type":"Feature"},{"geometry":{"type":"LineString","coordinates":[[90.415846,23.772622],[90.416432,23.772484],[90.4172,23.772915],[90.4178,23.772889],[90.418156,23.772582],[90.418598,23.771616],[90.41971,23.770815],[90.420735,23.770781],[90.421508,23.771312],[90.421934,23.771251],[90.422887,23.770378],[90.422978,23.77012],[90.422309,23.768231],[90.421962,23.76805],[90.419559,23.768154],[90.416861,23.768552],[90.415884,23.768396],[90.41473,23.767649],[90.412434,23.765387],[90.410827,23.76166],[90.410532,23.760583],[90.410031,23.760443],[90.408225,23.761374],[90.408037,23.761745],[90.410613,23.764405],[90.41108,23.765502],[90.410574,23.766251],[90.408878,23.76759],[90.4087,23.7682],[90.408827,23.768554],[90.409149,23.768803],[90.409686,23.7689],[90.411059,23.768475],[90.411934,23.768559],[90.412542,23.769228],[90.412872,23.771037],[90.413107,23.771417],[90.414312,23.772059],[90.415846,23.772622]]},"id":"55","properties":{"Actual Bus":13,"Alingment":"Police Plaza ? Badda ? Rampura ? Mahanagar ? Bow Bazar ? Kunipara ? Niketan","Average OS":13.22217393,"Average TS":17.68320698,"B-A":900,"Bus No":90,"Bus Type":"Non-AC","Capacity":54,"First A":8,"Headway":10,"Last B":23.0,"Length":5.18982,"No of  R T":24.46,"No of Trip":48.91,"Operation ":15.33333331,"Operator":"Hatirjheel Circular Bus","Permitted ":0,"Route_ID":"1B","Seat No":36,"Serial_no":57,"TB Actual":0.0,"TB BRTA":0.0,"TB PD":0.0,"TBPDPT":3510,"Total B/A":39,"Travel Tim":11.46511491},"type":"Feature"},{"geometry":{"type":"LineString","coordinates":[[90.361958,23.892089],[90.363798,23.89306],[90.366652,23.893411],[90.369025,23.894343],[90.37311,23.893908],[90.375102,23.894134],[90.376129,23.894662],[90.377996,23.896511],[90.380066,23.897512],[90.380884,23.897754],[90.383052,23.897327],[90.384478,23.896666],[90.385203,23.896077],[90.388072,23.892359],[90.39127,23.883239],[90.392138,23.880114],[90.392466,23.879689],[90.393066,23.879558],[90.395659,23.879745],[90.400049,23.880717],[90.400655,23.880495],[90.401149,23.879677],[90.401316,23.878592],[90.400534,23.875292],[90.40054,23.871745],[90.399885,23.862536],[90.400244,23.860833],[90.400753,23.85999],[90.4176,23.83924],[90.418689,23.836325],[90.41999,23.829039],[90.420341,23.82783],[90.420646,23.825521],[90.420895,23.825137],[90.42053,23.824678],[90.419972,23.82303],[90.419174,23.821873],[90.415614,23.819272],[90.411838,23.816984],[90.406433,23.81694],[90.405499,23.816528],[90.404569,23.81549],[90.403998,23.81282],[90.400365,23.79046],[90.398373,23.779309],[90.398085,23.778731],[90.397345,23.778099],[90.393286,23.775909],[90.392541,23.775664],[90.38996,23.77529],[90.390149,23.773352],[90.389257,23.768631],[90.388715,23.768276],[90.38868,23.768101],[90.388808,23.767156],[90.388693,23.764839],[90.388353,23.764762],[90.383572,23.76541],[90.382806,23.770225],[90.381426,23.774973],[90.381433,23.776634],[90.381079,23.777028],[90.380496,23.77726],[90.380599,23.776786],[90.367162,23.773375],[90.365577,23.774974],[90.361069,23.773366],[90.359216,23.770611],[90.358552,23.769126],[90.358501,23.767403],[90.358921,23.762423]]},"id":"56","properties":{"Actual Bus":66,"Alingment":"Japan Garden City ? Shyamoli ? Agargaon ? Mohakhali ? Kakoli ? Airport ? Uttara ? Dhour","Average OS":12.35,"Average TS":19.40562977,"B-A":960,"Bus No":54,"Bus Type":"Non-AC","Capacity":54,"First A":7,"Headway":18,"Last B":23.0,"Length":26.0658,"No of  R T":4.12,"No of Trip":8.23,"Operation ":97.2,"Operator":"Messrs. Bhuiya Enterprise","Permitted ":50,"Route_ID":"A-294","Seat No":36,"Serial_no":58,"TB Actual":0.0,"TB BRTA":42798.35391,"TB PD":42798.35391,"TBPDPT":5616,"Total B/A":104,"Travel Tim":61.85936837},"type":"Feature"},{"geometry":{"type":"LineString","coordinates":[[90.49056,23.719708],[90.483283,23.736816],[90.476276,23.743134],[90.470822,23.747559],[90.469639,23.748166],[90.466596,23.7485],[90.454364,23.75081],[90.450076,23.754611],[90.448458,23.756338],[90.446868,23.759022],[90.444358,23.762087],[90.436553,23.762681],[90.432658,23.763416],[90.429573,23.76457],[90.425025,23.766901],[90.42317,23.767665],[90.423075,23.767795],[90.425296,23.771659],[90.425571,23.7725],[90.425799,23.77432],[90.425623,23.779185],[90.425904,23.784267],[90.425504,23.78726],[90.425381,23.787258],[90.425796,23.784215],[90.425547,23.780627],[90.421754,23.780856],[90.420393,23.780616],[90.41711,23.780504],[90.416333,23.780321],[90.408178,23.780232],[90.404889,23.780702],[90.398706,23.780983],[90.398373,23.779309],[90.398085,23.778731],[90.397345,23.778099],[90.392887,23.775742],[90.38996,23.77529],[90.390149,23.773352],[90.389257,23.768631],[90.388715,23.768276],[90.38868,23.768101],[90.388808,23.767156],[90.388693,23.764839],[90.388353,23.764762],[90.383572,23.76541],[90.382806,23.770225],[90.381426,23.774973],[90.381433,23.776634],[90.381079,23.777028],[90.380496,23.77726],[90.377903,23.785306],[90.36856,23.807097],[90.365697,23.806319],[90.364461,23.805655],[90.353356,23.798642],[90.353283,23.797334],[90.353785,23.791168],[90.353944,23.785371],[90.351798,23.781566],[90.350123,23.782356],[90.349116,23.782645],[90.344454,23.783292],[90.338649,23.783122],[90.329553,23.786326],[90.328706,23.786771],[90.325148,23.78949],[90.323214,23.790071],[90.316425,23.7898],[90.312707,23.790124],[90.302028,23.792284],[90.293218,23.794649],[90.291153,23.795059],[90.2874,23.795306],[90.281343,23.794977],[90.27284,23.793317],[90.27148,23.793222],[90.270193,23.793306],[90.268982,23.793622],[90.26707,23.79451],[90.265538,23.795656],[90.263711,23.797919],[90.2622,23.802971],[90.260036,23.807232],[90.257598,23.811499],[90.257328,23.812496],[90.257492,23.821194],[90.259062,23.832995],[90.259023,23.83491],[90.258851,23.835685],[90.256533,23.843641],[90.256695,23.845443],[90.257507,23.847767]]},"id":"57","properties":{"Actual Bus":38,"Alingment":"Savar ? Gabtoli ? Technical ? Mirpur-1 ? Stadium ? Mirpur-10 ? Shewrapara ? Agargaon ? Mohakhali ? Gulshan-1 ? Badda Link Road ? TV Center ? Banasree ? Amulia Staff Quarter","Average OS":11.52745381,"Average TS":17.5425577,"B-A":870,"Bus No":120,"Bus Type":"Non-AC","Capacity":54,"First A":8,"Headway":7,"Last B":22.5,"Length":41.992,"No of  R T":2.85,"No of Trip":5.7,"Operation ":127.1833333,"Operator":"Alif Enterprise","Permitted ":66,"Route_ID":"A-202","Seat No":36,"Serial_no":59,"TB Actual":197075.3505,"TB BRTA":48533.48185,"TB PD":48533.48185,"TBPDPT":15480,"Total B/A":129,"Travel Tim":83.57390213},"type":"Feature"},{"geometry":{"type":"MultiLineString","coordinates":[[[90.358552,23.769126],[90.358501,23.767403]],[[90.35859,23.766277],[90.358508,23.767304],[90.358501,23.767403]],[[90.358501,23.767403],[90.35859,23.766277]],[[90.358856,23.769931],[90.358691,23.769593],[90.358552,23.769126]],[[90.358552,23.769126],[90.358856,23.769931]],[[90.358621,23.765877],[90.35859,23.766277]],[[90.35859,23.766277],[90.358664,23.765335]],[[90.358621,23.765877],[90.358619,23.765905]],[[90.358664,23.765335],[90.358621,23.765877]],[[90.358738,23.764479],[90.358664,23.765335]],[[90.358664,23.765335],[90.359007,23.762369]],[[90.358856,23.769931],[90.35902,23.770269],[90.359094,23.770398],[90.359216,23.770611]],[[90.359216,23.770611],[90.358856,23.769931]],[[90.359216,23.770611],[90.359529,23.771077],[90.36062,23.772701]],[[90.36062,23.772701],[90.359216,23.770611]],[[90.361069,23.773366],[90.36062,23.772701]],[[90.363335,23.774272],[90.361069,23.773366]],[[90.361069,23.773366],[90.362503,23.773913],[90.363335,23.774272]],[[90.365534,23.774919],[90.363335,23.774272]],[[90.380599,23.776786],[90.367162,23.773375],[90.366303,23.774383],[90.365577,23.774974],[90.365534,23.774919]],[[90.365534,23.774919],[90.365545,23.774933]],[[90.381476,23.776374],[90.381433,23.776634],[90.381348,23.776823],[90.381233,23.776911],[90.380599,23.776786]],[[90.380599,23.776786],[90.380616,23.776726]],[[90.381476,23.776374],[90.381476,23.776379],[90.381477,23.776369],[90.381476,23.776374]],[[90.431238,23.763899],[90.429573,23.76457],[90.423075,23.767795],[90.424594,23.770283],[90.425571,23.7725],[90.425799,23.77432],[90.425644,23.780686],[90.421754,23.780856],[90.420393,23.780616],[90.41711,23.780504],[90.416333,23.780321],[90.408178,23.780232],[90.404889,23.780702],[90.398706,23.780983],[90.398373,23.779309],[90.398085,23.778731],[90.397345,23.778099],[90.392887,23.775742],[90.38996,23.77529],[90.390149,23.773352],[90.388679,23.765203],[90.388334,23.764911],[90.384003,23.765549],[90.383529,23.765927],[90.382806,23.770225],[90.381426,23.774973],[90.381529,23.776057],[90.381476,23.776374]]]},"id":"58","properties":{"Actual Bus":51,"Alingment":"Banasree ? Rampura ? Badda Link Road ? Gulshan-1 ? Mohakhali ? Agargaon Link Road ? Shishu Mela ? Shyamoli ? Ring Road ? Mohammadpur Shia Mosque","Average OS":12.62099448,"Average TS":16.25726532,"B-A":870,"Bus No":35,"Bus Type":"Non-AC","Capacity":54,"First A":8,"Headway":25,"Last B":22.5,"Length":13.8845,"No of  R T":3.34,"No of Trip":6.68,"Operation ":108.6,"Operator":"Alif Enterprise","Permitted ":23,"Route_ID":"A-141","Seat No":36,"Serial_no":60,"TB Actual":227220.0737,"TB BRTA":19500.2302,"TB PD":19500.2302,"TBPDPT":4445,"Total B/A":127,"Travel Tim":84.30938247},"type":"Feature"},{"geometry":{"type":"LineString","coordinates":[[90.410659,23.770105],[90.410984,23.77012],[90.411604,23.771225],[90.41569,23.773111],[90.416175,23.773681],[90.417045,23.785409],[90.416745,23.787641],[90.416228,23.789866],[90.414732,23.794006],[90.41422,23.794852]]},"id":"59","properties":{"Actual Bus":20,"Alingment":"Gulshan-2 ? Gulshan-1 ? Police Plaza ? GMG Mor","Average OS":15.16858006,"Average TS":14.55480821,"B-A":1020,"Bus No":0,"Bus Type":"AC","Capacity":54,"First A":6,"Headway":0,"Last B":23.0,"Length":3.11946,"No of  R T":25.68,"No of Trip":51.36,"Operation ":16.55,"Operator":"Gulshan Chaka Ltd. (AC Bus Service)","Permitted ":20,"Route_ID":"A-470","Seat No":36,"Serial_no":61,"TB Actual":0.0,"TB BRTA":36978.85196,"TB PD":36978.85196,"TBPDPT":0,"Total B/A":36,"Travel Tim":17.24790848},"type":"Feature"},{"geometry":{"type":"MultiLineString","coordinates":[[[90.420357,23.822361],[90.419939,23.822564],[90.419805,23.822922],[90.420408,23.825003],[90.420323,23.826149],[90.418713,23.835755],[90.417799,23.838574],[90.41677,23.840206],[90.414788,23.842837],[90.400826,23.859687],[90.400104,23.861089],[90.399842,23.863193],[90.400451,23.872018],[90.400393,23.874924],[90.401074,23.877722],[90.400906,23.877722]],[[90.420357,23.822361],[90.420883,23.823588],[90.42115,23.825199],[90.421568,23.825614],[90.421904,23.825225],[90.421565,23.824331],[90.421398,23.822617],[90.421006,23.822301],[90.420357,23.822361]],[[90.421658,23.726584],[90.420082,23.727479],[90.416776,23.727989],[90.41598,23.727796],[90.415857,23.727606],[90.415624,23.727746],[90.415183,23.727716],[90.415214,23.725901],[90.414691,23.725218],[90.413603,23.724769],[90.411927,23.724869],[90.412035,23.727424],[90.41045,23.727589],[90.410101,23.729728],[90.409984,23.731958],[90.410295,23.737174],[90.408715,23.737467],[90.412166,23.742116],[90.413993,23.743992],[90.413987,23.744253],[90.412335,23.745528],[90.412539,23.749424],[90.424714,23.770593],[90.425411,23.77217],[90.425962,23.774812],[90.425529,23.779317],[90.425776,23.784605],[90.425062,23.789357],[90.421369,23.808582],[90.420976,23.817581],[90.420672,23.818906],[90.419614,23.821101],[90.419729,23.821499],[90.420357,23.822361]]]},"id":"60","properties":{"Actual Bus":17,"Alingment":"Motijheel / Shapla Chattar / Bangladesh Bank ? RAJUK ? Gulistan ? Zero Point / GPO Box ? Paltan ? Bijoynagar ? Kakrail ? Malibagh Mor ? Rampura ? Badda ? Natun Bazar ? Kuril ? Khilkhet ? Airport ? Jasim Uddin ? Azampur ? Abdullahpur","Average OS":10.78839646,"Average TS":14.5266166,"B-A":930,"Bus No":16,"Bus Type":"AC","Capacity":54,"First A":7,"Headway":58,"Last B":22.5,"Length":20.7882,"No of  R T":3.75,"No of Trip":7.49,"Operation ":103.4166666,"Operator":"Green Dhaka (AC)","Permitted ":0,"Route_ID":"N11","Seat No":36,"Serial_no":62,"TB Actual":0.0,"TB BRTA":0.0,"TB PD":0.0,"TBPDPT":320,"Total B/A":20,"Travel Tim":76.80384434},"type":"Feature"},{"geometry":{"type":"LineString","coordinates":[[90.412015,23.725003],[90.411895,23.723007],[90.414413,23.7229],[90.416753,23.721754],[90.417518,23.721156],[90.418705,23.719746],[90.420407,23.716871],[90.421004,23.716324],[90.422641,23.71589],[90.423791,23.715212],[90.425578,23.714451],[90.430282,23.711359],[90.434731,23.710025],[90.450438,23.702729],[90.466725,23.694806],[90.468976,23.693799],[90.470909,23.693255],[90.472936,23.693008],[90.474675,23.693025],[90.505227,23.696679],[90.50848,23.697514],[90.512211,23.699082],[90.519861,23.705155],[90.520469,23.705547],[90.52148,23.705901],[90.522545,23.705834],[90.524307,23.705054],[90.539573,23.692837],[90.54587,23.690806],[90.5467,23.69038],[90.532904,23.665367],[90.528986,23.645584],[90.518782,23.60695],[90.518608,23.604843],[90.519486,23.60061],[90.519508,23.599598],[90.519227,23.598862],[90.518655,23.598076],[90.516407,23.596624]]},"id":"61","properties":{"Actual Bus":103,"Alingment":"Madanganj ? Gulistan. Listed stop in source: Sayedabad","Average OS":14.66272561,"Average TS":27.61515189,"B-A":990,"Bus No":39,"Bus Type":"Non-AC","Capacity":54,"First A":6,"Headway":25,"Last B":22.5,"Length":26.9258,"No of  R T":6.47,"No of Trip":12.95,"Operation ":63.71666667,"Operator":"Shravan Transport","Permitted ":23,"Route_ID":"A-234","Seat No":36,"Serial_no":63,"TB Actual":0.0,"TB BRTA":24419.82736,"TB PD":24419.82736,"TBPDPT":3198,"Total B/A":82,"Travel Tim":33.83142717},"type":"Feature"},{"geometry":{"type":"MultiLineString","coordinates":[[[90.335232,23.732679],[90.336198,23.733108],[90.336569,23.733977],[90.340179,23.736096],[90.341053,23.736836],[90.341775,23.737849],[90.342613,23.739783],[90.343909,23.74155],[90.347185,23.744733],[90.348236,23.745354],[90.351564,23.746415],[90.352083,23.746774],[90.353815,23.750144],[90.355045,23.754155],[90.356586,23.756108],[90.361034,23.75711],[90.361602,23.757032],[90.36724,23.752234],[90.37394,23.742352],[90.376057,23.738396],[90.379083,23.73871],[90.383196,23.739521],[90.383644,23.738843],[90.388604,23.73905],[90.39587,23.738104],[90.397505,23.738105],[90.39896,23.737663],[90.399596,23.736968],[90.400904,23.734609],[90.402128,23.733959],[90.403698,23.73369],[90.404405,23.732575],[90.404904,23.73048],[90.405233,23.729902],[90.410144,23.730121],[90.410732,23.726622],[90.410777,23.723391]],[[90.410777,23.723391],[90.410778,23.723265]],[[90.410777,23.723391],[90.410781,23.723079],[90.414413,23.7229],[90.416753,23.721754],[90.417518,23.721156],[90.418705,23.719746],[90.420617,23.716561],[90.421356,23.716161],[90.422641,23.71589],[90.423791,23.715212],[90.425578,23.714451],[90.430089,23.711454],[90.434731,23.710025],[90.450438,23.702729],[90.466725,23.694806],[90.468976,23.693799],[90.470909,23.693255],[90.472936,23.693008],[90.474675,23.693025],[90.505227,23.696679],[90.50848,23.697514],[90.512211,23.699082],[90.520469,23.705547],[90.52148,23.705901],[90.522545,23.705834],[90.523361,23.705541],[90.524307,23.705054],[90.539573,23.692837],[90.54587,23.690806],[90.546659,23.69042],[90.548916,23.688203],[90.553313,23.683319],[90.564463,23.662315],[90.56626,23.6609],[90.569291,23.659426],[90.575223,23.655422],[90.588573,23.647168],[90.594675,23.636137]]]},"id":"62","properties":{"Actual Bus":122,"Alingment":"Ghatarchar ? Basila ? Mohammadpur ? Shankar ? Dhanmondi-15 ? Jigatola ? Science Lab ? Shahbagh ? Press Club ? Bangabandhu Avenue ? Gulistan ? Mayor Hanif Flyover ? Shonir Akhra ? Rayerbagh ? Kanchpur ? Sonargaon","Average OS":5.010912285,"Average TS":8.796780492,"B-A":960,"Bus No":50,"Bus Type":"Non-AC","Capacity":54,"First A":6,"Headway":19,"Last B":22.0,"Length":35.282,"No of  R T":2.63,"No of Trip":5.27,"Operation ":151.8166667,"Operator":"Rajanigandha Paribahan (Pvt.) Ltd.","Permitted ":23,"Route_ID":"A-406","Seat No":36,"Serial_no":64,"TB Actual":0.0,"TB BRTA":16725.43638,"TB PD":16725.43638,"TBPDPT":6900,"Total B/A":138,"Travel Tim":86.47936603},"type":"Feature"},{"geometry":{"type":"LineString","coordinates":[[90.391331,23.829619],[90.391739,23.829784],[90.393035,23.829796],[90.395555,23.829598],[90.397862,23.827703],[90.397239,23.825252],[90.39942,23.82199],[90.400345,23.819063],[90.400385,23.818375],[90.400218,23.813808],[90.399249,23.810458],[90.398774,23.806623],[90.398498,23.805725],[90.397836,23.804673],[90.395008,23.801816],[90.394072,23.799933],[90.392532,23.794001],[90.392044,23.791351],[90.391206,23.789078],[90.39096,23.787653],[90.389556,23.78333],[90.389356,23.782014],[90.389472,23.778615],[90.390149,23.773352],[90.389257,23.768631],[90.388924,23.765351],[90.389357,23.761065],[90.389759,23.759192],[90.393298,23.749834],[90.395738,23.742737],[90.396104,23.740887],[90.39587,23.738104],[90.397505,23.738105],[90.39896,23.737663],[90.399596,23.736968],[90.400904,23.734609],[90.402128,23.733959],[90.403698,23.73369],[90.404405,23.732575],[90.404904,23.73048],[90.405233,23.729902],[90.414744,23.730326],[90.415247,23.730237],[90.421381,23.726797],[90.421718,23.726869],[90.421884,23.726545],[90.421602,23.725977],[90.421544,23.721906],[90.421458,23.72166],[90.420337,23.721605],[90.420147,23.720749],[90.420445,23.718675],[90.422156,23.716228],[90.423791,23.715212],[90.42516,23.714636]]},"id":"63","properties":{"Actual Bus":18,"Alingment":"Balughat ? Farmgate ? Press Club ? Shahbagh ? UBL ? Bangladesh Bank ? Sayedabad","Average OS":8.649165488,"Average TS":20.4383769,"B-A":990,"Bus No":39,"Bus Type":"Non-AC","Capacity":54,"First A":6,"Headway":25,"Last B":22.5,"Length":16.1222,"No of  R T":7.0,"No of Trip":14.0,"Operation ":58.91666667,"Operator":"Alaik Trans","Permitted ":21,"Route_ID":"A-137","Seat No":36,"Serial_no":65,"TB Actual":0.0,"TB BRTA":14997.0297,"TB PD":14997.0297,"TBPDPT":1989,"Total B/A":51,"Travel Tim":24.93250821},"type":"Feature"},{"geometry":{"type":"LineString","coordinates":[[90.421844,23.7275],[90.421718,23.726869],[90.421381,23.726797],[90.417727,23.728876],[90.417501,23.728873],[90.416783,23.728035],[90.415611,23.727815],[90.415242,23.727518],[90.415129,23.727357],[90.415116,23.725719],[90.414554,23.725215],[90.413638,23.724839],[90.41212,23.724919],[90.411998,23.724992],[90.412061,23.727513],[90.41051,23.727797],[90.410144,23.730121],[90.405233,23.729902],[90.404904,23.73048],[90.404405,23.732575],[90.403698,23.73369],[90.402128,23.733959],[90.400904,23.734609],[90.399596,23.736968],[90.39896,23.737663],[90.397505,23.738105],[90.39587,23.738104],[90.396104,23.740887],[90.395738,23.742737],[90.393298,23.749834],[90.389759,23.759192],[90.389357,23.761065],[90.388924,23.765351],[90.389257,23.768631],[90.390149,23.773352],[90.389472,23.778615],[90.389356,23.782014],[90.389556,23.78333],[90.39096,23.787653],[90.391206,23.789078],[90.392044,23.791351],[90.392532,23.794001],[90.394072,23.799933],[90.395008,23.801816],[90.397836,23.804673],[90.398498,23.805725],[90.398774,23.806623],[90.399249,23.810458],[90.400218,23.813808],[90.400425,23.818375],[90.40033,23.819274],[90.399916,23.82032],[90.399808,23.820207],[90.400268,23.819221],[90.400141,23.816453],[90.398589,23.816857],[90.398152,23.817195],[90.395334,23.820585],[90.393427,23.822596],[90.391571,23.821565],[90.390016,23.820261],[90.388612,23.819996],[90.385018,23.820593],[90.381937,23.822496],[90.380305,23.823304],[90.377679,23.82293],[90.377224,23.825205],[90.376669,23.83044],[90.376293,23.836831]]},"id":"64","properties":{"Actual Bus":30,"Alingment":"Mirpur DOHS ? Kalsi Mor ? ECB Chattar ? Cantonment Signal Gate ? Workshop ? Farmgate ? Shahbagh ? Gulistan ? Motijheel","Average OS":14.47766497,"Average TS":28.90225658,"B-A":990,"Bus No":59,"Bus Type":"Non-AC","Capacity":54,"First A":6,"Headway":17,"Last B":22.5,"Length":18.3755,"No of  R T":7.85,"No of Trip":15.7,"Operation ":52.53333333,"Operator":"Trust Transport Services","Permitted ":42,"Route_ID":"A-280","Seat No":36,"Serial_no":66,"TB Actual":0.0,"TB BRTA":49468.59137,"TB PD":49468.59137,"TBPDPT":4425,"Total B/A":75,"Travel Tim":26.31490028},"type":"Feature"},{"geometry":{"type":"MultiLineString","coordinates":[[[90.412216,23.723158],[90.413879,23.723083],[90.414925,23.722868],[90.417175,23.7215],[90.418144,23.720566],[90.419533,23.718065],[90.420502,23.716648],[90.420876,23.716364],[90.421455,23.716105],[90.422661,23.715935],[90.424133,23.715034],[90.425735,23.714434],[90.430634,23.711235],[90.434479,23.710246],[90.436592,23.710896],[90.437737,23.71107],[90.440102,23.710851],[90.441643,23.71042],[90.444191,23.710513],[90.459106,23.715459],[90.4637,23.716561],[90.469323,23.71708],[90.474649,23.71782],[90.480393,23.718219],[90.485185,23.718867],[90.490084,23.719764],[90.498194,23.72177],[90.505176,23.721971],[90.50632,23.722157],[90.513667,23.725196],[90.514552,23.726516],[90.518985,23.731149],[90.522358,23.73558],[90.524388,23.739285],[90.525379,23.740292],[90.535733,23.7444],[90.538976,23.745873],[90.541814,23.747541],[90.542394,23.748252],[90.543592,23.750808],[90.544759,23.753955],[90.547696,23.758665],[90.549146,23.761334],[90.551077,23.763721],[90.555373,23.76831],[90.556685,23.769525],[90.557013,23.769881],[90.556976,23.769888]],[[90.556976,23.769888],[90.558699,23.771858],[90.559752,23.773779],[90.561003,23.775265],[90.562506,23.77999],[90.564413,23.78423],[90.565222,23.784839],[90.568106,23.785124],[90.568419,23.785221],[90.568442,23.785382]],[[90.556976,23.769888],[90.556906,23.769899],[90.556914,23.769792],[90.556967,23.769878],[90.556976,23.769888]]]},"id":"65","properties":{"Actual Bus":117,"Alingment":"Gulistan ? Sayedabad Bus Stand ? Jatrabari ? Konapara ? Demra Staff Quarter ? Rupsi ? Bhulta","Average OS":14.64100418,"Average TS":20.9196997,"B-A":930,"Bus No":33,"Bus Type":"Non-AC","Capacity":54,"First A":7,"Headway":28,"Last B":22.5,"Length":20.429,"No of  R T":4.63,"No of Trip":9.26,"Operation ":83.65,"Operator":"Gausia Express","Permitted ":0,"Route_ID":"N03","Seat No":36,"Serial_no":67,"TB Actual":0.0,"TB BRTA":0.0,"TB PD":0.0,"TBPDPT":2013,"Total B/A":61,"Travel Tim":58.54386141},"type":"Feature"},{"geometry":{"type":"LineString","coordinates":[[90.43414,23.710287],[90.435578,23.709786],[90.43937,23.707996],[90.44106,23.70743],[90.443582,23.706172],[90.444375,23.705609],[90.450304,23.702933],[90.467943,23.694404],[90.471622,23.69326],[90.475526,23.693227],[90.479625,23.693833],[90.490242,23.694989],[90.493027,23.695536],[90.494754,23.695529],[90.506548,23.696959],[90.509202,23.697914],[90.509176,23.69806],[90.509665,23.698347],[90.511474,23.699119],[90.511765,23.699024],[90.51213,23.699131],[90.514428,23.700861],[90.519609,23.705184],[90.521144,23.705895],[90.521296,23.706113],[90.519645,23.707816],[90.514486,23.721504],[90.513731,23.723693],[90.513511,23.725068],[90.514401,23.726303],[90.518521,23.730603],[90.520785,23.733491],[90.522462,23.735801],[90.524121,23.738844],[90.525131,23.740018],[90.526622,23.740819],[90.535118,23.744116],[90.538366,23.74555],[90.541112,23.747075],[90.542102,23.747895],[90.543504,23.750528],[90.544894,23.754141],[90.549722,23.762116],[90.555297,23.768176],[90.557919,23.770802],[90.561112,23.775618],[90.562823,23.780857],[90.564698,23.784474]]},"id":"66","properties":{"Actual Bus":116,"Alingment":"Sayedabad Bus Stand ? Jatrabari ? Shonir Akhra ? Rayerbagh ? Matuail ? Signboard ? Chittagong Road ? Kanchpur ? Tarabo Bishwaroad ? Rupsi ? Barpa ? Bhulta (Gausia)","Average OS":8.839867626,"Average TS":15.1853244,"B-A":960,"Bus No":48,"Bus Type":"Non-AC","Capacity":54,"First A":7,"Headway":20,"Last B":23.0,"Length":20.7367,"No of  R T":4.67,"No of Trip":9.34,"Operation ":85.61666668,"Operator":"Nagarik Paribahan","Permitted ":0,"Route_ID":"N14","Seat No":36,"Serial_no":68,"TB Actual":0.0,"TB BRTA":0.0,"TB PD":0.0,"TBPDPT":4560,"Total B/A":95,"Travel Tim":49.84022599},"type":"Feature"},{"geometry":{"type":"MultiLineString","coordinates":[[[90.239243,24.045319],[90.244045,24.020006],[90.245044,24.016171],[90.255702,23.993681],[90.265577,23.971272],[90.274268,23.950633],[90.274236,23.948525],[90.27352,23.946258],[90.258478,23.913435],[90.258459,23.913361],[90.261121,23.911569]],[[90.256574,23.844826],[90.25655,23.844704],[90.256532,23.844614]],[[90.256574,23.844826],[90.256532,23.844614]],[[90.256532,23.844614],[90.256533,23.843641]],[[90.256533,23.843641],[90.25655,23.84357],[90.256632,23.843226]],[[90.256533,23.843641],[90.256632,23.843226]],[[90.256533,23.843641],[90.256662,23.843101]],[[90.256695,23.845443],[90.256623,23.845077],[90.256574,23.844826]],[[90.256695,23.845443],[90.256574,23.844826]],[[90.256632,23.843226],[90.256662,23.843101]],[[90.256662,23.843101],[90.257132,23.841507]],[[90.257082,23.846609],[90.256833,23.845859],[90.256695,23.845443]],[[90.257082,23.846609],[90.256695,23.845443]],[[90.257378,23.847415],[90.257205,23.846945],[90.257082,23.846609]],[[90.257378,23.847415],[90.257082,23.846609]],[[90.257132,23.841507],[90.257155,23.84143]],[[90.257132,23.841507],[90.258305,23.837536]],[[90.257155,23.84143],[90.257391,23.84063],[90.258305,23.837536]],[[90.257155,23.84143],[90.258305,23.837536]],[[90.257294,23.813823],[90.257289,23.813199],[90.257288,23.813022]],[[90.257294,23.813823],[90.257288,23.813022]],[[90.257288,23.813022],[90.257598,23.811499]],[[90.257318,23.814696],[90.257308,23.814329],[90.257294,23.813823]],[[90.257318,23.814696],[90.257294,23.813823]],[[90.257507,23.847767],[90.257392,23.847454],[90.257378,23.847415]],[[90.257507,23.847767],[90.257378,23.847415]],[[90.257492,23.821194],[90.257445,23.819431],[90.257318,23.814696]],[[90.257492,23.821194],[90.257318,23.814696]],[[90.257509,23.847771],[90.257507,23.847767]],[[90.257743,23.84841],[90.257651,23.848159],[90.257509,23.847771]],[[90.257743,23.84841],[90.257509,23.847771]],[[90.257692,23.822588],[90.257492,23.821194]],[[90.257598,23.811499],[90.257637,23.811432],[90.259241,23.808623]],[[90.257598,23.811499],[90.259241,23.808623]],[[90.257827,23.823569],[90.257692,23.822588]],[[90.258533,23.828721],[90.257692,23.822588]],[[90.257813,23.848599],[90.257743,23.84841]],[[90.259685,23.853698],[90.258862,23.851457],[90.257813,23.848599]],[[90.259685,23.853698],[90.257813,23.848599]],[[90.258237,23.826558],[90.258012,23.82492],[90.257827,23.823569]],[[90.258237,23.826558],[90.257827,23.823569]],[[90.258524,23.828651],[90.25833,23.827235],[90.258237,23.826558]],[[90.258524,23.828651],[90.258237,23.826558]],[[90.258305,23.837536],[90.258409,23.837182],[90.25883,23.835758]],[[90.258305,23.837536],[90.25883,23.835758]],[[90.258533,23.828721],[90.258524,23.828651]],[[90.258737,23.830205],[90.258533,23.828721]],[[90.258778,23.830554],[90.258737,23.830205]],[[90.259062,23.832995],[90.258737,23.830205]],[[90.25901,23.832544],[90.258931,23.831868],[90.258778,23.830554]],[[90.25901,23.832544],[90.258778,23.830554]],[[90.25883,23.835758],[90.259023,23.83491],[90.259062,23.832995]],[[90.259062,23.832995],[90.25901,23.832544]],[[90.259241,23.808623],[90.259416,23.808317],[90.259422,23.808307]],[[90.259241,23.808623],[90.259422,23.808307]],[[90.259507,23.912656],[90.261121,23.911569]],[[90.259422,23.808307],[90.259506,23.80816],[90.260036,23.807232]],[[90.259422,23.808307],[90.260036,23.807232]],[[90.261395,23.856771],[90.260272,23.854752],[90.259685,23.853698]],[[90.261395,23.856771],[90.259685,23.853698]],[[90.260036,23.807232],[90.261555,23.804241]],[[90.260036,23.807232],[90.2622,23.802971]],[[90.261121,23.911569],[90.263248,23.909843],[90.264768,23.908214]],[[90.262328,23.858486],[90.262231,23.858307],[90.261395,23.856771]],[[90.262328,23.858486],[90.261395,23.856771]],[[90.261555,23.804241],[90.2618,23.803759],[90.262202,23.802966]],[[90.261555,23.804241],[90.2622,23.802971]],[[90.2622,23.802971],[90.262202,23.802966]],[[90.2622,23.802971],[90.262526,23.801977]],[[90.262202,23.802966],[90.262526,23.801977]],[[90.262607,23.858998],[90.262385,23.858591],[90.262328,23.858486]],[[90.262607,23.858998],[90.262328,23.858486]],[[90.264,23.860369],[90.263501,23.860072],[90.262607,23.858998]],[[90.262526,23.801977],[90.262552,23.801878],[90.262961,23.800354]],[[90.262526,23.801977],[90.262961,23.800354]],[[90.262961,23.800354],[90.262964,23.800339],[90.263399,23.798692]],[[90.262961,23.800354],[90.263399,23.798692]],[[90.263399,23.798692],[90.263426,23.798625],[90.263496,23.798452]],[[90.263399,23.798692],[90.263496,23.798452]],[[90.263496,23.798452],[90.263711,23.797919]],[[90.263711,23.797919],[90.263725,23.797894],[90.264049,23.797356]],[[90.263711,23.797919],[90.264049,23.797356]],[[90.265648,23.861515],[90.264755,23.860894],[90.264,23.860369]],[[90.265648,23.861515],[90.264,23.860369]],[[90.264049,23.797356],[90.264599,23.796687]],[[90.264768,23.908214],[90.265697,23.90711],[90.26701,23.905548]],[[90.264768,23.908214],[90.26701,23.905548]],[[90.264599,23.796687],[90.264803,23.796463],[90.265538,23.795656]],[[90.264599,23.796687],[90.265538,23.795656]],[[90.266771,23.862461],[90.266606,23.862322],[90.265648,23.861515]],[[90.266771,23.862461],[90.265648,23.861515]],[[90.265538,23.795656],[90.265689,23.795543],[90.26594,23.795355]],[[90.265538,23.795656],[90.26594,23.795355]],[[90.265538,23.795656],[90.266427,23.794992]],[[90.392146,23.664396],[90.390862,23.663528],[90.354697,23.659862],[90.353303,23.659194],[90.35171,23.657572],[90.351155,23.655727],[90.350672,23.650975],[90.347872,23.642143],[90.343824,23.630818],[90.34352,23.629392],[90.342907,23.628028],[90.342295,23.627002],[90.317386,23.598834],[90.313317,23.59372],[90.309824,23.587187],[90.305879,23.580421],[90.304332,23.574996],[90.298749,23.564714],[90.298456,23.563072],[90.300115,23.550453],[90.299907,23.54858],[90.29639,23.543436],[90.292513,23.538417],[90.291509,23.536789],[90.290545,23.53383],[90.290195,23.530243],[90.28971,23.529018],[90.289099,23.528285],[90.286072,23.52561],[90.280113,23.51897],[90.279795,23.518323],[90.269653,23.493501],[90.265181,23.473419]],[[90.26594,23.795355],[90.266427,23.794992]],[[90.266427,23.794992],[90.268134,23.793947]],[[90.268741,23.864222],[90.26789,23.863461],[90.266771,23.862461]],[[90.268741,23.864222],[90.266771,23.862461]],[[90.26701,23.905548],[90.268269,23.903612]],[[90.268269,23.903612],[90.268592,23.902646],[90.268919,23.901669]],[[90.268269,23.903612],[90.268919,23.901669]],[[90.268134,23.793947],[90.268592,23.793771],[90.268735,23.793717]],[[90.268134,23.793947],[90.268735,23.793717]],[[90.268134,23.793947],[90.268982,23.793622]],[[90.269186,23.86462],[90.268741,23.864222]],[[90.268919,23.901669],[90.26984,23.898913],[90.270714,23.896297]],[[90.268919,23.901669],[90.270714,23.896297]],[[90.268735,23.793717],[90.268982,23.793622]],[[90.268982,23.793622],[90.269045,23.793606],[90.270193,23.793306]],[[90.268982,23.793622],[90.270193,23.793306]],[[90.269702,23.865187],[90.269186,23.86462]],[[90.270582,23.866154],[90.269186,23.86462]],[[90.270582,23.866154],[90.270155,23.865685],[90.269702,23.865187]],[[90.270582,23.866154],[90.269702,23.865187]],[[90.270193,23.793306],[90.270652,23.793276],[90.271193,23.793241]],[[90.270193,23.793306],[90.271193,23.793241]],[[90.270835,23.866555],[90.270582,23.866154]],[[90.270714,23.896297],[90.271242,23.894697],[90.271589,23.893644]],[[90.270714,23.896297],[90.271589,23.893644]],[[90.271928,23.868281],[90.271597,23.867758],[90.270835,23.866555]],[[90.271928,23.868281],[90.270835,23.866555]],[[90.271193,23.793241],[90.271601,23.79323]],[[90.271589,23.893644],[90.271808,23.891654],[90.271904,23.890781]],[[90.271589,23.893644],[90.271904,23.890781]],[[90.271816,23.793245],[90.27171,23.793238],[90.271601,23.79323]],[[90.271601,23.79323],[90.271816,23.793245]],[[90.271601,23.79323],[90.27284,23.793317]],[[90.271904,23.890781],[90.27193,23.890542],[90.272069,23.889285]],[[90.271904,23.890781],[90.272069,23.889285]],[[90.272661,23.86996],[90.272387,23.869331],[90.271928,23.868281]],[[90.272661,23.86996],[90.271928,23.868281]],[[90.271816,23.793245],[90.272224,23.793274]],[[90.272069,23.889285],[90.272096,23.889035],[90.272148,23.888565]],[[90.272069,23.889285],[90.272148,23.888565]],[[90.272069,23.889285],[90.272275,23.887412]],[[90.272148,23.888565],[90.27219,23.888179],[90.272272,23.887437]],[[90.272148,23.888565],[90.272272,23.887437]],[[90.272272,23.887437],[90.272275,23.887412]],[[90.272275,23.887412],[90.272306,23.887127],[90.272531,23.885089]],[[90.272275,23.887412],[90.272531,23.885089]],[[90.272224,23.793274],[90.272656,23.793304],[90.27284,23.793317]],[[90.272224,23.793274],[90.27284,23.793317]],[[90.272531,23.885089],[90.272541,23.884953]],[[90.272531,23.885089],[90.272668,23.883218]],[[90.272541,23.884953],[90.272629,23.883746],[90.272668,23.883218]],[[90.272541,23.884953],[90.272668,23.883218]],[[90.272668,23.883218],[90.2727,23.88278]],[[90.272936,23.871488],[90.272768,23.870556],[90.272661,23.86996]],[[90.272936,23.871488],[90.272661,23.86996]],[[90.2727,23.88278],[90.273188,23.876136]],[[90.2727,23.88278],[90.273317,23.874367]],[[90.273075,23.872264],[90.272936,23.871488]],[[90.272997,23.793346],[90.272917,23.793331],[90.27284,23.793317]],[[90.27284,23.793317],[90.272997,23.793346]],[[90.273317,23.874367],[90.273234,23.873646],[90.273075,23.872264]],[[90.273317,23.874367],[90.273075,23.872264]],[[90.272997,23.793346],[90.273111,23.793368]],[[90.272997,23.793346],[90.274465,23.793621]],[[90.273188,23.876136],[90.273254,23.875235],[90.273317,23.874367]],[[90.273188,23.876136],[90.273317,23.874367]],[[90.273111,23.793368],[90.273278,23.793399],[90.273546,23.793449]],[[90.273111,23.793368],[90.273546,23.793449]],[[90.273546,23.793449],[90.273927,23.793521]],[[90.274465,23.793621],[90.273997,23.793534],[90.273927,23.793521]],[[90.273927,23.793521],[90.274465,23.793621]],[[90.274465,23.793621],[90.274613,23.793649],[90.274737,23.793672]],[[90.274465,23.793621],[90.274737,23.793672]],[[90.274465,23.793621],[90.27535,23.793787]],[[90.274737,23.793672],[90.27535,23.793787]],[[90.27535,23.793787],[90.275545,23.793826],[90.276034,23.793923]],[[90.27535,23.793787],[90.276034,23.793923]],[[90.277217,23.794158],[90.277021,23.794119],[90.276034,23.793923]],[[90.276034,23.793923],[90.277217,23.794158]],[[90.276034,23.793923],[90.277231,23.794161]],[[90.276034,23.793923],[90.281343,23.794977]],[[90.277217,23.794158],[90.277231,23.794161]],[[90.277231,23.794161],[90.278733,23.794459]],[[90.278733,23.794459],[90.278941,23.7945],[90.279336,23.794579]],[[90.278733,23.794459],[90.279336,23.794579]],[[90.278733,23.794459],[90.279586,23.794628]],[[90.279336,23.794579],[90.279586,23.794628]],[[90.279586,23.794628],[90.279821,23.794675],[90.279903,23.794691]],[[90.279586,23.794628],[90.279903,23.794691]],[[90.280688,23.794847],[90.280208,23.794752],[90.279903,23.794691]],[[90.279903,23.794691],[90.280688,23.794847]],[[90.280688,23.794847],[90.281337,23.794976],[90.281343,23.794977]],[[90.280688,23.794847],[90.281343,23.794977]],[[90.281343,23.794977],[90.281352,23.794978]],[[90.281343,23.794977],[90.283471,23.795141]],[[90.281897,23.79502],[90.281784,23.795011],[90.281352,23.794978]],[[90.281352,23.794978],[90.281897,23.79502]],[[90.281352,23.794978],[90.283471,23.795141]],[[90.281897,23.79502],[90.283471,23.795141]],[[90.283471,23.795141],[90.283586,23.795147],[90.283828,23.795159]],[[90.283471,23.795141],[90.283828,23.795159]],[[90.283828,23.795159],[90.284289,23.795183],[90.284532,23.795196]],[[90.283828,23.795159],[90.284532,23.795196]],[[90.284532,23.795196],[90.284636,23.795201],[90.285367,23.795239]],[[90.284532,23.795196],[90.285367,23.795239]],[[90.285367,23.795239],[90.286698,23.795283],[90.287388,23.795306]],[[90.285367,23.795239],[90.287388,23.795306]],[[90.287388,23.795306],[90.288997,23.795268]],[[90.288997,23.795268],[90.289654,23.795205],[90.291153,23.795059]],[[90.288997,23.795268],[90.291153,23.795059]],[[90.291153,23.795059],[90.292275,23.794837],[90.293218,23.794649]],[[90.291153,23.795059],[90.293218,23.794649]],[[90.293218,23.794649],[90.293325,23.79462]],[[90.293218,23.794649],[90.296202,23.793825]],[[90.293325,23.79462],[90.293343,23.794615],[90.294374,23.79433]],[[90.293325,23.79462],[90.294374,23.79433]],[[90.294943,23.794173],[90.294374,23.79433]],[[90.294374,23.79433],[90.295909,23.793906]],[[90.294943,23.794173],[90.294994,23.794159],[90.295909,23.793906]],[[90.295909,23.793906],[90.294943,23.794173]],[[90.295909,23.793906],[90.296202,23.793825]],[[90.296982,23.793619],[90.296825,23.793661],[90.296202,23.793825]],[[90.296202,23.793825],[90.296982,23.793619]],[[90.296202,23.793825],[90.302028,23.792284]],[[90.296982,23.793619],[90.297509,23.793479]],[[90.297509,23.793479],[90.298177,23.793303],[90.298367,23.793253]],[[90.297509,23.793479],[90.298367,23.793253]],[[90.298367,23.793253],[90.298408,23.793242]],[[90.298625,23.793184],[90.298408,23.793242]],[[90.298408,23.793242],[90.299098,23.793059]],[[90.298625,23.793184],[90.298704,23.793163],[90.299098,23.793059]],[[90.299098,23.793059],[90.298625,23.793184]],[[90.299098,23.793059],[90.299289,23.793009],[90.299484,23.792957]],[[90.299098,23.793059],[90.299484,23.792957]],[[90.299484,23.792957],[90.302028,23.792284]],[[90.3024,23.792209],[90.302205,23.792248],[90.302028,23.792284]],[[90.302028,23.792284],[90.3024,23.792209]],[[90.3024,23.792209],[90.302996,23.792091]],[[90.3024,23.792209],[90.304192,23.791852]],[[90.302996,23.792091],[90.303491,23.791992],[90.303783,23.791934]],[[90.302996,23.792091],[90.303783,23.791934]],[[90.302996,23.792091],[90.304192,23.791852]],[[90.303783,23.791934],[90.304192,23.791852]],[[90.304192,23.791852],[90.304337,23.791823],[90.304929,23.791705]],[[90.304929,23.791705],[90.304192,23.791852]],[[90.304192,23.791852],[90.306721,23.791348]],[[90.306721,23.791348],[90.304929,23.791705]],[[90.306721,23.791348],[90.30698,23.791296],[90.308459,23.791001]],[[90.306721,23.791348],[90.308459,23.791001]],[[90.308459,23.791001],[90.308662,23.79096],[90.308949,23.7909]],[[90.308459,23.791001],[90.308949,23.7909]],[[90.308949,23.7909],[90.309561,23.790774],[90.310619,23.790555]],[[90.308949,23.7909],[90.310619,23.790555]],[[90.310619,23.790555],[90.311127,23.790451]],[[90.311127,23.790451],[90.31124,23.790427],[90.311296,23.790416]],[[90.311127,23.790451],[90.311296,23.790416]],[[90.311127,23.790451],[90.312707,23.790124]],[[90.311296,23.790416],[90.312191,23.790231],[90.312707,23.790124]],[[90.311296,23.790416],[90.312707,23.790124]],[[90.312707,23.790124],[90.313326,23.79007],[90.314408,23.789976]],[[90.312707,23.790124],[90.314408,23.789976]],[[90.314408,23.789976],[90.314658,23.789954],[90.315565,23.789875]],[[90.315565,23.789875],[90.314408,23.789976]],[[90.314408,23.789976],[90.316425,23.7898]],[[90.316425,23.7898],[90.315565,23.789875]],[[90.316425,23.7898],[90.316566,23.789806]],[[90.316566,23.789806],[90.320076,23.789949]],[[90.316566,23.789806],[90.321375,23.790001]],[[90.320076,23.789949],[90.320498,23.789966],[90.321295,23.789998]],[[90.321295,23.789998],[90.320076,23.789949]],[[90.320076,23.789949],[90.321375,23.790001]],[[90.321375,23.790001],[90.321295,23.789998]],[[90.321375,23.790001],[90.322147,23.790031]],[[90.322147,23.790031],[90.322311,23.790037],[90.323214,23.790071]],[[90.322147,23.790031],[90.323214,23.790071]],[[90.323214,23.790071],[90.324363,23.789726],[90.325031,23.789525]],[[90.325031,23.789525],[90.323214,23.790071]],[[90.323214,23.790071],[90.325148,23.78949]],[[90.325148,23.78949],[90.325031,23.789525]],[[90.325148,23.78949],[90.325389,23.789311]],[[90.325148,23.78949],[90.327275,23.787907]],[[90.326125,23.788763],[90.325389,23.789311]],[[90.325389,23.789311],[90.32619,23.788715]],[[90.326125,23.788763],[90.326162,23.788736],[90.32619,23.788715]],[[90.32619,23.788715],[90.326125,23.788763]],[[90.32619,23.788715],[90.327275,23.787907]],[[90.327275,23.787907],[90.327381,23.787823]],[[90.327381,23.787823],[90.328453,23.786972],[90.328706,23.786771]],[[90.327381,23.787823],[90.328706,23.786771]],[[90.328706,23.786771],[90.32905,23.786591]],[[90.328706,23.786771],[90.329553,23.786326]],[[90.32905,23.786591],[90.329202,23.786511],[90.329335,23.786441]],[[90.32905,23.786591],[90.329335,23.786441]],[[90.329335,23.786441],[90.329553,23.786326]],[[90.329553,23.786326],[90.331467,23.785659]],[[90.329553,23.786326],[90.331993,23.785476]],[[90.331467,23.785659],[90.331809,23.78554]],[[90.331467,23.785659],[90.331993,23.785476]],[[90.331809,23.78554],[90.331825,23.785534],[90.331993,23.785476]],[[90.331809,23.78554],[90.331993,23.785476]],[[90.331993,23.785476],[90.332028,23.785464]],[[90.332028,23.785464],[90.332915,23.785161],[90.333293,23.785032]],[[90.332028,23.785464],[90.333293,23.785032]],[[90.333293,23.785032],[90.333549,23.784945],[90.334008,23.784788]],[[90.333293,23.785032],[90.334008,23.784788]],[[90.334008,23.784788],[90.3348,23.784498],[90.33568,23.784176]],[[90.334008,23.784788],[90.33568,23.784176]],[[90.33568,23.784176],[90.336083,23.784028],[90.337003,23.783691]],[[90.33568,23.784176],[90.337003,23.783691]],[[90.337003,23.783691],[90.337378,23.783561]],[[90.338308,23.78324],[90.338036,23.783334],[90.337378,23.783561]],[[90.337378,23.783561],[90.338308,23.78324]],[[90.337378,23.783561],[90.338599,23.78314]],[[90.338308,23.78324],[90.338599,23.78314]],[[90.338599,23.78314],[90.339527,23.783054]],[[90.340016,23.783081],[90.339672,23.783062],[90.339527,23.783054]],[[90.339527,23.783054],[90.340016,23.783081]],[[90.340016,23.783081],[90.34031,23.783098],[90.3406,23.783114]],[[90.340016,23.783081],[90.3406,23.783114]],[[90.3406,23.783114],[90.342634,23.783255]],[[90.342634,23.783255],[90.343006,23.783285],[90.343716,23.783342]],[[90.342634,23.783255],[90.343716,23.783342]],[[90.343716,23.783342],[90.343972,23.783325],[90.344454,23.783292]],[[90.343716,23.783342],[90.344454,23.783292]],[[90.344454,23.783292],[90.344738,23.783255]],[[90.344738,23.783255],[90.346072,23.78308],[90.347052,23.782952]],[[90.344738,23.783255],[90.347052,23.782952]],[[90.347052,23.782952],[90.347765,23.782848]],[[90.347765,23.782848],[90.348026,23.782809],[90.349116,23.782645]],[[90.347765,23.782848],[90.349116,23.782645]],[[90.349116,23.782645],[90.349234,23.782611]],[[90.349234,23.782611],[90.350076,23.782369],[90.350123,23.782356]],[[90.349234,23.782611],[90.350123,23.782356]],[[90.350123,23.782356],[90.350193,23.782323]],[[90.350193,23.782323],[90.350654,23.782105],[90.351388,23.781759]],[[90.350193,23.782323],[90.351388,23.781759]],[[90.351388,23.781759],[90.351895,23.781525]],[[90.351895,23.781525],[90.35202,23.781459],[90.352341,23.781288]],[[90.351895,23.781525],[90.352341,23.781288]],[[90.351895,23.781525],[90.352495,23.781206]],[[90.352341,23.781288],[90.352495,23.781206]],[[90.352495,23.781206],[90.352543,23.781181],[90.352631,23.781134]],[[90.352495,23.781206],[90.352631,23.781134]],[[90.353561,23.780639],[90.352786,23.781051],[90.352631,23.781134]],[[90.352631,23.781134],[90.353561,23.780639]],[[90.352631,23.781134],[90.353886,23.780466]],[[90.353561,23.780639],[90.353886,23.780466]],[[90.353886,23.780466],[90.354081,23.78037]],[[90.354081,23.78037],[90.354299,23.780264],[90.354399,23.780214]],[[90.354081,23.78037],[90.354399,23.780214]],[[90.354399,23.780214],[90.354735,23.780049],[90.354762,23.780036]],[[90.354399,23.780214],[90.354762,23.780036]],[[90.354762,23.780036],[90.35493,23.779954]],[[90.35493,23.779954],[90.355068,23.779886]],[[90.35493,23.779954],[90.355348,23.779749]],[[90.355348,23.779749],[90.355214,23.779814],[90.355068,23.779886]],[[90.355068,23.779886],[90.355348,23.779749]],[[90.355348,23.779749],[90.355353,23.779746],[90.356282,23.779247]],[[90.355348,23.779749],[90.356282,23.779247]],[[90.356717,23.779104],[90.35657,23.779152],[90.356282,23.779247]],[[90.356282,23.779247],[90.356717,23.779104]],[[90.356717,23.779104],[90.357367,23.779019],[90.357974,23.77894]],[[90.356717,23.779104],[90.357974,23.77894]],[[90.357974,23.77894],[90.358563,23.778867],[90.359216,23.778786]],[[90.357974,23.77894],[90.359216,23.778786]],[[90.359216,23.778786],[90.35965,23.778705],[90.359734,23.77869]],[[90.359216,23.778786],[90.359734,23.77869]],[[90.359734,23.77869],[90.360307,23.778499]],[[90.360307,23.778499],[90.360522,23.778384],[90.360789,23.778241]],[[90.360307,23.778499],[90.360789,23.778241]],[[90.360789,23.778241],[90.361608,23.777738]],[[90.361608,23.777738],[90.361983,23.777496],[90.362371,23.777244]],[[90.361608,23.777738],[90.362371,23.777244]],[[90.362371,23.777244],[90.362682,23.777038]],[[90.362682,23.777038],[90.362872,23.776908],[90.362906,23.776885]],[[90.362682,23.777038],[90.362906,23.776885]],[[90.362906,23.776885],[90.363432,23.776525]],[[90.363653,23.776374],[90.363478,23.776494],[90.363432,23.776525]],[[90.363432,23.776525],[90.363653,23.776374]],[[90.363653,23.776374],[90.363686,23.776352],[90.363944,23.776176]],[[90.363653,23.776374],[90.363944,23.776176]],[[90.363944,23.776176],[90.364194,23.776004]],[[90.364194,23.776004],[90.364252,23.775965]],[[90.364194,23.776004],[90.364625,23.77571]],[[90.364252,23.775965],[90.364572,23.775746],[90.364625,23.77571]],[[90.364252,23.775965],[90.364625,23.77571]],[[90.364625,23.77571],[90.365103,23.77534]],[[90.364625,23.77571],[90.365577,23.774974]],[[90.365509,23.775026],[90.365362,23.77514],[90.365103,23.77534]],[[90.365103,23.77534],[90.365509,23.775026]],[[90.365509,23.775026],[90.365577,23.774974]],[[90.365577,23.774974],[90.3658,23.774793]],[[90.3658,23.774793],[90.366209,23.774459],[90.366303,23.774383]],[[90.3658,23.774793],[90.366303,23.774383]],[[90.366303,23.774383],[90.36647,23.774201],[90.366725,23.773924]],[[90.366303,23.774383],[90.366725,23.773924]],[[90.366303,23.774383],[90.366902,23.773732]],[[90.366725,23.773924],[90.366902,23.773732]],[[90.366902,23.773732],[90.367065,23.773507]],[[90.367065,23.773507],[90.367091,23.773472],[90.367156,23.773383]],[[90.367065,23.773507],[90.367156,23.773383]],[[90.367156,23.773383],[90.367641,23.772375]],[[90.367641,23.772375],[90.367717,23.772184],[90.367724,23.772166]],[[90.367641,23.772375],[90.367724,23.772166]],[[90.367724,23.772166],[90.367742,23.77212]],[[90.367724,23.772166],[90.367912,23.771692]],[[90.367742,23.77212],[90.367755,23.772087],[90.367912,23.771692]],[[90.367742,23.77212],[90.367912,23.771692]],[[90.367912,23.771692],[90.367952,23.771591]],[[90.367952,23.771591],[90.367995,23.771482],[90.36802,23.771418]],[[90.367952,23.771591],[90.36802,23.771418]],[[90.367952,23.771591],[90.368155,23.771077]],[[90.36802,23.771418],[90.36811,23.77119],[90.368155,23.771077]],[[90.36802,23.771418],[90.368155,23.771077]],[[90.368155,23.771077],[90.368423,23.770401]],[[90.368423,23.770401],[90.368544,23.770095],[90.368647,23.769835]],[[90.368423,23.770401],[90.368647,23.769835]],[[90.368647,23.769835],[90.368668,23.769781]],[[90.368647,23.769835],[90.36878,23.7695]],[[90.368668,23.769781],[90.368744,23.769591],[90.36878,23.7695]],[[90.368668,23.769781],[90.36878,23.7695]],[[90.36878,23.7695],[90.368897,23.769202],[90.368913,23.769163]],[[90.36878,23.7695],[90.368913,23.769163]],[[90.368913,23.769163],[90.368939,23.769096]],[[90.368939,23.769096],[90.369076,23.76875],[90.369151,23.76856]],[[90.368939,23.769096],[90.369151,23.76856]],[[90.369151,23.76856],[90.369207,23.768418]],[[90.369207,23.768418],[90.369332,23.7681],[90.369348,23.768061]],[[90.369207,23.768418],[90.369348,23.768061]],[[90.369348,23.768061],[90.369423,23.767871],[90.369438,23.767833]],[[90.369348,23.768061],[90.369438,23.767833]],[[90.369348,23.768061],[90.369561,23.767521]],[[90.369438,23.767833],[90.369561,23.767521]],[[90.369561,23.767521],[90.369644,23.767312],[90.369913,23.76663]],[[90.369561,23.767521],[90.369913,23.76663]],[[90.369913,23.76663],[90.370036,23.766311]],[[90.370036,23.766311],[90.370197,23.765885],[90.370308,23.765593]],[[90.370036,23.766311],[90.370308,23.765593]],[[90.370308,23.765593],[90.370674,23.764624]],[[90.370674,23.764624],[90.370804,23.76428]],[[90.370674,23.764624],[90.370834,23.764202],[90.370845,23.764172],[90.371036,23.763656]],[[90.370804,23.76428],[90.370804,23.76428],[90.370804,23.76428]],[[90.370804,23.76428],[90.370804,23.76428]],[[90.370804,23.76428],[90.370804,23.76428]],[[90.370804,23.76428],[90.370804,23.764279]],[[90.370804,23.764279],[90.370804,23.76428]],[[90.370804,23.764279],[90.370804,23.764279]],[[90.370935,23.763928],[90.370804,23.764279]],[[90.370804,23.764279],[90.370845,23.764172],[90.370935,23.763928]],[[90.370804,23.764279],[90.370935,23.763928]],[[90.370935,23.763928],[90.371036,23.763656]],[[90.371036,23.763656],[90.371098,23.763491]],[[90.371098,23.763491],[90.371239,23.763239],[90.371363,23.763018]],[[90.371098,23.763491],[90.371363,23.763018]],[[90.371363,23.763018],[90.371699,23.762418]],[[90.371699,23.762418],[90.371816,23.76221],[90.371985,23.761908]],[[90.371699,23.762418],[90.371985,23.761908]],[[90.371985,23.761908],[90.372359,23.761247]],[[90.372359,23.761247],[90.372484,23.761068]],[[90.372359,23.761247],[90.372681,23.760785]],[[90.372484,23.761068],[90.372525,23.76101],[90.372638,23.760846]],[[90.372484,23.761068],[90.372638,23.760846]],[[90.372638,23.760846],[90.372681,23.760785]],[[90.372681,23.760785],[90.372817,23.760562]],[[90.372817,23.760562],[90.372836,23.76053],[90.373011,23.760234]],[[90.372817,23.760562],[90.373011,23.760234]],[[90.373011,23.760234],[90.373601,23.759175]],[[90.373601,23.759175],[90.373735,23.758934]],[[90.373601,23.759175],[90.373917,23.758606]],[[90.373735,23.758934],[90.373793,23.758829],[90.373917,23.758606]],[[90.373735,23.758934],[90.373917,23.758606]],[[90.373917,23.758606],[90.373956,23.758536],[90.373988,23.758477]],[[90.373917,23.758606],[90.373988,23.758477]],[[90.373988,23.758477],[90.374228,23.758237],[90.375698,23.758303]],[[90.376452,23.758337],[90.376345,23.758332],[90.375698,23.758303]],[[90.375698,23.758303],[90.376452,23.758337]],[[90.376452,23.758337],[90.379894,23.758491]],[[90.379894,23.758491],[90.380704,23.758527],[90.380885,23.758535]],[[90.379894,23.758491],[90.380885,23.758535]],[[90.380885,23.758535],[90.383513,23.758644],[90.383735,23.758853],[90.389783,23.75916],[90.390631,23.756947]],[[90.390631,23.756947],[90.390701,23.756765],[90.390779,23.756561]],[[90.390631,23.756947],[90.390779,23.756561]],[[90.390779,23.756561],[90.390881,23.756296],[90.390896,23.756257]],[[90.390779,23.756561],[90.390896,23.756257]],[[90.390896,23.756257],[90.392041,23.753272]],[[90.392041,23.753272],[90.392188,23.752885]],[[90.392041,23.753272],[90.392171,23.752932],[90.392188,23.752885]],[[90.392188,23.752885],[90.392196,23.752865]],[[90.392196,23.752865],[90.392229,23.752772],[90.39224,23.752744]],[[90.392196,23.752865],[90.39224,23.752744]],[[90.39224,23.752744],[90.392356,23.752423]],[[90.392459,23.752141],[90.392367,23.752392],[90.392356,23.752423]],[[90.392356,23.752423],[90.392459,23.752141]],[[90.394395,23.666217],[90.39347,23.665468],[90.392146,23.664396]],[[90.394395,23.666217],[90.392146,23.664396]],[[90.392459,23.752141],[90.392969,23.750737]],[[90.392969,23.750737],[90.392994,23.750668],[90.393033,23.750562]],[[90.393033,23.750562],[90.392969,23.750737]],[[90.392969,23.750737],[90.393139,23.75027]],[[90.393139,23.75027],[90.393033,23.750562]],[[90.393139,23.75027],[90.393532,23.749177]],[[90.393532,23.749177],[90.393717,23.748662],[90.393887,23.748185]],[[90.393532,23.749177],[90.393887,23.748185]],[[90.393887,23.748185],[90.394016,23.747826]],[[90.394016,23.747826],[90.394087,23.747628],[90.394123,23.747527]],[[90.394016,23.747826],[90.394123,23.747527]],[[90.394123,23.747527],[90.394227,23.747235]],[[90.394249,23.747174],[90.394227,23.747235]],[[90.394227,23.747235],[90.394334,23.746937]],[[90.394249,23.747174],[90.394296,23.747041],[90.394334,23.746937]],[[90.394334,23.746937],[90.394249,23.747174]],[[90.394334,23.746937],[90.394382,23.746801],[90.394427,23.746677]],[[90.394334,23.746937],[90.394427,23.746677]],[[90.394427,23.746677],[90.394739,23.745798]],[[90.401198,23.671721],[90.39633,23.667782],[90.394395,23.666217]],[[90.401198,23.671721],[90.394395,23.666217]],[[90.402335,23.672641],[90.394395,23.666217]],[[90.394739,23.745798],[90.394847,23.745469],[90.394927,23.745224]],[[90.394739,23.745798],[90.394927,23.745224]],[[90.394927,23.745224],[90.39591,23.741961]],[[90.39591,23.741961],[90.395932,23.741864],[90.396022,23.741458]],[[90.39591,23.741961],[90.396022,23.741458]],[[90.395949,23.738108],[90.396166,23.73812],[90.396478,23.738138]],[[90.395949,23.738108],[90.396478,23.738138]],[[90.396022,23.741458],[90.395949,23.738108]],[[90.396478,23.738138],[90.397505,23.738105]],[[90.397505,23.738105],[90.397837,23.738011],[90.397936,23.737983]],[[90.397936,23.737983],[90.397505,23.738105]],[[90.397505,23.738105],[90.398019,23.73796]],[[90.397635,23.702106],[90.39781,23.702714],[90.39782,23.702747]],[[90.39782,23.702747],[90.397635,23.702106]],[[90.397635,23.702106],[90.397538,23.701113],[90.398142,23.697931]],[[90.398476,23.704017],[90.39782,23.702747]],[[90.398019,23.73796],[90.397936,23.737983]],[[90.398019,23.73796],[90.398761,23.737728]],[[90.398256,23.69745],[90.3982,23.697686],[90.398142,23.697931]],[[90.398142,23.697931],[90.398256,23.69745]],[[90.398256,23.69745],[90.400373,23.690837]],[[90.399005,23.704942],[90.398712,23.704429],[90.398476,23.704017]],[[90.399005,23.704942],[90.398476,23.704017]],[[90.398874,23.737691],[90.398853,23.737698],[90.398761,23.737728]],[[90.398761,23.737728],[90.398874,23.737691]],[[90.398874,23.737691],[90.399238,23.737467],[90.39981,23.736582]],[[90.399311,23.705374],[90.399303,23.705363],[90.399005,23.704942]],[[90.399311,23.705374],[90.399005,23.704942]],[[90.400265,23.706719],[90.399005,23.704942]],[[90.400265,23.706719],[90.399704,23.705928],[90.399311,23.705374]],[[90.400265,23.706719],[90.399311,23.705374]],[[90.39981,23.736582],[90.399955,23.736321],[90.399972,23.73629]],[[90.39981,23.736582],[90.399972,23.73629]],[[90.399972,23.73629],[90.400651,23.735066]],[[90.400265,23.706719],[90.400385,23.706887],[90.400493,23.707039]],[[90.400493,23.707039],[90.400265,23.706719]],[[90.400373,23.690837],[90.400601,23.690283],[90.401807,23.687349]],[[90.400373,23.690837],[90.401807,23.687349]],[[90.401163,23.708018],[90.400493,23.707039]],[[90.400651,23.735066],[90.40074,23.734906],[90.400787,23.73482]],[[90.400651,23.735066],[90.400787,23.73482]],[[90.400787,23.73482],[90.40105,23.734532]],[[90.40105,23.734532],[90.401402,23.734345],[90.401855,23.734104]],[[90.40105,23.734532],[90.401855,23.734104]],[[90.401471,23.708501],[90.401333,23.708285],[90.401163,23.708018]],[[90.401471,23.708501],[90.401163,23.708018]],[[90.402335,23.672641],[90.401476,23.671946],[90.401198,23.671721]],[[90.402335,23.672641],[90.401198,23.671721]],[[90.402303,23.709808],[90.401471,23.708501]],[[90.401855,23.734104],[90.401936,23.734061]],[[90.401936,23.734061],[90.401961,23.734048],[90.402091,23.733979]],[[90.401936,23.734061],[90.402091,23.733979]],[[90.401807,23.687349],[90.402177,23.685762]],[[90.402091,23.733979],[90.403698,23.73369],[90.403814,23.733463]],[[90.402177,23.685762],[90.402479,23.684465],[90.402625,23.683842]],[[90.402177,23.685762],[90.402625,23.683842]],[[90.402854,23.710784],[90.402628,23.710384],[90.402303,23.709808]],[[90.402854,23.710784],[90.402303,23.709808]],[[90.40323,23.681136],[90.40384,23.677732],[90.405144,23.674913],[90.402335,23.672641]],[[90.402625,23.683842],[90.402812,23.683003],[90.40323,23.681136]],[[90.402625,23.683842],[90.40323,23.681136]],[[90.403307,23.712466],[90.402854,23.710784]],[[90.403476,23.71281],[90.403442,23.712742],[90.403307,23.712466]],[[90.403476,23.71281],[90.403307,23.712466]],[[90.403801,23.713089],[90.403513,23.712842],[90.403476,23.71281]],[[90.403801,23.713089],[90.403476,23.71281]],[[90.403814,23.733463],[90.403821,23.733452],[90.403913,23.733303]],[[90.403814,23.733463],[90.403913,23.733303]],[[90.404926,23.713656],[90.403801,23.713089]],[[90.403913,23.733303],[90.404043,23.733093]],[[90.404043,23.733093],[90.404145,23.732947],[90.404248,23.7328]],[[90.404043,23.733093],[90.404248,23.7328]],[[90.404248,23.7328],[90.404451,23.732381]],[[90.404501,23.732171],[90.404478,23.732267],[90.404451,23.732381]],[[90.404451,23.732381],[90.404501,23.732171]],[[90.404501,23.732171],[90.404976,23.73031]],[[90.404976,23.73031],[90.405004,23.730245],[90.405036,23.73017]],[[90.404976,23.73031],[90.405036,23.73017]],[[90.405533,23.713876],[90.405022,23.713691],[90.404926,23.713656]],[[90.405533,23.713876],[90.404926,23.713656]],[[90.405036,23.73017],[90.405233,23.729902],[90.405891,23.729959]],[[90.408647,23.716965],[90.408602,23.714485],[90.408008,23.714582],[90.406816,23.714369],[90.405533,23.713876]],[[90.405891,23.729959],[90.405983,23.729967],[90.40632,23.729997]],[[90.405891,23.729959],[90.40632,23.729997]],[[90.40632,23.729997],[90.40676,23.729995]],[[90.40676,23.729995],[90.40703,23.729992],[90.407359,23.729987]],[[90.40676,23.729995],[90.407359,23.729987]],[[90.407359,23.729987],[90.407554,23.729985]],[[90.407554,23.729985],[90.408115,23.729995],[90.408271,23.729997]],[[90.407554,23.729985],[90.408271,23.729997]],[[90.408271,23.729997],[90.410144,23.730121],[90.410372,23.728636]],[[90.408656,23.71731],[90.40865,23.717063],[90.408647,23.716965]],[[90.408656,23.71731],[90.408647,23.716965]],[[90.408662,23.71752],[90.408656,23.71731]],[[90.408759,23.718157],[90.408743,23.718049],[90.408662,23.71752]],[[90.408759,23.718157],[90.408662,23.71752]],[[90.408818,23.718366],[90.408759,23.718157]],[[90.409004,23.718698],[90.408842,23.718409],[90.408818,23.718366]],[[90.409004,23.718698],[90.408818,23.718366]],[[90.409608,23.719481],[90.409004,23.718698]],[[90.409773,23.719702],[90.409633,23.719515],[90.409608,23.719481]],[[90.409773,23.719702],[90.409608,23.719481]],[[90.410222,23.720681],[90.409773,23.719702]],[[90.410405,23.721134],[90.410307,23.720891],[90.410222,23.720681]],[[90.410405,23.721134],[90.410222,23.720681]],[[90.410372,23.728636],[90.410394,23.728502],[90.410405,23.728432]],[[90.410372,23.728636],[90.410405,23.728432]],[[90.410405,23.728432],[90.41051,23.727797]],[[90.410728,23.722502],[90.410405,23.721134]],[[90.41051,23.727797],[90.410597,23.727334],[90.410659,23.727009]],[[90.41051,23.727797],[90.410659,23.727009]],[[90.410659,23.727009],[90.410782,23.722935]],[[90.410782,23.722935],[90.410767,23.722818],[90.410728,23.722502]],[[90.410782,23.722935],[90.410728,23.722502]]]},"id":"67","properties":{"Actual Bus":45,"Alingment":"Chandra ? Nabinagar ? Savar ? Hemayetpur ? Gabtoli ? Asad Gate ? Farmgate ? Shahbagh ? Golap Shah Mazar ? Babubazar Bridge ? Bejgaon ? Chourasta ? Mawa Ghat","Average OS":18.32364582,"Average TS":27.45448685,"B-A":900,"Bus No":60,"Bus Type":"Non-AC","Capacity":54,"First A":7,"Headway":15,"Last B":22.0,"Length":119.132,"No of  R T":2.54,"No of Trip":5.09,"Operation ":147.3833333,"Operator":"Basumati Transport Ltd.","Permitted ":43,"Route_ID":"A-453","Seat No":36,"Serial_no":69,"TB Actual":36257.4918,"TB BRTA":16411.28576,"TB PD":16411.28576,"TBPDPT":4500,"Total B/A":75,"Travel Tim":98.36643512},"type":"Feature"},{"geometry":{"type":"MultiLineString","coordinates":[[[90.377623,23.822804],[90.377684,23.822239],[90.364958,23.820192],[90.36856,23.807097],[90.365697,23.806319],[90.364461,23.805655],[90.353356,23.798642],[90.353283,23.797334],[90.353785,23.791168],[90.353944,23.785371],[90.351813,23.781569],[90.356282,23.779247],[90.360307,23.778499],[90.364625,23.77571],[90.366303,23.774383],[90.36734,23.773144],[90.371098,23.763491],[90.373011,23.760234],[90.367286,23.759951],[90.36461,23.758936],[90.36268,23.757839],[90.361644,23.757059],[90.360971,23.757117],[90.360047,23.756946],[90.35889,23.756559],[90.356586,23.756108],[90.355045,23.754155],[90.353815,23.750144],[90.352083,23.746774],[90.351564,23.746415],[90.34781,23.745157]],[[90.377588,23.823035],[90.377623,23.822804]],[[90.388512,23.891298],[90.39127,23.883239],[90.392138,23.880114],[90.392466,23.879689],[90.393066,23.879558],[90.395659,23.879745],[90.400049,23.880717],[90.400655,23.880495],[90.401149,23.879677],[90.401295,23.878357],[90.400534,23.875292],[90.40054,23.871745],[90.399885,23.862536],[90.400244,23.860833],[90.400753,23.85999],[90.4176,23.83924],[90.418689,23.836325],[90.419325,23.833172],[90.42045,23.826083],[90.42053,23.824678],[90.419972,23.82303],[90.419174,23.821873],[90.415614,23.819272],[90.411838,23.816984],[90.406433,23.81694],[90.405499,23.816528],[90.405021,23.816013],[90.403727,23.816311],[90.400248,23.816453],[90.398589,23.816857],[90.393427,23.822596],[90.391571,23.821565],[90.390016,23.820261],[90.388612,23.819996],[90.385018,23.820593],[90.381937,23.822496],[90.380305,23.823304],[90.379844,23.823329],[90.377623,23.822804]]]},"id":"68","properties":{"Actual Bus":165,"Alingment":"Basila ? Asad Avenue ? Shyamoli ? Kallyanpur ? Technical ? Mirpur-1 ? Mirpur-2 ? Mirpur-10 ? Mirpur-11 ? Purabi ? Kalsi ? ECB Flyover ? Sheora Bazar ? Airport ? Jasim Uddin ? Uttara ? Kamarpara","Average OS":11.18933712,"Average TS":19.83597116,"B-A":960,"Bus No":76,"Bus Type":"Non-AC","Capacity":54,"First A":7,"Headway":13,"Last B":23.0,"Length":27.8496,"No of  R T":2.43,"No of Trip":4.87,"Operation ":164.4333334,"Operator":"Prajapati Paribahan","Permitted ":152,"Route_ID":"A-270","Seat No":36,"Serial_no":70,"TB Actual":123624.5692,"TB BRTA":113884.4516,"TB PD":113884.4516,"TBPDPT":11704,"Total B/A":154,"Travel Tim":92.75573073},"type":"Feature"},{"geometry":{"type":"LineString","coordinates":[[90.504358,23.616245],[90.501767,23.615658],[90.500993,23.619732],[90.500647,23.622526],[90.499757,23.62385],[90.495606,23.624824],[90.488254,23.62803],[90.486036,23.62839],[90.47862,23.63111],[90.476282,23.632585],[90.473398,23.639285],[90.472912,23.642643],[90.47016,23.645109],[90.469586,23.647035],[90.467287,23.649414],[90.465159,23.652622],[90.461052,23.656966],[90.457961,23.659945],[90.456201,23.661955],[90.455362,23.662551],[90.453882,23.665164],[90.448944,23.670186],[90.448826,23.672125],[90.448287,23.673207],[90.44486,23.676702],[90.436266,23.683566],[90.435527,23.685775],[90.435024,23.686573],[90.43087,23.690455],[90.434847,23.693798],[90.435398,23.69458],[90.435935,23.696322],[90.435998,23.697666],[90.434325,23.709912],[90.429653,23.711682],[90.425754,23.714283],[90.422597,23.715926],[90.420568,23.716256]]},"id":"69","properties":{"Actual Bus":36,"Alingment":"Sayedabad ? Jatrabari ? Postogola ? Shyampur ? Pagla ? Panchabati ? Narayanganj","Average OS":5.538634941,"Average TS":14.30054545,"B-A":1050,"Bus No":41,"Bus Type":"Non-AC","Capacity":54,"First A":6,"Headway":26,"Last B":23.5,"Length":15.8944,"No of  R T":3.29,"No of Trip":6.57,"Operation ":133.0833333,"Operator":"Various Owners","Permitted ":8,"Route_ID":"A-229","Seat No":36,"Serial_no":71,"TB Actual":0.0,"TB BRTA":4733.876018,"TB PD":4733.876018,"TBPDPT":3690,"Total B/A":90,"Travel Tim":51.54348851},"type":"Feature"},{"geometry":{"type":"LineString","coordinates":[[90.425332,23.787884],[90.425616,23.785892],[90.425678,23.78063],[90.421754,23.780856],[90.420393,23.780616],[90.41711,23.780504],[90.416333,23.780321],[90.408178,23.780232],[90.404889,23.780702],[90.398706,23.780983],[90.398373,23.779309],[90.398085,23.778731],[90.397345,23.778099],[90.392887,23.775742],[90.38996,23.77529],[90.390149,23.773352],[90.388679,23.765203],[90.388334,23.764911],[90.384003,23.765549],[90.383529,23.765927],[90.382806,23.770225],[90.381426,23.774973],[90.381529,23.776057],[90.381233,23.776911],[90.367162,23.773375],[90.366303,23.774383],[90.364625,23.77571],[90.360307,23.778499],[90.356282,23.779247],[90.351813,23.781569],[90.350123,23.782356],[90.349116,23.782645],[90.343716,23.783342],[90.339424,23.783048],[90.338649,23.783122],[90.329553,23.786326],[90.328706,23.786771],[90.325148,23.78949],[90.323214,23.790071],[90.316425,23.7898],[90.312707,23.790124],[90.302028,23.792284],[90.293218,23.794649],[90.291153,23.795059],[90.288997,23.795268],[90.285367,23.795239],[90.281343,23.794977],[90.27284,23.793317],[90.270193,23.793306],[90.268982,23.793622],[90.26707,23.79451],[90.265538,23.795656],[90.264049,23.797356],[90.263399,23.798692],[90.2622,23.802971],[90.260036,23.807232],[90.257598,23.811499],[90.257328,23.812496],[90.257492,23.821194],[90.259062,23.832995],[90.259023,23.83491],[90.258851,23.835685],[90.256533,23.843641],[90.256695,23.845443],[90.257507,23.847767]]},"id":"70","properties":{"Actual Bus":172,"Alingment":"Savar ? Gabtoli ? Shyamoli ? Agargaon ? Mohakhali ? Gulshan-1 ? Badda","Average OS":12.24471873,"Average TS":25.72929886,"B-A":900,"Bus No":51,"Bus Type":"Non-AC","Capacity":54,"First A":7,"Headway":18,"Last B":22.0,"Length":26.2899,"No of  R T":2.46,"No of Trip":4.92,"Operation ":152.5833333,"Operator":"Baishakhi Paribahan Ltd.","Permitted ":17,"Route_ID":"A-181","Seat No":36,"Serial_no":72,"TB Actual":103989.077,"TB BRTA":10277.99017,"TB PD":10277.99017,"TBPDPT":6273,"Total B/A":123,"Travel Tim":72.61527064},"type":"Feature"},{"geometry":{"type":"MultiLineString","coordinates":[[[90.362441,23.892398],[90.36252,23.892432],[90.362542,23.892443]],[[90.362542,23.892443],[90.362441,23.892398]],[[90.362441,23.892398],[90.362097,23.892269],[90.361958,23.892089],[90.362097,23.892269],[90.362441,23.892398]],[[90.362661,23.892503],[90.362563,23.892454],[90.362542,23.892443]],[[90.362542,23.892443],[90.362661,23.892503]],[[90.362661,23.892503],[90.363454,23.892901]],[[90.363454,23.892901],[90.363071,23.892719],[90.362661,23.892503]],[[90.365288,23.893288],[90.364204,23.893184],[90.363454,23.892901]],[[90.365789,23.893324],[90.365789,23.893324],[90.365288,23.893288]],[[90.365288,23.893288],[90.365789,23.893324]],[[90.365789,23.893324],[90.365822,23.893327],[90.366471,23.893376]],[[90.366471,23.893376],[90.365789,23.893324]],[[90.368659,23.894252],[90.366471,23.893376]],[[90.369506,23.894279],[90.368659,23.894252]],[[90.368659,23.894252],[90.369025,23.894343],[90.369506,23.894279]],[[90.369506,23.894279],[90.369986,23.894215],[90.370131,23.894195]],[[90.370131,23.894195],[90.369506,23.894279]],[[90.370506,23.894173],[90.370277,23.894176],[90.370131,23.894195]],[[90.370131,23.894195],[90.370506,23.894173]],[[90.372396,23.893984],[90.370506,23.894173]],[[90.370506,23.894173],[90.371635,23.89406],[90.372396,23.893984]],[[90.372987,23.893921],[90.372396,23.893984]],[[90.372396,23.893984],[90.372518,23.893971],[90.372987,23.893921]],[[90.372987,23.893921],[90.37311,23.893908],[90.37311,23.893908]],[[90.37311,23.893908],[90.372987,23.893921]],[[90.37311,23.893908],[90.37375,23.89394]],[[90.37375,23.89394],[90.37311,23.893908],[90.37311,23.893908]],[[90.37411,23.893991],[90.37375,23.89394]],[[90.37411,23.893991],[90.375368,23.894242]],[[90.375368,23.894242],[90.375102,23.894134],[90.37411,23.893991]],[[90.375368,23.894242],[90.375465,23.894271],[90.375662,23.894332]],[[90.375662,23.894332],[90.375368,23.894242]],[[90.376062,23.894614],[90.375839,23.894457],[90.375662,23.894332]],[[90.375662,23.894332],[90.376062,23.894614]],[[90.377757,23.896318],[90.376062,23.894614]],[[90.377996,23.896511],[90.377757,23.896318]],[[90.377757,23.896318],[90.377996,23.896511],[90.377996,23.896511]],[[90.377996,23.896511],[90.378207,23.896632],[90.378323,23.896699]],[[90.378323,23.896699],[90.377996,23.896511]],[[90.379212,23.897161],[90.378323,23.896699]],[[90.380621,23.897689],[90.379212,23.897161]],[[90.379212,23.897161],[90.380066,23.897512],[90.380621,23.897689]],[[90.383314,23.897211],[90.381526,23.897707],[90.380621,23.897689]],[[90.383314,23.897211],[90.384478,23.896666]],[[90.384478,23.896666],[90.383688,23.897045],[90.383314,23.897211]],[[90.384478,23.896666],[90.384526,23.896633],[90.384858,23.896406]],[[90.384858,23.896406],[90.384478,23.896666]],[[90.385203,23.896077],[90.384858,23.896406]],[[90.384858,23.896406],[90.384858,23.896406],[90.385203,23.896077]],[[90.386256,23.89463],[90.385203,23.896077]],[[90.386256,23.89463],[90.387271,23.893507]],[[90.387271,23.893507],[90.387052,23.893764],[90.386256,23.89463]],[[90.387541,23.89319],[90.38749,23.89325],[90.387271,23.893507]],[[90.387271,23.893507],[90.387541,23.89319]],[[90.387653,23.893015],[90.387541,23.89319]],[[90.387653,23.893015],[90.388049,23.892395]],[[90.388049,23.892395],[90.387901,23.892626],[90.387653,23.893015]],[[90.388072,23.892359],[90.388049,23.892395]],[[90.388277,23.891864],[90.388072,23.892359]],[[90.388072,23.892359],[90.388263,23.891898],[90.388277,23.891864]],[[90.388532,23.891246],[90.388277,23.891864]],[[90.388277,23.891864],[90.388512,23.891298],[90.388532,23.891246]],[[90.389405,23.888454],[90.388532,23.891246]],[[90.389405,23.888454],[90.389603,23.887895],[90.390146,23.88638]],[[90.390146,23.88638],[90.389405,23.888454]],[[90.391405,23.882763],[90.390146,23.88638]],[[90.392051,23.880448],[90.391405,23.882763]],[[90.391405,23.882763],[90.391964,23.880782],[90.392051,23.880448]],[[90.392051,23.880448],[90.392138,23.880114],[90.392264,23.87991]],[[90.392264,23.87991],[90.392051,23.880448]],[[90.395215,23.879711],[90.3927,23.879575],[90.392264,23.87991]],[[90.395215,23.879711],[90.395659,23.879745],[90.395691,23.879751]],[[90.395691,23.879751],[90.395215,23.879711]],[[90.397864,23.880197],[90.395691,23.879751]],[[90.397864,23.880197],[90.400049,23.880717]],[[90.400049,23.880717],[90.398916,23.880466],[90.397864,23.880197]],[[90.399892,23.862597],[90.399891,23.862585],[90.399885,23.862536]],[[90.399885,23.862536],[90.399892,23.862597]],[[90.399906,23.862439],[90.399885,23.862536]],[[90.399892,23.862597],[90.399895,23.862627],[90.399976,23.86335]],[[90.399976,23.86335],[90.399892,23.862597]],[[90.400059,23.861709],[90.399906,23.862439]],[[90.399906,23.862439],[90.399963,23.862164],[90.400059,23.861709]],[[90.399976,23.86335],[90.400091,23.864384]],[[90.400424,23.880668],[90.400049,23.880717]],[[90.400059,23.861709],[90.40006,23.861706],[90.400114,23.861447]],[[90.400114,23.861447],[90.400059,23.861709]],[[90.400091,23.864384],[90.400107,23.86461],[90.400114,23.864735]],[[90.400114,23.864735],[90.400091,23.864384]],[[90.400153,23.865411],[90.400114,23.864735]],[[90.400114,23.864735],[90.400147,23.865302],[90.400153,23.865411]],[[90.401306,23.859307],[90.400244,23.860833],[90.400114,23.861447]],[[90.400153,23.865411],[90.400159,23.86552],[90.400162,23.86557]],[[90.400162,23.86557],[90.400153,23.865411]],[[90.400162,23.86557],[90.400202,23.866252]],[[90.400252,23.867129],[90.400242,23.866958],[90.400202,23.866252]],[[90.400202,23.866252],[90.400252,23.867129]],[[90.400252,23.867129],[90.400417,23.869712]],[[90.400424,23.880668],[90.400819,23.880264]],[[90.400819,23.880264],[90.400655,23.880495],[90.400424,23.880668]],[[90.400417,23.869712],[90.400442,23.870082],[90.400457,23.870308]],[[90.400457,23.870308],[90.400417,23.869712]],[[90.400457,23.870308],[90.400496,23.870904],[90.400505,23.871075]],[[90.400505,23.871075],[90.400457,23.870308]],[[90.400523,23.875044],[90.400505,23.874631]],[[90.400505,23.874631],[90.400505,23.874631],[90.400523,23.875044]],[[90.400505,23.874631],[90.400505,23.874631],[90.400555,23.874037]],[[90.400555,23.874037],[90.400505,23.874631]],[[90.400505,23.871075],[90.400507,23.871107],[90.40054,23.871745]],[[90.40054,23.871745],[90.400505,23.871075]],[[90.400523,23.875044],[90.400534,23.875292]],[[90.400534,23.875292],[90.400573,23.875458],[90.400619,23.875659],[90.400682,23.875932]],[[90.400682,23.875932],[90.400534,23.875292]],[[90.400555,23.874037],[90.400556,23.874032],[90.400565,23.873928],[90.400607,23.873423],[90.40062,23.873277],[90.40054,23.871745]],[[90.40054,23.871745],[90.400555,23.874037]],[[90.400782,23.876287],[90.400728,23.876093],[90.400682,23.875932]],[[90.400682,23.875932],[90.400782,23.876287]],[[90.400782,23.876287],[90.401175,23.87768]],[[90.401199,23.879512],[90.400819,23.880264]],[[90.401295,23.878357],[90.401175,23.87768]],[[90.401175,23.87768],[90.40125,23.878105],[90.401295,23.878357]],[[90.401199,23.879512],[90.401236,23.879394]],[[90.401236,23.879394],[90.401221,23.879442],[90.401199,23.879512]],[[90.401257,23.879324],[90.401236,23.879394]],[[90.401257,23.879324],[90.401287,23.879018]],[[90.401287,23.879018],[90.401268,23.879218],[90.401257,23.879324]],[[90.401316,23.878592],[90.401287,23.879018]],[[90.401295,23.878357],[90.401316,23.878592]],[[90.401316,23.878592],[90.401314,23.878577],[90.401295,23.878357]],[[90.401306,23.859307],[90.402906,23.857326]],[[90.402906,23.857326],[90.402366,23.857994],[90.401306,23.859307]],[[90.402906,23.857326],[90.403838,23.856173],[90.403937,23.85605]],[[90.403937,23.85605],[90.402906,23.857326]],[[90.404628,23.855195],[90.403937,23.85605]],[[90.404628,23.855195],[90.405075,23.854641]],[[90.405075,23.854641],[90.404908,23.854847],[90.404628,23.855195]],[[90.405893,23.853629],[90.405075,23.854641]],[[90.405893,23.853629],[90.407639,23.851468]],[[90.407639,23.851468],[90.406106,23.853364],[90.405893,23.853629]],[[90.407769,23.851306],[90.407639,23.851468]],[[90.407639,23.851468],[90.407646,23.851459],[90.407769,23.851306]],[[90.408431,23.850487],[90.407769,23.851306]],[[90.408519,23.85038],[90.40847,23.85044],[90.408431,23.850487]],[[90.408431,23.850487],[90.408519,23.85038]],[[90.408519,23.85038],[90.408569,23.850321],[90.408648,23.850225]],[[90.408648,23.850225],[90.408519,23.85038]],[[90.411409,23.846893],[90.408648,23.850225]],[[90.408648,23.850225],[90.411409,23.846893],[90.411409,23.846893]],[[90.411409,23.846893],[90.411621,23.846636],[90.41181,23.846409]],[[90.41181,23.846409],[90.411409,23.846893]],[[90.413138,23.844806],[90.41181,23.846409]],[[90.41181,23.846409],[90.412472,23.84561],[90.413138,23.844806]],[[90.413591,23.84426],[90.413138,23.844806]],[[90.412886,23.750087],[90.413165,23.750553]],[[90.413165,23.750553],[90.412905,23.750119],[90.412886,23.750087]],[[90.416009,23.749453],[90.412987,23.749907],[90.412826,23.749986],[90.412886,23.750087]],[[90.413165,23.750553],[90.413202,23.750613]],[[90.413585,23.751252],[90.413364,23.750884],[90.413202,23.750613]],[[90.413202,23.750613],[90.413585,23.751252]],[[90.413954,23.843821],[90.413939,23.843839],[90.413591,23.84426]],[[90.413591,23.84426],[90.413954,23.843821]],[[90.413927,23.751822],[90.413743,23.751516],[90.413585,23.751252]],[[90.413585,23.751252],[90.413927,23.751822]],[[90.413954,23.843821],[90.414708,23.842911]],[[90.414708,23.842911],[90.414682,23.842943],[90.413954,23.843821]],[[90.414192,23.752264],[90.413978,23.751908],[90.413927,23.751822]],[[90.413927,23.751822],[90.414192,23.752264]],[[90.414192,23.752264],[90.414476,23.752737]],[[90.414736,23.842878],[90.414736,23.842878],[90.414708,23.842911]],[[90.414708,23.842911],[90.414736,23.842878]],[[90.414736,23.842878],[90.414925,23.842649],[90.415526,23.841924]],[[90.415526,23.841924],[90.414736,23.842878]],[[90.414812,23.753298],[90.4146,23.752945],[90.414594,23.752935],[90.414476,23.752737]],[[90.414476,23.752737],[90.414812,23.753298]],[[90.414812,23.753298],[90.41525,23.754029]],[[90.415452,23.754364],[90.415365,23.75422],[90.41525,23.754029]],[[90.41525,23.754029],[90.415452,23.754364]],[[90.415526,23.841923],[90.415526,23.841924],[90.415526,23.841924]],[[90.415526,23.841924],[90.415526,23.841923]],[[90.415526,23.841923],[90.415877,23.8415],[90.415911,23.84146]],[[90.415911,23.84146],[90.415526,23.841923]],[[90.415452,23.754364],[90.415452,23.754364],[90.4156,23.754612]],[[90.4156,23.754612],[90.415452,23.754364]],[[90.4156,23.754612],[90.415607,23.754623]],[[90.416476,23.756141],[90.416387,23.755986],[90.415962,23.755243],[90.415795,23.754952],[90.415607,23.754623]],[[90.415607,23.754623],[90.416476,23.756141]],[[90.415911,23.84146],[90.416591,23.840639]],[[90.416591,23.840639],[90.415965,23.841394],[90.415911,23.84146]],[[90.416009,23.749453],[90.417935,23.749199],[90.419702,23.748966]],[[90.419702,23.748966],[90.416009,23.749453]],[[90.417314,23.839659],[90.416591,23.840639]],[[90.416591,23.840639],[90.416893,23.840274],[90.417314,23.839659]],[[90.416476,23.756141],[90.417372,23.757706]],[[90.418105,23.83805],[90.417314,23.839659]],[[90.417667,23.75822],[90.417481,23.757895],[90.417372,23.757706]],[[90.417372,23.757706],[90.417667,23.75822]],[[90.417667,23.75822],[90.417667,23.75822],[90.417668,23.758221]],[[90.417668,23.758221],[90.417667,23.75822]],[[90.41781,23.75847],[90.417713,23.7583],[90.417668,23.758221]],[[90.417668,23.758221],[90.41781,23.75847]],[[90.41781,23.75847],[90.417864,23.758564],[90.417912,23.758648]],[[90.417912,23.758648],[90.41781,23.75847]],[[90.418105,23.83805],[90.418226,23.837764],[90.418263,23.837677]],[[90.418263,23.837677],[90.418105,23.83805]],[[90.418289,23.759305],[90.418,23.758801],[90.417912,23.758648]],[[90.417912,23.758648],[90.418289,23.759305]],[[90.418264,23.837675],[90.418263,23.837677]],[[90.418586,23.836653],[90.418264,23.837675]],[[90.418264,23.837675],[90.418447,23.837095],[90.418586,23.836653]],[[90.418725,23.760079],[90.41842,23.759538],[90.418289,23.759305]],[[90.418289,23.759305],[90.418725,23.760079]],[[90.418586,23.836653],[90.418689,23.836325]],[[90.418689,23.836325],[90.41865,23.836447],[90.418586,23.836653]],[[90.41881,23.835723],[90.418689,23.836325]],[[90.41881,23.835723],[90.418855,23.835501],[90.419008,23.834741]],[[90.419008,23.834741],[90.41881,23.835723]],[[90.418725,23.760079],[90.419271,23.761047]],[[90.419014,23.834713],[90.419008,23.834741]],[[90.419008,23.834741],[90.41901,23.834733],[90.419014,23.834713]],[[90.419014,23.834713],[90.419195,23.833818]],[[90.419195,23.833818],[90.419051,23.834528],[90.419014,23.834713]],[[90.419195,23.833818],[90.419292,23.833337],[90.419315,23.833219]],[[90.419315,23.833219],[90.419195,23.833818]],[[90.419417,23.832598],[90.419315,23.833219]],[[90.419473,23.832249],[90.419417,23.832598]],[[90.419417,23.832598],[90.419457,23.83235],[90.419473,23.832249]],[[90.419473,23.832249],[90.419524,23.831934]],[[90.419524,23.831934],[90.419489,23.832149],[90.419473,23.832249]],[[90.419836,23.76205],[90.419271,23.761047]],[[90.419271,23.761047],[90.419583,23.7616],[90.419836,23.76205]],[[90.419524,23.831934],[90.419566,23.831672]],[[90.419566,23.831672],[90.419527,23.831915],[90.419524,23.831934]],[[90.419847,23.829924],[90.419566,23.831672]],[[90.419884,23.829695],[90.419847,23.829924]],[[90.419847,23.829924],[90.419859,23.829849],[90.419884,23.829695]],[[90.419884,23.829695],[90.41991,23.829535],[90.419923,23.829453]],[[90.419923,23.829453],[90.419884,23.829695]],[[90.420043,23.828706],[90.419923,23.829453]],[[90.419702,23.748966],[90.421604,23.748716]],[[90.421604,23.748716],[90.421206,23.748768],[90.419702,23.748966]],[[90.420043,23.828706],[90.420192,23.827745]],[[90.420192,23.827745],[90.420192,23.827745],[90.420043,23.828706]],[[90.419836,23.76205],[90.419923,23.762204],[90.420346,23.762955]],[[90.420346,23.762955],[90.419836,23.76205]],[[90.420222,23.827557],[90.420192,23.827745]],[[90.420192,23.827745],[90.420207,23.827649],[90.420222,23.827557]],[[90.420222,23.827557],[90.420356,23.826689]],[[90.420356,23.826689],[90.420222,23.827556],[90.420222,23.827557]],[[90.42045,23.826083],[90.420356,23.826689]],[[90.420356,23.826689],[90.420356,23.826689],[90.42045,23.826083]],[[90.42053,23.824678],[90.42045,23.826083]],[[90.42053,23.824678],[90.420895,23.825137],[90.421431,23.824503],[90.421307,23.822244],[90.420784,23.820799],[90.420258,23.820194],[90.420432,23.819676]],[[90.420432,23.819676],[90.419513,23.821238],[90.419449,23.821657],[90.419609,23.822482],[90.420225,23.823589],[90.42053,23.824678]],[[90.420544,23.819389],[90.420432,23.819676]],[[90.420346,23.762955],[90.420464,23.763164]],[[90.420544,23.819389],[90.420604,23.819244]],[[90.420604,23.819244],[90.420602,23.819248],[90.420544,23.819389]],[[90.420623,23.819197],[90.420605,23.819241],[90.420604,23.819244]],[[90.420604,23.819244],[90.420623,23.819197]],[[90.420623,23.819197],[90.420726,23.818948]],[[90.420726,23.818948],[90.42066,23.819107],[90.420623,23.819197]],[[90.420842,23.763834],[90.420712,23.763604],[90.420464,23.763164]],[[90.420464,23.763164],[90.420842,23.763834]],[[90.420726,23.818948],[90.420841,23.818669]],[[90.420841,23.818669],[90.420744,23.818904],[90.420726,23.818948]],[[90.421009,23.818098],[90.420841,23.818669]],[[90.421009,23.818098],[90.421028,23.817918],[90.421093,23.817306]],[[90.421093,23.817306],[90.421009,23.818098]],[[90.420842,23.763834],[90.420963,23.764049],[90.421062,23.764225]],[[90.421062,23.764225],[90.420842,23.763834]],[[90.421117,23.816453],[90.421093,23.817306]],[[90.421184,23.814071],[90.421117,23.816453]],[[90.421117,23.816453],[90.421138,23.815706],[90.421184,23.814071]],[[90.421187,23.813978],[90.421184,23.814071]],[[90.421227,23.812551],[90.421187,23.813978]],[[90.421187,23.813978],[90.421211,23.813122],[90.421227,23.812551]],[[90.42134,23.764717],[90.421121,23.76433],[90.421062,23.764225]],[[90.421062,23.764225],[90.42134,23.764717]],[[90.421245,23.811896],[90.421227,23.812551]],[[90.421245,23.811896],[90.421251,23.811756],[90.421272,23.811227]],[[90.421272,23.811227],[90.421245,23.811896]],[[90.421316,23.810109],[90.421272,23.811227]],[[90.421338,23.809542],[90.421316,23.810109]],[[90.421316,23.810109],[90.421319,23.810018],[90.421338,23.809542]],[[90.421353,23.80941],[90.421338,23.809542]],[[90.421353,23.80941],[90.421379,23.80917],[90.421506,23.808022]],[[90.421506,23.808022],[90.421353,23.80941]],[[90.42134,23.764717],[90.421345,23.764727],[90.421347,23.764729]],[[90.421347,23.764729],[90.42134,23.764717]],[[90.422613,23.766976],[90.422612,23.766975],[90.422465,23.766713],[90.422062,23.765998],[90.421514,23.765027],[90.421347,23.764729]],[[90.421347,23.764729],[90.422613,23.766976]],[[90.421599,23.807507],[90.421506,23.808022]],[[90.421784,23.806485],[90.421599,23.807507]],[[90.421599,23.807507],[90.421783,23.80649],[90.421784,23.806485]],[[90.421812,23.806328],[90.421784,23.806485]],[[90.423465,23.748132],[90.421604,23.748716]],[[90.421983,23.805441],[90.421897,23.805861],[90.421812,23.806328]],[[90.421812,23.806328],[90.421983,23.805441]],[[90.422147,23.804635],[90.421983,23.805441]],[[90.421983,23.805441],[90.422011,23.8053],[90.422147,23.804635]],[[90.422147,23.804635],[90.422422,23.803284],[90.422496,23.802922]],[[90.422496,23.802922],[90.422147,23.804635]],[[90.422553,23.802641],[90.422496,23.802922]],[[90.422496,23.802922],[90.422532,23.802743],[90.422553,23.802641]],[[90.422553,23.802641],[90.42256,23.802609],[90.422607,23.802376]],[[90.422607,23.802376],[90.422553,23.802641]],[[90.423068,23.800114],[90.422821,23.801327],[90.422607,23.802376],[90.422607,23.802376]],[[90.422607,23.802376],[90.422821,23.801327],[90.423068,23.800114]],[[90.422613,23.766976],[90.422844,23.767386],[90.423062,23.767772]],[[90.423062,23.767772],[90.422613,23.766976]],[[90.423336,23.798802],[90.423068,23.800114]],[[90.423068,23.800114],[90.423317,23.798893],[90.423336,23.798802]],[[90.423062,23.767772],[90.423075,23.767795]],[[90.423075,23.767795],[90.423112,23.767857],[90.423599,23.768654]],[[90.423599,23.768654],[90.423075,23.767795]],[[90.423356,23.798704],[90.423336,23.798802]],[[90.423356,23.798704],[90.42343,23.798338],[90.423554,23.797731]],[[90.423554,23.797731],[90.423356,23.798704]],[[90.423585,23.797559],[90.423554,23.797731]],[[90.423585,23.797559],[90.423707,23.796866],[90.423812,23.796278]],[[90.423812,23.796278],[90.423585,23.797559]],[[90.423465,23.748132],[90.423573,23.74807],[90.423652,23.748024]],[[90.423652,23.748024],[90.423465,23.748132]],[[90.423599,23.768654],[90.423841,23.769049]],[[90.42448,23.747544],[90.423652,23.748024]],[[90.423652,23.748024],[90.424479,23.747545],[90.42448,23.747544]],[[90.423874,23.795929],[90.423812,23.796278]],[[90.423812,23.796278],[90.423833,23.796159],[90.423874,23.795929]],[[90.424147,23.794392],[90.423874,23.795929]],[[90.423841,23.769049],[90.424506,23.770139],[90.424594,23.770283]],[[90.424594,23.770283],[90.423841,23.769049]],[[90.424168,23.794271],[90.424168,23.794272],[90.424147,23.794392]],[[90.424147,23.794392],[90.424168,23.794271]],[[90.424168,23.794271],[90.424251,23.793805]],[[90.424251,23.793805],[90.424184,23.794179],[90.424168,23.794271]],[[90.424267,23.793712],[90.424251,23.793805]],[[90.424267,23.793712],[90.424579,23.791954]],[[90.424579,23.791954],[90.424516,23.792311],[90.424267,23.793712]],[[90.424579,23.791954],[90.42477,23.790879],[90.424773,23.790862]],[[90.424773,23.790862],[90.424579,23.791954]],[[90.425097,23.747034],[90.42448,23.747544]],[[90.42448,23.747544],[90.424491,23.747535],[90.425097,23.747034]],[[90.424695,23.77048],[90.424626,23.770345],[90.424594,23.770283]],[[90.424594,23.770283],[90.424695,23.77048]],[[90.424749,23.770586],[90.424704,23.770497],[90.424695,23.77048]],[[90.424695,23.77048],[90.424749,23.770586]],[[90.425022,23.789457],[90.424773,23.790862]],[[90.424773,23.790862],[90.424936,23.789944],[90.425022,23.789457]],[[90.424749,23.770586],[90.424749,23.770586],[90.42485,23.770784],[90.425291,23.771649]],[[90.425291,23.771649],[90.424749,23.770586]],[[90.425312,23.787823],[90.425022,23.789457]],[[90.425282,23.746817],[90.425097,23.747034]],[[90.425312,23.787823],[90.425381,23.787437],[90.425429,23.787165]],[[90.425429,23.787165],[90.425312,23.787823]],[[90.425472,23.772198],[90.425296,23.771659],[90.425291,23.771649]],[[90.425291,23.771649],[90.425472,23.772198]],[[90.425282,23.746817],[90.425328,23.746762],[90.425408,23.746668]],[[90.425408,23.746668],[90.425282,23.746817]],[[90.425472,23.786924],[90.425429,23.787165]],[[90.425551,23.786477],[90.425472,23.786924]],[[90.425472,23.786924],[90.425477,23.786897],[90.425551,23.786477]],[[90.425472,23.772198],[90.425549,23.772433],[90.42556,23.772467]],[[90.42556,23.772467],[90.425472,23.772198]],[[90.425825,23.746138],[90.425408,23.746668]],[[90.425551,23.786477],[90.425552,23.786475],[90.425652,23.785909]],[[90.425652,23.785909],[90.425551,23.786477]],[[90.425613,23.772837],[90.425571,23.7725],[90.42556,23.772467]],[[90.42556,23.772467],[90.425613,23.772837]],[[90.425623,23.779185],[90.425625,23.779293]],[[90.425625,23.779293],[90.425623,23.779185],[90.425623,23.779185]],[[90.425652,23.778707],[90.425623,23.779185],[90.425623,23.779185]],[[90.425623,23.779185],[90.425652,23.778707]],[[90.425625,23.779293],[90.425738,23.782181]],[[90.425819,23.784482],[90.425652,23.785909]],[[90.425613,23.772837],[90.425758,23.773991]],[[90.425652,23.778707],[90.425714,23.777638]],[[90.425714,23.777638],[90.425658,23.778603],[90.425652,23.778707]],[[90.42575,23.77702],[90.425714,23.777638]],[[90.42586,23.78318],[90.425766,23.782414],[90.425738,23.782181]],[[90.425738,23.782181],[90.42586,23.78318]],[[90.425773,23.776255],[90.42575,23.77702]],[[90.42575,23.77702],[90.425752,23.77695],[90.425773,23.776255]],[[90.425799,23.77432],[90.425778,23.77415],[90.425758,23.773991]],[[90.425758,23.773991],[90.425799,23.77432]],[[90.425773,23.776255],[90.425795,23.775485]],[[90.425795,23.775485],[90.425783,23.775907],[90.425773,23.776255]],[[90.42586,23.78318],[90.425819,23.784482]],[[90.425819,23.784482],[90.425834,23.783982],[90.42586,23.78318]],[[90.425799,23.77432],[90.425795,23.775485]],[[90.425825,23.746138],[90.425918,23.745961],[90.4261,23.745613]],[[90.4261,23.745613],[90.425825,23.746138]],[[90.426339,23.745075],[90.4261,23.745613]],[[90.4261,23.745613],[90.4261,23.745613],[90.426339,23.745075]],[[90.426376,23.744963],[90.426339,23.745075]],[[90.426376,23.744963],[90.426559,23.744406],[90.426561,23.7444]],[[90.426561,23.7444],[90.426376,23.744963]],[[90.426598,23.744289],[90.426561,23.7444]],[[90.426561,23.7444],[90.426561,23.7444],[90.426598,23.744289]],[[90.426598,23.744289],[90.4267,23.743166]],[[90.4267,23.743166],[90.426598,23.744288],[90.426598,23.744289]],[[90.426897,23.741035],[90.4267,23.743166]],[[90.426985,23.740577],[90.426937,23.740725],[90.426897,23.741035]],[[90.426897,23.741035],[90.426985,23.740577]],[[90.427245,23.74015],[90.426985,23.740577]],[[90.427245,23.74015],[90.427492,23.739828],[90.427625,23.739702]],[[90.427625,23.739702],[90.427245,23.74015]],[[90.428412,23.738638],[90.428115,23.739237],[90.427625,23.739702]],[[90.428459,23.737612],[90.428412,23.738638]],[[90.428412,23.738638],[90.428457,23.737652],[90.428459,23.737612]],[[90.428459,23.737612],[90.428489,23.736948]],[[90.428489,23.736948],[90.428461,23.737564],[90.428459,23.737612]],[[90.428516,23.736354],[90.428489,23.736948]],[[90.428489,23.736948],[90.428499,23.736721],[90.428516,23.736354]],[[90.428516,23.736354],[90.428521,23.73624],[90.428606,23.734445]],[[90.428606,23.734445],[90.428516,23.736354]],[[90.428442,23.712778],[90.428777,23.713776],[90.428907,23.714797]],[[90.428442,23.712778],[90.428467,23.712635]],[[90.428467,23.712635],[90.428467,23.712637],[90.428442,23.712778]],[[90.428566,23.733434],[90.428545,23.732899],[90.428528,23.732459]],[[90.428528,23.732459],[90.428566,23.733434]],[[90.428528,23.732459],[90.428528,23.732459],[90.428569,23.731044]],[[90.428569,23.731044],[90.428528,23.732459]],[[90.42853,23.712496],[90.428467,23.712635]],[[90.428566,23.733434],[90.4286,23.734285]],[[90.4286,23.734285],[90.428593,23.734101],[90.428566,23.733434]],[[90.42861,23.729628],[90.42861,23.729628],[90.428569,23.731044]],[[90.428569,23.731044],[90.42861,23.729628]],[[90.4286,23.734285],[90.428606,23.734445]],[[90.428544,23.712487],[90.42853,23.712496]],[[90.42853,23.712496],[90.428544,23.712487],[90.428544,23.712487]],[[90.428544,23.712487],[90.428581,23.712463],[90.428596,23.712453]],[[90.428596,23.712453],[90.428544,23.712487]],[[90.42861,23.729628],[90.428628,23.729076],[90.428656,23.728244]],[[90.428656,23.728244],[90.42861,23.729628]],[[90.428682,23.712396],[90.428596,23.712453],[90.428596,23.712453]],[[90.428596,23.712453],[90.428682,23.712396]],[[90.428668,23.727859],[90.428656,23.728244]],[[90.428668,23.727859],[90.42871,23.726611]],[[90.42871,23.726611],[90.428703,23.726826],[90.428668,23.727859]],[[90.428736,23.725821],[90.42871,23.726611]],[[90.42871,23.726611],[90.428721,23.726285],[90.428736,23.725821]],[[90.428822,23.712302],[90.428682,23.712396]],[[90.428682,23.712396],[90.428771,23.712337],[90.428822,23.712302]],[[90.428738,23.725758],[90.428736,23.725821]],[[90.428736,23.725821],[90.428738,23.725769],[90.428738,23.725758]],[[90.428758,23.725145],[90.428738,23.725758]],[[90.428745,23.724836],[90.428758,23.725145]],[[90.428758,23.725145],[90.428745,23.724836],[90.428745,23.724836]],[[90.428745,23.724836],[90.428745,23.724836],[90.428745,23.724836]],[[90.428745,23.724836],[90.428745,23.724836]],[[90.428745,23.724836],[90.428752,23.724503],[90.428753,23.724426]],[[90.428753,23.724426],[90.428745,23.724836]],[[90.428774,23.723633],[90.428753,23.724426],[90.428753,23.724426]],[[90.428753,23.724426],[90.428774,23.723633]],[[90.428808,23.72234],[90.428774,23.723633]],[[90.428774,23.723633],[90.428804,23.722494],[90.428808,23.72234]],[[90.428808,23.72234],[90.42893,23.720277]],[[90.42893,23.720277],[90.428906,23.720695],[90.428808,23.72234]],[[90.428822,23.712302],[90.429002,23.712183]],[[90.429086,23.712128],[90.428822,23.712302]],[[90.428974,23.71505],[90.42896,23.714999],[90.428907,23.714797]],[[90.428907,23.714797],[90.428974,23.71505]],[[90.42893,23.720277],[90.428942,23.720081],[90.42895,23.719947]],[[90.42895,23.719947],[90.42893,23.720277]],[[90.42895,23.719947],[90.428962,23.719747],[90.428981,23.719553]],[[90.428981,23.719553],[90.42895,23.719947]],[[90.42901,23.719251],[90.428981,23.719553]],[[90.428974,23.71505],[90.429102,23.715538]],[[90.42901,23.719251],[90.429048,23.718862]],[[90.429048,23.718862],[90.42901,23.71925],[90.42901,23.719251]],[[90.429002,23.712183],[90.429513,23.711841]],[[90.429086,23.712128],[90.429002,23.712183]],[[90.429055,23.71879],[90.429048,23.718861],[90.429048,23.718862]],[[90.429048,23.718862],[90.429055,23.71879]],[[90.429055,23.71879],[90.429111,23.718216]],[[90.429111,23.718216],[90.429089,23.718436],[90.429055,23.71879]],[[90.429091,23.712124],[90.429086,23.712128]],[[90.429091,23.712124],[90.429086,23.712128],[90.429086,23.712128]],[[90.429222,23.716917],[90.429111,23.718216]],[[90.429266,23.716159],[90.429234,23.716039],[90.429155,23.71574],[90.429102,23.715538]],[[90.429102,23.715538],[90.429266,23.716159]],[[90.429105,23.712115],[90.429096,23.712121],[90.429091,23.712124]],[[90.429105,23.712115],[90.429091,23.712124]],[[90.429161,23.712078],[90.429114,23.712109],[90.429105,23.712115]],[[90.429161,23.712078],[90.429105,23.712115]],[[90.429191,23.712058],[90.429161,23.712078]],[[90.42929,23.711992],[90.429191,23.712058]],[[90.42929,23.711992],[90.429271,23.712005],[90.429191,23.712058]],[[90.429222,23.716917],[90.429227,23.716824]],[[90.429227,23.716824],[90.429226,23.716836],[90.429222,23.716917]],[[90.429256,23.71632],[90.429227,23.716824]],[[90.429227,23.716824],[90.429232,23.716737],[90.429256,23.71632]],[[90.429266,23.716159],[90.429256,23.71632]],[[90.429325,23.711969],[90.429312,23.711978],[90.42929,23.711992]],[[90.429325,23.711969],[90.42929,23.711992]],[[90.429339,23.711959],[90.429339,23.71196],[90.429325,23.711969]],[[90.429339,23.711959],[90.429325,23.711969]],[[90.429514,23.711842],[90.429378,23.711934],[90.429339,23.711959]],[[90.429686,23.711726],[90.429378,23.711934],[90.429339,23.711959]],[[90.429514,23.711842],[90.429513,23.711841]],[[90.429513,23.711841],[90.429686,23.711726]],[[90.429686,23.711726],[90.429514,23.711842]],[[90.429749,23.711683],[90.429686,23.711726]],[[90.429749,23.711683],[90.42975,23.711682],[90.429759,23.711676],[90.429772,23.711667]],[[90.429772,23.711667],[90.429749,23.711683]],[[90.429975,23.711528],[90.429772,23.711667]],[[90.430038,23.711487],[90.429996,23.711515],[90.429975,23.711528]],[[90.429975,23.711528],[90.430038,23.711487]],[[90.430038,23.711487],[90.430081,23.711459],[90.430089,23.711454],[90.430119,23.711439]],[[90.430119,23.711439],[90.430038,23.711487]],[[90.430282,23.711359],[90.430119,23.711439]],[[90.430282,23.711359],[90.43044,23.711289],[90.430466,23.711277]],[[90.430466,23.711277],[90.430282,23.711359]],[[90.430646,23.711197],[90.430519,23.711254],[90.430466,23.711277]],[[90.430466,23.711277],[90.430646,23.711197]],[[90.431064,23.711067],[90.430646,23.711197]],[[90.431352,23.710982],[90.431272,23.711002],[90.431064,23.711067]],[[90.431064,23.711067],[90.431352,23.710982]],[[90.432008,23.710817],[90.431352,23.710982]],[[90.432008,23.710817],[90.432065,23.710803]],[[90.432065,23.710803],[90.432021,23.710814],[90.432008,23.710817]],[[90.432227,23.710761],[90.432065,23.710803]],[[90.432065,23.710803],[90.432099,23.710794],[90.432227,23.710761]],[[90.432227,23.710761],[90.432574,23.710671],[90.432615,23.71066]],[[90.432615,23.71066],[90.432227,23.710761]],[[90.432615,23.71066],[90.432755,23.710624]],[[90.432755,23.710624],[90.432711,23.710635],[90.432615,23.71066]],[[90.433297,23.710483],[90.432755,23.710624]],[[90.43373,23.710371],[90.433571,23.710412],[90.433297,23.710483]],[[90.433297,23.710483],[90.43373,23.710371]],[[90.43373,23.710371],[90.433889,23.71033],[90.43403,23.710293]],[[90.43403,23.710293],[90.43373,23.710371]],[[90.434425,23.710142],[90.43403,23.710293]],[[90.434902,23.709948],[90.434425,23.710142]],[[90.434425,23.710142],[90.434731,23.710025],[90.434902,23.709948]],[[90.434998,23.709904],[90.434902,23.709948]],[[90.434902,23.709948],[90.434951,23.709925],[90.434998,23.709904]],[[90.435442,23.709702],[90.434998,23.709904]],[[90.435457,23.709695],[90.435452,23.709698],[90.435442,23.709702]],[[90.435442,23.709702],[90.435457,23.709695]],[[90.435457,23.709695],[90.436015,23.709442],[90.436131,23.709389]],[[90.436131,23.709389],[90.435457,23.709695]],[[90.436254,23.709333],[90.436245,23.709337],[90.436131,23.709389]],[[90.436131,23.709389],[90.436254,23.709333]],[[90.436254,23.709333],[90.436746,23.70911]],[[90.436746,23.70911],[90.436596,23.709178],[90.436254,23.709333]],[[90.436834,23.70907],[90.436746,23.70911]],[[90.436746,23.70911],[90.4368,23.709085],[90.436834,23.70907]],[[90.43706,23.708967],[90.436834,23.70907]],[[90.436834,23.70907],[90.43706,23.708967],[90.43706,23.708967]],[[90.43706,23.708967],[90.437513,23.708761]],[[90.437513,23.708761],[90.437068,23.708963],[90.43706,23.708967]],[[90.437523,23.708756],[90.437513,23.708761]],[[90.437871,23.708598],[90.437523,23.708756]],[[90.437523,23.708756],[90.437571,23.708735],[90.437871,23.708598]],[[90.437871,23.708598],[90.437886,23.708591],[90.438503,23.708311]],[[90.438503,23.708311],[90.437871,23.708598]],[[90.438503,23.708311],[90.438625,23.708256]],[[90.438625,23.708256],[90.438561,23.708284],[90.438503,23.708311]],[[90.438881,23.708139],[90.438625,23.708256]],[[90.438625,23.708256],[90.438877,23.708141],[90.438881,23.708139]],[[90.438881,23.708139],[90.439139,23.708022]],[[90.439139,23.708022],[90.438885,23.708137],[90.438881,23.708139]],[[90.439956,23.70764],[90.439139,23.708022]],[[90.439956,23.70764],[90.440986,23.707145]],[[90.440986,23.707145],[90.440726,23.707269],[90.439956,23.70764]],[[90.441029,23.707124],[90.440986,23.707145]],[[90.441029,23.707124],[90.441252,23.707016],[90.441845,23.706732]],[[90.441845,23.706732],[90.441029,23.707124]],[[90.442079,23.706619],[90.441845,23.706732],[90.441845,23.706732]],[[90.441845,23.706732],[90.442079,23.706619]],[[90.442079,23.706619],[90.44227,23.706527],[90.44256,23.706387]],[[90.44256,23.706387],[90.442079,23.706619]],[[90.443064,23.706145],[90.44256,23.706387]],[[90.444248,23.705575],[90.443064,23.706145]],[[90.443064,23.706145],[90.443602,23.705886],[90.444248,23.705575]],[[90.444554,23.705428],[90.444248,23.705575]],[[90.444554,23.705428],[90.44523,23.705118]],[[90.44523,23.705118],[90.444993,23.705227],[90.444554,23.705428]],[[90.44523,23.705118],[90.445279,23.705096],[90.445435,23.705024]],[[90.445435,23.705024],[90.44523,23.705118]],[[90.446227,23.704661],[90.446227,23.704661],[90.445435,23.705024]],[[90.445435,23.705024],[90.446227,23.704661]],[[90.446227,23.704661],[90.44632,23.704618],[90.446527,23.704523]],[[90.446527,23.704523],[90.446227,23.704661]],[[90.446583,23.704497],[90.446527,23.704523],[90.446527,23.704523]],[[90.446527,23.704523],[90.446583,23.704497]],[[90.447564,23.704047],[90.446583,23.704497]],[[90.447564,23.704047],[90.448743,23.703506]],[[90.448743,23.703506],[90.448377,23.703674],[90.447564,23.704047]],[[90.448847,23.703459],[90.448743,23.703506]],[[90.448847,23.703459],[90.449131,23.703328]],[[90.449131,23.703328],[90.448904,23.703433],[90.448847,23.703459]],[[90.44932,23.703242],[90.449131,23.703328]],[[90.44932,23.703242],[90.449647,23.703091],[90.450169,23.702852]],[[90.450169,23.702852],[90.44932,23.703242]],[[90.450169,23.702852],[90.450392,23.70275]],[[90.450392,23.70275],[90.450224,23.702827],[90.450169,23.702852]],[[90.450392,23.70275],[90.450915,23.702497]],[[90.450915,23.702497],[90.450438,23.702729],[90.450392,23.70275]],[[90.451407,23.702258],[90.451406,23.702259],[90.451333,23.702294],[90.450915,23.702497]],[[90.450915,23.702497],[90.451333,23.702294],[90.451407,23.702258]],[[90.451407,23.702258],[90.451709,23.702112],[90.451821,23.702057]],[[90.451821,23.702057],[90.451407,23.702258]],[[90.452117,23.701914],[90.451821,23.702057],[90.451821,23.702057]],[[90.451821,23.702057],[90.452117,23.701914]],[[90.452117,23.701914],[90.452413,23.70177],[90.45252,23.701718]],[[90.45252,23.701718],[90.452117,23.701914]],[[90.453898,23.701049],[90.452949,23.70151],[90.452628,23.701666],[90.45252,23.701718]],[[90.45252,23.701718],[90.452949,23.70151],[90.453898,23.701049]],[[90.453898,23.701049],[90.45556,23.700242]],[[90.45556,23.700242],[90.454611,23.700703],[90.453898,23.701049]],[[90.45724,23.699427],[90.45556,23.700242]],[[90.45724,23.699427],[90.457539,23.699281],[90.457543,23.69928]],[[90.457543,23.69928],[90.45724,23.699427]],[[90.457675,23.699216],[90.457543,23.69928]],[[90.457543,23.69928],[90.457625,23.69924],[90.457675,23.699216]],[[90.458519,23.698804],[90.457675,23.699216]],[[90.457675,23.699216],[90.458012,23.699051],[90.458519,23.698804]],[[90.458519,23.698804],[90.460662,23.69776]],[[90.460662,23.69776],[90.45952,23.698316],[90.458519,23.698804]],[[90.460662,23.69776],[90.460678,23.697752],[90.460771,23.697707]],[[90.460771,23.697707],[90.460662,23.69776]],[[90.462219,23.697001],[90.462219,23.697001],[90.460771,23.697707]],[[90.460771,23.697707],[90.462219,23.697001]],[[90.462219,23.697001],[90.463436,23.696408]],[[90.463436,23.696408],[90.46298,23.696631],[90.462219,23.697001]],[[90.465264,23.695517],[90.463436,23.696408]],[[90.465264,23.695517],[90.465807,23.695253]],[[90.465807,23.695253],[90.465356,23.695473],[90.465264,23.695517]],[[90.466725,23.694806],[90.465807,23.695253]],[[90.465807,23.695253],[90.466005,23.695157],[90.466725,23.694806]],[[90.467143,23.694619],[90.466725,23.694806]],[[90.467143,23.694619],[90.468976,23.693799]],[[90.468976,23.693799],[90.467414,23.694497],[90.467143,23.694619]],[[90.46926,23.693719],[90.468976,23.693799]],[[90.46926,23.693719],[90.469382,23.693685],[90.469397,23.69368]],[[90.469397,23.69368],[90.46926,23.693719]],[[90.469895,23.69354],[90.469895,23.69354],[90.469692,23.693597],[90.469397,23.69368]],[[90.469397,23.69368],[90.469692,23.693597],[90.469895,23.69354]],[[90.469895,23.69354],[90.470131,23.693474],[90.470909,23.693255]],[[90.470909,23.693255],[90.469895,23.69354]],[[90.470909,23.693255],[90.471509,23.693182]],[[90.471509,23.693182],[90.471213,23.693218],[90.470909,23.693255]],[[90.472936,23.693008],[90.471509,23.693182]],[[90.471509,23.693182],[90.471728,23.693156],[90.472936,23.693008]],[[90.472936,23.693008],[90.473727,23.693016],[90.474013,23.693019]],[[90.474013,23.693019],[90.472936,23.693008]],[[90.474013,23.693019],[90.474467,23.693023],[90.474513,23.693023]],[[90.474513,23.693023],[90.474013,23.693019]],[[90.475319,23.6931],[90.474513,23.693023]],[[90.475319,23.6931],[90.475723,23.693147],[90.475777,23.693153]],[[90.475777,23.693153],[90.475319,23.6931]],[[90.476508,23.693239],[90.475831,23.69316],[90.475777,23.693153]],[[90.475777,23.693153],[90.476508,23.693239]],[[90.477768,23.693386],[90.476508,23.693239]],[[90.477768,23.693386],[90.478061,23.69342],[90.478534,23.693475],[90.478559,23.693478]],[[90.478559,23.693478],[90.477768,23.693386]],[[90.478826,23.693509],[90.478826,23.693509],[90.478726,23.693498],[90.478559,23.693478]],[[90.478559,23.693478],[90.478826,23.693509]],[[90.478826,23.693509],[90.478909,23.693519],[90.479138,23.693546]],[[90.479138,23.693546],[90.478826,23.693509]],[[90.479138,23.693546],[90.480004,23.693647],[90.480299,23.693681],[90.480651,23.693722],[90.480725,23.693731]],[[90.480658,23.693723],[90.479138,23.693546]]]},"id":"71","properties":{"Actual Bus":29,"Alingment":"Dhour ? Kamarpara ? Abdullahpur ? Airport ? Kuril Bishwaroad ? Badda ? Rampura ? Malibagh Rail Gate (left turn) ? Khilgaon Flyover ? Kamalapur ? Ttipara ? Sayedabad ? Jatrabari ? Signboard","Average OS":14.94344744,"Average TS":18.60025072,"B-A":900,"Bus No":42,"Bus Type":"AC","Capacity":54,"First A":7,"Headway":21,"Last B":22.0,"Length":54.0228,"No of  R T":3.39,"No of Trip":6.79,"Operation ":110.5166667,"Operator":"Iqbal Enterprise (AC Bus Service)","Permitted ":30,"Route_ID":"A-465","Seat No":36,"Serial_no":73,"TB Actual":0.0,"TB BRTA":6718.443674,"TB PD":6718.443674,"TBPDPT":1386,"Total B/A":33,"Travel Tim":88.78912575},"type":"Feature"},{"geometry":{"type":"LineString","coordinates":[[90.499274,23.624056],[90.49679,23.62761],[90.496597,23.628114],[90.493687,23.643999],[90.491953,23.649678],[90.489243,23.656157],[90.483981,23.672535],[90.482473,23.676513],[90.481993,23.684105],[90.480725,23.693731],[90.474675,23.693025],[90.472936,23.693008],[90.470909,23.693255],[90.468976,23.693799],[90.450438,23.702729],[90.434731,23.710025],[90.430282,23.711359],[90.425578,23.714451],[90.423791,23.715212],[90.422156,23.716228],[90.420445,23.718675],[90.420156,23.720101],[90.420337,23.721605],[90.421458,23.72166],[90.421544,23.721906],[90.421602,23.725977],[90.421884,23.726545],[90.421718,23.726869],[90.421381,23.726797],[90.415247,23.730237],[90.414744,23.730326],[90.405233,23.729902],[90.404904,23.73048],[90.404405,23.732575],[90.403698,23.73369],[90.402128,23.733959],[90.400904,23.734609],[90.399596,23.736968],[90.39896,23.737663],[90.397505,23.738105],[90.39587,23.738104],[90.396104,23.740887],[90.395738,23.742737],[90.393298,23.749834],[90.389783,23.75916],[90.383735,23.758853],[90.383513,23.758644],[90.374182,23.758146],[90.371098,23.763491],[90.36734,23.773144],[90.366303,23.774383],[90.364625,23.77571],[90.360307,23.778499],[90.356282,23.779247],[90.351813,23.781569],[90.350123,23.782356],[90.349116,23.782645],[90.343716,23.783342],[90.339424,23.783048],[90.338649,23.783122],[90.329553,23.786326],[90.328706,23.786771],[90.325148,23.78949],[90.323214,23.790071],[90.316425,23.7898],[90.312707,23.790124],[90.302028,23.792284],[90.293218,23.794649],[90.291153,23.795059],[90.288997,23.795268],[90.285367,23.795239],[90.281343,23.794977],[90.27284,23.793317],[90.270193,23.793306],[90.268134,23.793947],[90.26707,23.79451],[90.265538,23.795656],[90.264049,23.797356],[90.263399,23.798692],[90.2622,23.802971],[90.260036,23.807232],[90.257598,23.811499],[90.257328,23.812496],[90.257492,23.821194],[90.259062,23.832995],[90.259023,23.83491],[90.256662,23.843101],[90.256532,23.844614],[90.257082,23.846609],[90.259685,23.853698],[90.262607,23.858998],[90.263501,23.860072],[90.265648,23.861515],[90.269186,23.86462],[90.270582,23.866154],[90.271928,23.868281],[90.272661,23.86996],[90.273317,23.874367],[90.272531,23.885089],[90.271589,23.893644],[90.268269,23.903612],[90.26701,23.905548],[90.263248,23.909843],[90.261121,23.911569],[90.258459,23.913361],[90.27352,23.946258],[90.274236,23.948525],[90.274347,23.949545],[90.274268,23.950633],[90.274064,23.951097]]},"id":"72","properties":{"Actual Bus":190,"Alingment":"Savar (EPZ) ? Gabtoli ? Asad Gate ? Farmgate ? Shahbagh ? Press Club ? Dainik Bangla ? Bangladesh Bank ? Ittefaq ? Sayedabad ? Jatrabari ? Link Road","Average OS":10.18648214,"Average TS":15.92500412,"B-A":960,"Bus No":54,"Bus Type":"Non-AC","Capacity":54,"First A":6,"Headway":18,"Last B":22.0,"Length":54.9781,"No of  R T":3.86,"No of Trip":7.72,"Operation ":103.5666666,"Operator":"Various Owners","Permitted ":76,"Route_ID":"A-190","Seat No":36,"Serial_no":74,"TB Actual":0.0,"TB BRTA":63989.7007,"TB PD":63989.7007,"TBPDPT":5886,"Total B/A":109,"Travel Tim":66.24676464},"type":"Feature"},{"geometry":{"type":"MultiLineString","coordinates":[[[90.347225,23.81234],[90.348816,23.811054]],[[90.348521,23.811342],[90.348816,23.811054]],[[90.348816,23.811054],[90.349968,23.809932]],[[90.348816,23.811054],[90.349288,23.810595],[90.349968,23.809932]],[[90.349968,23.809932],[90.350124,23.809635],[90.350528,23.808861]],[[90.349968,23.809932],[90.350528,23.808861]],[[90.350528,23.808861],[90.351311,23.807366],[90.351627,23.805656]],[[90.351627,23.805656],[90.35168,23.805388],[90.351696,23.805309]],[[90.351627,23.805656],[90.351696,23.805309]],[[90.351696,23.805309],[90.351969,23.804789]],[[90.351696,23.805309],[90.351803,23.805104],[90.351969,23.804789]],[[90.351969,23.804789],[90.354294,23.801318]],[[90.354294,23.801318],[90.355131,23.80012]],[[90.354294,23.801318],[90.35507,23.800209],[90.355131,23.80012]],[[90.355131,23.80012],[90.355266,23.799876],[90.355527,23.800049]],[[90.355131,23.80012],[90.355266,23.799876],[90.355527,23.800049]],[[90.355527,23.800049],[90.355838,23.800242],[90.35601,23.800348]],[[90.355527,23.800049],[90.35601,23.800348]],[[90.35601,23.800348],[90.35601,23.800348],[90.35601,23.800348]],[[90.35601,23.800348],[90.35601,23.800348]],[[90.35601,23.800348],[90.356013,23.80035],[90.356049,23.800372]],[[90.35601,23.800348],[90.356049,23.800372]],[[90.356049,23.800372],[90.356053,23.800374],[90.356053,23.800374]],[[90.356049,23.800372],[90.356053,23.800374]],[[90.356053,23.800374],[90.357213,23.801092],[90.357952,23.801549]],[[90.356053,23.800374],[90.357952,23.801549]],[[90.357952,23.801549],[90.358129,23.801661]],[[90.358129,23.801661],[90.358483,23.801885],[90.358544,23.801924]],[[90.358129,23.801661],[90.358544,23.801924]],[[90.358544,23.801924],[90.359322,23.802416],[90.361311,23.803675]],[[90.358544,23.801924],[90.361311,23.803675]],[[90.361311,23.803675],[90.361328,23.803686]],[[90.361328,23.803686],[90.361866,23.80403],[90.363452,23.805045]],[[90.361328,23.803686],[90.363452,23.805045]],[[90.363452,23.805045],[90.364461,23.805655]],[[90.364461,23.805655],[90.366698,23.806669]],[[90.364461,23.805655],[90.365697,23.806319],[90.366698,23.806669]],[[90.366698,23.806669],[90.36791,23.806941],[90.36845,23.807063]],[[90.366698,23.806669],[90.36845,23.807063]],[[90.36845,23.807063],[90.36856,23.807097]],[[90.36856,23.807097],[90.3686,23.806941],[90.368702,23.806545]],[[90.36856,23.807097],[90.368702,23.806545]],[[90.368702,23.806545],[90.368708,23.806519],[90.36871,23.806511]],[[90.368702,23.806545],[90.36871,23.806511]],[[90.36871,23.806511],[90.368865,23.806183],[90.369097,23.805691]],[[90.36871,23.806511],[90.369097,23.805691]],[[90.369097,23.805691],[90.369219,23.805434],[90.369219,23.805434]],[[90.369097,23.805691],[90.369219,23.805434]],[[90.369219,23.805434],[90.369411,23.805026],[90.369545,23.804744]],[[90.369219,23.805434],[90.369545,23.804744]],[[90.369545,23.804744],[90.369849,23.8041]],[[90.369545,23.804744],[90.369554,23.804724],[90.369849,23.8041]],[[90.369849,23.8041],[90.369958,23.803869],[90.37025,23.80325]],[[90.369849,23.8041],[90.37025,23.80325]],[[90.37025,23.80325],[90.370274,23.803193]],[[90.370274,23.803193],[90.370388,23.802921],[90.370478,23.80271]],[[90.370274,23.803193],[90.370478,23.80271]],[[90.370478,23.80271],[90.371014,23.801439]],[[90.371014,23.801439],[90.371257,23.800863],[90.37134,23.800667]],[[90.371014,23.801439],[90.37134,23.800667]],[[90.37134,23.800667],[90.371472,23.800356]],[[90.371472,23.800356],[90.371592,23.800072],[90.371592,23.800072]],[[90.371472,23.800356],[90.371592,23.800072]],[[90.371592,23.800072],[90.371946,23.799232],[90.371968,23.79918]],[[90.371592,23.800072],[90.371968,23.79918]],[[90.371968,23.79918],[90.372894,23.796989]],[[90.372894,23.796989],[90.372905,23.796964],[90.372937,23.796888]],[[90.372894,23.796989],[90.372937,23.796888]],[[90.372937,23.796888],[90.373222,23.796225]],[[90.373222,23.796225],[90.373495,23.795587],[90.373786,23.794911]],[[90.373222,23.796225],[90.373786,23.794911]],[[90.373786,23.794911],[90.373959,23.794506],[90.374274,23.793774]],[[90.373786,23.794911],[90.374274,23.793774]],[[90.374274,23.793774],[90.374557,23.793113],[90.374674,23.792842]],[[90.374274,23.793774],[90.374674,23.792842]],[[90.374674,23.792842],[90.37503,23.792011],[90.375416,23.791112]],[[90.374674,23.792842],[90.375416,23.791112]],[[90.375416,23.791112],[90.376177,23.789339],[90.376738,23.788033]],[[90.375416,23.791112],[90.376738,23.788033]],[[90.376738,23.788033],[90.376831,23.787815],[90.376981,23.787465]],[[90.376738,23.788033],[90.376981,23.787465]],[[90.376981,23.787465],[90.377153,23.787063]],[[90.376981,23.787465],[90.376981,23.787465],[90.377153,23.787063]],[[90.377153,23.787063],[90.377414,23.786451],[90.377495,23.786262]],[[90.377153,23.787063],[90.377495,23.786262]],[[90.377495,23.786262],[90.378006,23.784993]],[[90.378006,23.784993],[90.378171,23.784494],[90.378355,23.783941]],[[90.378006,23.784993],[90.378355,23.783941]],[[90.378355,23.783941],[90.378355,23.783941],[90.378421,23.783741]],[[90.378355,23.783941],[90.378421,23.783741]],[[90.378421,23.783741],[90.37857,23.78329],[90.37865,23.783051]],[[90.378421,23.783741],[90.37865,23.783051]],[[90.37865,23.783051],[90.378878,23.782362],[90.378984,23.78204]],[[90.37865,23.783051],[90.378984,23.78204]],[[90.378984,23.78204],[90.37908,23.781753]],[[90.37908,23.781753],[90.379159,23.7815],[90.379184,23.781423]],[[90.37908,23.781753],[90.379184,23.781423]],[[90.379184,23.781423],[90.379184,23.781423],[90.379187,23.781412]],[[90.379184,23.781423],[90.379187,23.781412]],[[90.379187,23.781412],[90.379237,23.781254],[90.379239,23.781248]],[[90.379187,23.781412],[90.379239,23.781248]],[[90.379239,23.781248],[90.379239,23.781248],[90.379239,23.781247]],[[90.379239,23.781248],[90.379239,23.781247]],[[90.379239,23.781247],[90.37927,23.781148],[90.37929,23.781085]],[[90.379239,23.781247],[90.37929,23.781085]],[[90.37929,23.781085],[90.379454,23.780566]],[[90.37929,23.781085],[90.37929,23.781085],[90.379454,23.780566]],[[90.379454,23.780566],[90.379457,23.780557]],[[90.379457,23.780557],[90.379863,23.779268],[90.380228,23.778109]],[[90.379457,23.780557],[90.380228,23.778109]],[[90.380228,23.778109],[90.38023,23.778105],[90.380236,23.778085]],[[90.380228,23.778109],[90.380236,23.778085]],[[90.380236,23.778085],[90.380258,23.778015]],[[90.380236,23.778085],[90.38025,23.77804],[90.380258,23.778015]],[[90.380258,23.778015],[90.380315,23.777833],[90.380496,23.77726]],[[90.380258,23.778015],[90.380496,23.77726]],[[90.380496,23.77726],[90.380591,23.776823],[90.380599,23.776786]],[[90.380496,23.77726],[90.380599,23.776786]],[[90.380599,23.776786],[90.380616,23.776726],[90.380668,23.77655]],[[90.380599,23.776786],[90.380668,23.77655]],[[90.380668,23.77655],[90.381093,23.775094],[90.381327,23.774295]],[[90.380668,23.77655],[90.381327,23.774295]],[[90.381327,23.774295],[90.381679,23.773091]],[[90.381679,23.773091],[90.38181,23.772641],[90.382016,23.771936]],[[90.381679,23.773091],[90.382016,23.771936]],[[90.382016,23.771936],[90.382397,23.770631]],[[90.382397,23.770631],[90.382867,23.768161]],[[90.382397,23.770631],[90.382785,23.768651],[90.382867,23.768161]],[[90.382867,23.768161],[90.382949,23.767675]],[[90.382949,23.767675],[90.383017,23.767267],[90.383088,23.766841]],[[90.382949,23.767675],[90.383088,23.766841]],[[90.383088,23.766841],[90.383146,23.766497],[90.383166,23.76638]],[[90.383088,23.766841],[90.383166,23.76638]],[[90.383166,23.76638],[90.383197,23.766194]],[[90.383197,23.766194],[90.383249,23.765881],[90.383299,23.765581]],[[90.383197,23.766194],[90.383299,23.765581]],[[90.383299,23.765581],[90.383353,23.765153],[90.3837,23.765161]],[[90.3837,23.765161],[90.385522,23.764893],[90.38871,23.764424]],[[90.3837,23.765161],[90.38871,23.764424]],[[90.38871,23.764424],[90.388992,23.764433]],[[90.388992,23.764433],[90.389097,23.763363],[90.389152,23.762794]],[[90.388992,23.764433],[90.389152,23.762794]],[[90.389152,23.762794],[90.389152,23.762794],[90.389152,23.762792]],[[90.389152,23.762794],[90.389152,23.762792]],[[90.389152,23.762792],[90.389158,23.762733],[90.389174,23.762563]],[[90.389152,23.762792],[90.389174,23.762563]],[[90.389174,23.762563],[90.389357,23.761065]],[[90.389174,23.762563],[90.389267,23.761798],[90.389357,23.761065]],[[90.389357,23.761065],[90.389413,23.760794],[90.389526,23.760251]],[[90.389357,23.761065],[90.389526,23.760251]],[[90.389526,23.760251],[90.389759,23.759192],[90.389783,23.75916]],[[90.389526,23.760251],[90.389783,23.75916]],[[90.389783,23.75916],[90.389832,23.759031]],[[90.389832,23.759031],[90.389889,23.758882],[90.389957,23.758705],[90.389981,23.758642]],[[90.389832,23.759031],[90.389957,23.758705],[90.389981,23.758642]],[[90.389981,23.758642],[90.390027,23.758523],[90.390027,23.758522]],[[90.389981,23.758642],[90.390027,23.758522]],[[90.390027,23.758522],[90.390066,23.758422],[90.390086,23.75837]],[[90.390027,23.758522],[90.390086,23.75837]],[[90.390086,23.75837],[90.390384,23.757591]],[[90.390086,23.75837],[90.390253,23.757933],[90.390384,23.757591]],[[90.390384,23.757591],[90.390424,23.757489],[90.390439,23.757449]],[[90.390384,23.757591],[90.390439,23.757449]],[[90.390439,23.757449],[90.390439,23.757448],[90.390439,23.757448]],[[90.390439,23.757449],[90.390439,23.757448]],[[90.390439,23.757448],[90.390513,23.757256],[90.390573,23.757099]],[[90.390439,23.757448],[90.390573,23.757099]],[[90.390573,23.757099],[90.390573,23.757099],[90.390573,23.757098]],[[90.390573,23.757099],[90.390573,23.757098]],[[90.390573,23.757098],[90.390631,23.756947],[90.390779,23.756562]],[[90.390573,23.757098],[90.390779,23.756562]],[[90.390779,23.756562],[90.390779,23.756561],[90.390896,23.756257],[90.390896,23.756257]],[[90.390779,23.756562],[90.390896,23.756257]],[[90.390896,23.756257],[90.390959,23.756093],[90.391037,23.755889]],[[90.390896,23.756257],[90.391037,23.755889]],[[90.391037,23.755889],[90.391037,23.755888],[90.391084,23.755766],[90.391084,23.755766]],[[90.391037,23.755889],[90.391084,23.755766]],[[90.391084,23.755766],[90.391171,23.75554],[90.391317,23.75516]],[[90.391084,23.755766],[90.391317,23.75516]],[[90.391317,23.75516],[90.391317,23.755159],[90.391319,23.755154],[90.391537,23.754587],[90.391547,23.754559]],[[90.391317,23.75516],[90.391319,23.755154],[90.391537,23.754587],[90.391547,23.754559]],[[90.391547,23.754559],[90.391564,23.754514],[90.391582,23.754467]],[[90.391547,23.754559],[90.391582,23.754467]],[[90.391582,23.754467],[90.391582,23.754467],[90.391584,23.754464]],[[90.391582,23.754467],[90.391584,23.754464]],[[90.391584,23.754464],[90.391737,23.754063],[90.39174,23.754055]],[[90.391584,23.754464],[90.39174,23.754055]],[[90.39174,23.754055],[90.391997,23.753387]],[[90.391997,23.753387],[90.392041,23.753272],[90.392127,23.753046]],[[90.391997,23.753387],[90.392127,23.753046]],[[90.392127,23.753046],[90.392174,23.752924]],[[90.392174,23.752924],[90.392188,23.752885],[90.392196,23.752865]],[[90.392174,23.752924],[90.392196,23.752865]],[[90.392196,23.752865],[90.392356,23.752423],[90.392459,23.752141]],[[90.392196,23.752865],[90.392459,23.752141]],[[90.392459,23.752141],[90.392516,23.751982],[90.392653,23.751606]],[[90.392459,23.752141],[90.392653,23.751606]],[[90.392653,23.751606],[90.392715,23.751435]],[[90.392653,23.751606],[90.392675,23.751547],[90.392715,23.751435]],[[90.392715,23.751435],[90.392755,23.751326],[90.392917,23.750879]],[[90.392715,23.751435],[90.392917,23.750879]],[[90.392917,23.750879],[90.392922,23.750868],[90.392969,23.750737]],[[90.392917,23.750879],[90.392969,23.750737]],[[90.392969,23.750737],[90.393226,23.750031]],[[90.393226,23.750031],[90.393254,23.749955],[90.393298,23.749834]],[[90.393226,23.750031],[90.393298,23.749834]],[[90.393298,23.749834],[90.393887,23.748185]],[[90.393298,23.749834],[90.393529,23.749187],[90.393887,23.748185]],[[90.393887,23.748185],[90.394016,23.747826]],[[90.394016,23.747826],[90.394193,23.747329],[90.394334,23.746937]],[[90.394016,23.747826],[90.394334,23.746937]],[[90.394334,23.746937],[90.394589,23.746222],[90.394679,23.745973]],[[90.394334,23.746937],[90.394679,23.745973]],[[90.394679,23.745973],[90.394812,23.745971]],[[90.394812,23.745971],[90.398132,23.746861],[90.399406,23.747203],[90.40221,23.748171],[90.403569,23.74864]],[[90.394812,23.745971],[90.399406,23.747203],[90.403569,23.74864]],[[90.403569,23.74864],[90.403764,23.748711]],[[90.403764,23.748711],[90.404361,23.748906],[90.405259,23.749199]],[[90.403764,23.748711],[90.405259,23.749199]],[[90.405259,23.749199],[90.406284,23.74922]],[[90.406284,23.74922],[90.406808,23.749184],[90.40684,23.749182]],[[90.406284,23.74922],[90.40684,23.749182]],[[90.40684,23.749182],[90.40736,23.74909]],[[90.40736,23.74909],[90.407973,23.748876],[90.409689,23.747648]],[[90.40736,23.74909],[90.407973,23.748876],[90.409689,23.747648]],[[90.409689,23.747648],[90.410003,23.747375],[90.410438,23.746997]],[[90.409689,23.747648],[90.410438,23.746997]],[[90.410438,23.746997],[90.411062,23.746456]],[[90.411062,23.746456],[90.411526,23.74614],[90.412173,23.745698]],[[90.411062,23.746456],[90.412173,23.745698]],[[90.412173,23.745698],[90.413183,23.744964],[90.414301,23.74415]],[[90.412173,23.745698],[90.414301,23.74415]],[[90.414301,23.74415],[90.415887,23.742985],[90.419641,23.740224]],[[90.414301,23.74415],[90.419641,23.740224]],[[90.419641,23.740224],[90.419732,23.740144],[90.419898,23.739998]],[[90.419641,23.740224],[90.419898,23.739998]],[[90.419898,23.739998],[90.419919,23.739979]],[[90.419919,23.739979],[90.422002,23.737968],[90.423412,23.736607]],[[90.419919,23.739979],[90.423412,23.736607]],[[90.425251,23.732419],[90.421026,23.731545],[90.421794,23.72978],[90.42201,23.728568],[90.421718,23.726869],[90.421884,23.726545],[90.421602,23.725977],[90.421544,23.721906],[90.421458,23.72166],[90.420337,23.721605],[90.420147,23.720749],[90.420445,23.718675],[90.422156,23.716228],[90.422641,23.71589],[90.423791,23.715212],[90.425578,23.714451],[90.429975,23.711528],[90.434239,23.710424],[90.434573,23.709553],[90.434832,23.705994],[90.436033,23.696883],[90.435398,23.69458],[90.434574,23.693561],[90.422698,23.683469],[90.421387,23.682866],[90.419822,23.682823]],[[90.423412,23.736607],[90.423559,23.736361],[90.423815,23.735936]],[[90.423412,23.736607],[90.423815,23.735936]],[[90.423815,23.735936],[90.424372,23.734703],[90.42468,23.734022]],[[90.423815,23.735936],[90.42468,23.734022]],[[90.42468,23.734022],[90.42468,23.734022]],[[90.42468,23.734022],[90.42468,23.734022],[90.42468,23.734022]],[[90.42468,23.734022],[90.424999,23.733127],[90.425251,23.732419]],[[90.42468,23.734022],[90.425251,23.732419]],[[90.425251,23.732419],[90.425252,23.732413]]]},"id":"73","properties":{"Actual Bus":30,"Alingment":"Zoo ? Mirpur-1 ? Mirpur-2 ? Mirpur-10 ? Kazipara ? Shewrapara ? Farmgate ? Bangla Motor ? Moghbazar ? Mouchak Market ? Pir Jangi Mor ? Kamalapur ? Motijheel ? Sayedabad ? Jatrabari ? Postogola Bridge ? Ikuria","Average OS":10.57026831,"Average TS":24.64972963,"B-A":1020,"Bus No":45,"Bus Type":"Non-AC","Capacity":54,"First A":6,"Headway":23,"Last B":23.0,"Length":34.4749,"No of  R T":3.7,"No of Trip":7.4,"Operation ":114.9166667,"Operator":"Ayat Paribahan","Permitted ":37,"Route_ID":"A-344","Seat No":36,"Serial_no":75,"TB Actual":23965.19217,"TB BRTA":29557.07034,"TB PD":29557.07034,"TBPDPT":4860,"Total B/A":108,"Travel Tim":49.27843098},"type":"Feature"},{"geometry":{"type":"MultiLineString","coordinates":[[[90.387616,23.722787],[90.3863,23.726879],[90.385654,23.730577],[90.384042,23.736194],[90.382016,23.744729],[90.374182,23.758146],[90.389832,23.759031],[90.38956,23.760105],[90.388924,23.765351],[90.389257,23.768631],[90.390149,23.773352],[90.38996,23.77529],[90.392541,23.775664],[90.393286,23.775909],[90.397345,23.778099],[90.398085,23.778731],[90.398373,23.779309],[90.400365,23.79046],[90.403998,23.81282],[90.404569,23.81549],[90.405499,23.816528],[90.406433,23.81694],[90.411838,23.816984],[90.415614,23.819272],[90.419174,23.821873],[90.419972,23.82303],[90.42053,23.824678],[90.42045,23.826083],[90.419325,23.833172],[90.418689,23.836325],[90.4176,23.83924],[90.416786,23.840403],[90.400753,23.85999],[90.400244,23.860833],[90.399885,23.862536],[90.400097,23.864435]],[[90.400097,23.864435],[90.40062,23.873277],[90.400534,23.875292],[90.401316,23.878592],[90.400222,23.886001],[90.40122,23.889079],[90.401944,23.892213],[90.40194,23.892716],[90.401658,23.893373],[90.400127,23.895015],[90.398896,23.89725],[90.399215,23.903835],[90.398922,23.905737]],[[90.400097,23.864435],[90.400091,23.864384]]]},"id":"74","properties":{"Actual Bus":121,"Alingment":"Tongi (Cherag Ali) ? Azampur ? Mohakhali ? Farmgate ? Manik Mia ? City College ? Nilkhet ? Dhakeshwari Orphanage ? Dhakeshwari","Average OS":18.13614319,"Average TS":21.35313448,"B-A":1050,"Bus No":114,"Bus Type":"Non-AC","Capacity":54,"First A":6,"Headway":9,"Last B":23.5,"Length":24.5003,"No of  R T":3.79,"No of Trip":7.58,"Operation ":115.4666667,"Operator":"Duldul / Various Owners / VIP Automobiles Pvt. Ltd.","Permitted ":97,"Route_ID":"A-207","Seat No":36,"Serial_no":76,"TB Actual":99028.57968,"TB BRTA":79386.54734,"TB PD":79386.54734,"TBPDPT":12312,"Total B/A":108,"Travel Tim":98.07084773},"type":"Feature"},{"geometry":{"type":"MultiLineString","coordinates":[[[90.417117,23.786169],[90.417128,23.784165],[90.416731,23.781196],[90.416851,23.779573],[90.416518,23.775619],[90.416175,23.773681],[90.41587,23.773063],[90.412787,23.771753],[90.411773,23.771505],[90.411185,23.770308],[90.410842,23.770079],[90.404082,23.770826],[90.401679,23.771263],[90.40132,23.771189],[90.401343,23.770132]],[[90.414231,23.794851],[90.415068,23.793475],[90.415899,23.791209],[90.416418,23.789374],[90.417117,23.786169]],[[90.417117,23.786169],[90.417112,23.786092],[90.417105,23.786218],[90.417117,23.786169]]]},"id":"75","properties":{"Actual Bus":43,"Alingment":"Gulshan-2 ? Gulshan-1 ? Nabisco","Average OS":12.11142857,"Average TS":11.59609285,"B-A":930,"Bus No":110,"Bus Type":"AC","Capacity":54,"First A":7,"Headway":8,"Last B":22.5,"Length":4.26919,"No of  R T":18.45,"No of Trip":36.9,"Operation ":21.0,"Operator":"Dhaka Chaka (AC)","Permitted ":0,"Route_ID":"N08","Seat No":36,"Serial_no":77,"TB Actual":0.0,"TB BRTA":0.0,"TB PD":0.0,"TBPDPT":5170,"Total B/A":47,"Travel Tim":21.9332497},"type":"Feature"},{"geometry":{"type":"MultiLineString","coordinates":[[[90.370222,23.765818],[90.36734,23.773144],[90.366303,23.774383],[90.364625,23.77571],[90.360307,23.778499],[90.356282,23.779247],[90.350123,23.782356],[90.349116,23.782645],[90.343716,23.783342],[90.339424,23.783048],[90.338649,23.783122],[90.329553,23.786326],[90.328706,23.786771],[90.325148,23.78949],[90.323214,23.790071],[90.316425,23.7898],[90.312707,23.790124],[90.302028,23.792284],[90.293218,23.794649],[90.291153,23.795059],[90.2874,23.795306],[90.281343,23.794977],[90.27284,23.793317],[90.270193,23.793306],[90.268134,23.793947],[90.26707,23.79451],[90.265538,23.795656],[90.263711,23.797919],[90.2622,23.802971],[90.260036,23.807232],[90.257598,23.811499],[90.257328,23.812496],[90.257492,23.821194],[90.259062,23.832995],[90.259023,23.83491],[90.256662,23.843101],[90.256532,23.844614],[90.257082,23.846609],[90.259685,23.853698],[90.262607,23.858998],[90.263501,23.860072],[90.265648,23.861515],[90.269186,23.86462],[90.270582,23.866154],[90.271928,23.868281],[90.272661,23.86996],[90.273317,23.874367],[90.272531,23.885089],[90.271589,23.893644],[90.268269,23.903612],[90.26701,23.905548],[90.263248,23.909843],[90.261121,23.911569],[90.258459,23.913361],[90.27352,23.946258],[90.274236,23.948525],[90.274347,23.949545],[90.274268,23.950633],[90.274064,23.951097]],[[90.370222,23.765818],[90.370036,23.766311]],[[90.410611,23.721963],[90.410781,23.723079],[90.41191,23.723044],[90.412105,23.727402],[90.411985,23.72761],[90.41051,23.727797],[90.410144,23.730121],[90.405233,23.729902],[90.404904,23.73048],[90.404405,23.732575],[90.403698,23.73369],[90.402128,23.733959],[90.400904,23.734609],[90.399596,23.736968],[90.39896,23.737663],[90.397505,23.738105],[90.39587,23.738104],[90.388604,23.73905],[90.383544,23.738929],[90.382016,23.744729],[90.371098,23.763491],[90.370222,23.765818]],[[90.410611,23.721963],[90.410614,23.721974]],[[90.410726,23.707484],[90.410889,23.707785],[90.411548,23.708162],[90.411964,23.708965],[90.411956,23.709824],[90.411589,23.711635],[90.411537,23.713695],[90.408602,23.714485],[90.408583,23.714611],[90.408759,23.718157],[90.409975,23.720024],[90.410611,23.721963]]]},"id":"76","properties":{"Actual Bus":204,"Alingment":"Sadarghat ? Gulistan ? Paltan ? Shahbagh ? Science Lab ? Asad Gate ? Gabtoli ? Savar Nabinagar ? EPZ","Average OS":18.50286018,"Average TS":20.2743506,"B-A":930,"Bus No":53,"Bus Type":"Non-AC","Capacity":54,"First A":7,"Headway":18,"Last B":22.5,"Length":40.4266,"No of  R T":3.09,"No of Trip":6.19,"Operation ":125.2833334,"Operator":"Savar Paribahan Ltd.","Permitted ":83,"Route_ID":"A-309","Seat No":36,"Serial_no":78,"TB Actual":0.0,"TB BRTA":69313.88851,"TB PD":69313.88851,"TBPDPT":7155,"Total B/A":135,"Travel Tim":114.3365844},"type":"Feature"},{"geometry":{"type":"MultiLineString","coordinates":[[[90.242463,24.028481],[90.241937,24.031306]],[[90.244045,24.020006],[90.242799,24.026677],[90.242463,24.028481]],[[90.244045,24.020006],[90.242463,24.028481]],[[90.244502,24.017959],[90.244045,24.020006]],[[90.245044,24.016171],[90.244809,24.016946],[90.244502,24.017959]],[[90.245044,24.016171],[90.244502,24.017959]],[[90.248808,24.008047],[90.247079,24.01178],[90.245044,24.016171]],[[90.248808,24.008047],[90.245044,24.016171]],[[90.252538,24.000286],[90.25159,24.002258],[90.248808,24.008047]],[[90.252538,24.000286],[90.248808,24.008047]],[[90.255702,23.993681],[90.255675,23.993738],[90.252538,24.000286]],[[90.255702,23.993681],[90.252538,24.000286]],[[90.265577,23.971272],[90.260118,23.98366],[90.255702,23.993681]],[[90.265577,23.971272],[90.255702,23.993681]],[[90.256532,23.844614],[90.25655,23.844704],[90.256574,23.844826]],[[90.256532,23.844614],[90.256574,23.844826]],[[90.256533,23.843641],[90.256532,23.844614]],[[90.256533,23.843641],[90.256532,23.844419],[90.256532,23.844614]],[[90.256662,23.843101],[90.256632,23.843226],[90.256533,23.843641]],[[90.256662,23.843101],[90.256533,23.843641]],[[90.256574,23.844826],[90.256623,23.845077],[90.256695,23.845443]],[[90.256574,23.844826],[90.256695,23.845443]],[[90.257132,23.841507],[90.256662,23.843101]],[[90.256695,23.845443],[90.256833,23.845859],[90.257082,23.846609]],[[90.256695,23.845443],[90.257082,23.846609]],[[90.257082,23.846609],[90.257205,23.846945],[90.257378,23.847415]],[[90.257082,23.846609],[90.257378,23.847415]],[[90.258305,23.837536],[90.257155,23.84143],[90.257132,23.841507]],[[90.258305,23.837536],[90.257132,23.841507]],[[90.257288,23.813022],[90.257289,23.813199],[90.257294,23.813823]],[[90.257288,23.813022],[90.257294,23.813823]],[[90.257598,23.811499],[90.257288,23.813022]],[[90.257294,23.813823],[90.257308,23.814329],[90.257318,23.814696]],[[90.257294,23.813823],[90.257318,23.814696]],[[90.257378,23.847415],[90.257392,23.847454],[90.257507,23.847767]],[[90.257378,23.847415],[90.257507,23.847767]],[[90.257318,23.814696],[90.257492,23.821194],[90.257692,23.822588]],[[90.257507,23.847767],[90.257509,23.847771]],[[90.257509,23.847771],[90.257651,23.848159],[90.257743,23.84841]],[[90.257509,23.847771],[90.257743,23.84841]],[[90.259422,23.808307],[90.259241,23.808623],[90.257598,23.811499]],[[90.259422,23.808307],[90.257598,23.811499]],[[90.257692,23.822588],[90.258012,23.82492],[90.258533,23.828721]],[[90.257692,23.822588],[90.258533,23.828721]],[[90.257743,23.84841],[90.257813,23.848599]],[[90.257813,23.848599],[90.258862,23.851457],[90.259685,23.853698]],[[90.257813,23.848599],[90.259685,23.853698]],[[90.25883,23.835758],[90.258409,23.837182],[90.258305,23.837536]],[[90.25883,23.835758],[90.258305,23.837536]],[[90.258478,23.913435],[90.259454,23.915582],[90.262627,23.922567]],[[90.258478,23.913435],[90.262627,23.922567]],[[90.259189,23.91287],[90.258478,23.913435]],[[90.258533,23.828721],[90.258533,23.828721],[90.258737,23.830205]],[[90.258533,23.828721],[90.258737,23.830205]],[[90.258737,23.830205],[90.258931,23.831868],[90.259062,23.832995]],[[90.258737,23.830205],[90.259062,23.832995]],[[90.259059,23.833173],[90.259023,23.83491],[90.25883,23.835758]],[[90.261121,23.911569],[90.260776,23.911801],[90.259189,23.91287]],[[90.261121,23.911569],[90.259189,23.91287]],[[90.259062,23.832995],[90.259059,23.833136],[90.259059,23.833173]],[[90.259062,23.832995],[90.259059,23.833173]],[[90.260036,23.807232],[90.259506,23.80816],[90.259422,23.808307]],[[90.260036,23.807232],[90.259422,23.808307]],[[90.259685,23.853698],[90.260272,23.854752],[90.261395,23.856771]],[[90.259685,23.853698],[90.261395,23.856771]],[[90.262526,23.801977],[90.262202,23.802966],[90.2618,23.803759],[90.260036,23.807232]],[[90.262526,23.801977],[90.2622,23.802971],[90.260036,23.807232]],[[90.268269,23.903612],[90.26701,23.905548],[90.264768,23.908214],[90.263248,23.909843],[90.261121,23.911569]],[[90.261395,23.856771],[90.262231,23.858307],[90.262607,23.858998]],[[90.261395,23.856771],[90.262607,23.858998]],[[90.262627,23.922567],[90.262649,23.922617]],[[90.262649,23.922617],[90.264242,23.926136],[90.265737,23.929442]],[[90.262649,23.922617],[90.265737,23.929442]],[[90.262607,23.858998],[90.263501,23.860072],[90.264,23.860369]],[[90.262961,23.800354],[90.262552,23.801878],[90.262526,23.801977]],[[90.262961,23.800354],[90.262526,23.801977]],[[90.263399,23.798692],[90.262964,23.800339],[90.262961,23.800354]],[[90.263399,23.798692],[90.262961,23.800354]],[[90.263496,23.798452],[90.263426,23.798625],[90.263399,23.798692]],[[90.263496,23.798452],[90.263399,23.798692]],[[90.263711,23.797919],[90.263496,23.798452]],[[90.264049,23.797356],[90.263725,23.797894],[90.263711,23.797919]],[[90.264049,23.797356],[90.263711,23.797919]],[[90.264,23.860369],[90.264281,23.860564],[90.265648,23.861515]],[[90.264,23.860369],[90.265648,23.861515]],[[90.264599,23.796687],[90.264049,23.797356]],[[90.265538,23.795656],[90.264803,23.796463],[90.264599,23.796687]],[[90.265538,23.795656],[90.264599,23.796687]],[[90.267861,23.965926],[90.26703,23.96787],[90.265577,23.971272]],[[90.267861,23.965926],[90.265577,23.971272]],[[90.265737,23.929442],[90.268436,23.935354],[90.269768,23.938271]],[[90.265737,23.929442],[90.269768,23.938271]],[[90.265648,23.861515],[90.266606,23.862322],[90.266771,23.862461]],[[90.265648,23.861515],[90.266771,23.862461]],[[90.26707,23.79451],[90.266427,23.794992],[90.265538,23.795656]],[[90.26707,23.79451],[90.265538,23.795656]],[[90.266771,23.862461],[90.26789,23.863461],[90.269186,23.86462]],[[90.266771,23.862461],[90.269186,23.86462]],[[90.268134,23.793947],[90.26707,23.79451]],[[90.270304,23.960208],[90.269218,23.962749],[90.267861,23.965926]],[[90.270304,23.960208],[90.267861,23.965926]],[[90.270714,23.896297],[90.269153,23.900968],[90.268269,23.903612]],[[90.270714,23.896297],[90.268269,23.903612]],[[90.268982,23.793622],[90.268592,23.793771],[90.268134,23.793947]],[[90.268982,23.793622],[90.268134,23.793947]],[[90.270193,23.793306],[90.269045,23.793606],[90.268982,23.793622]],[[90.270193,23.793306],[90.268982,23.793622]],[[90.269186,23.86462],[90.269702,23.865187],[90.270582,23.866154]],[[90.269186,23.86462],[90.270582,23.866154]],[[90.269768,23.938271],[90.271425,23.941798],[90.272624,23.94435]],[[90.269768,23.938271],[90.272624,23.94435]],[[90.273907,23.951524],[90.270645,23.959384],[90.270304,23.960208]],[[90.273907,23.951524],[90.270304,23.960208]],[[90.27148,23.793222],[90.270652,23.793276],[90.270193,23.793306]],[[90.27148,23.793222],[90.270193,23.793306]],[[90.270582,23.866154],[90.270835,23.866555]],[[90.271589,23.893644],[90.271242,23.894697],[90.270714,23.896297]],[[90.271589,23.893644],[90.270714,23.896297]],[[90.270835,23.866555],[90.271597,23.867758],[90.271928,23.868281]],[[90.270835,23.866555],[90.271928,23.868281]],[[90.271904,23.890781],[90.271808,23.891654],[90.271589,23.893644]],[[90.271904,23.890781],[90.271589,23.893644]],[[90.27284,23.793317],[90.272224,23.793274],[90.27148,23.793222]],[[90.27284,23.793317],[90.27148,23.793222]],[[90.272069,23.889285],[90.27193,23.890542],[90.271904,23.890781]],[[90.272069,23.889285],[90.271904,23.890781]],[[90.271928,23.868281],[90.272387,23.869331],[90.272661,23.86996]],[[90.271928,23.868281],[90.272661,23.86996]],[[90.272531,23.885089],[90.272275,23.887412],[90.272069,23.889285]],[[90.272531,23.885089],[90.272069,23.889285]],[[90.272624,23.94435],[90.273165,23.945502],[90.27352,23.946258]],[[90.272624,23.94435],[90.27352,23.946258]],[[90.272668,23.883218],[90.272629,23.883746],[90.272531,23.885089]],[[90.272668,23.883218],[90.272531,23.885089]],[[90.273317,23.874367],[90.272989,23.878845],[90.272668,23.883218]],[[90.273317,23.874367],[90.272668,23.883218]],[[90.272661,23.86996],[90.272768,23.870556],[90.272936,23.871488]],[[90.272661,23.86996],[90.272936,23.871488]],[[90.272936,23.871488],[90.273075,23.872264]],[[90.27535,23.793787],[90.273997,23.793534],[90.27284,23.793317]],[[90.27535,23.793787],[90.27284,23.793317]],[[90.273075,23.872264],[90.273234,23.873646],[90.273317,23.874367]],[[90.273075,23.872264],[90.273317,23.874367]],[[90.27352,23.946258],[90.273614,23.946516],[90.273727,23.946827]],[[90.27352,23.946258],[90.273727,23.946827]],[[90.273727,23.946827],[90.274054,23.947683]],[[90.274268,23.950633],[90.274078,23.951102],[90.273907,23.951524]],[[90.274268,23.950633],[90.273907,23.951524]],[[90.274054,23.947683],[90.274203,23.948373],[90.274236,23.948525]],[[90.274054,23.947683],[90.274236,23.948525]],[[90.274236,23.948525],[90.274268,23.950633]],[[90.281343,23.794977],[90.278388,23.79439],[90.27535,23.793787]],[[90.281343,23.794977],[90.27535,23.793787]],[[90.283471,23.795141],[90.282741,23.795085],[90.281343,23.794977]],[[90.283471,23.795141],[90.281343,23.794977]],[[90.283828,23.795159],[90.283586,23.795147],[90.283471,23.795141]],[[90.283828,23.795159],[90.283471,23.795141]],[[90.284532,23.795196],[90.284472,23.795193],[90.283828,23.795159]],[[90.284532,23.795196],[90.283828,23.795159]],[[90.285367,23.795239],[90.284636,23.795201],[90.284532,23.795196]],[[90.285367,23.795239],[90.284532,23.795196]],[[90.2874,23.795306],[90.286698,23.795283],[90.285367,23.795239]],[[90.2874,23.795306],[90.285367,23.795239]],[[90.288997,23.795268],[90.2874,23.795306]],[[90.291153,23.795059],[90.289654,23.795205],[90.288997,23.795268]],[[90.291153,23.795059],[90.288997,23.795268]],[[90.293218,23.794649],[90.292275,23.794837],[90.291153,23.795059]],[[90.293218,23.794649],[90.291153,23.795059]],[[90.296202,23.793825],[90.294943,23.794173],[90.293218,23.794649]],[[90.296202,23.793825],[90.293218,23.794649]],[[90.302028,23.792284],[90.299098,23.793059],[90.296202,23.793825]],[[90.302028,23.792284],[90.296202,23.793825]],[[90.308459,23.791001],[90.304929,23.791705],[90.302028,23.792284]],[[90.308459,23.791001],[90.302028,23.792284]],[[90.308949,23.7909],[90.308662,23.79096],[90.308459,23.791001]],[[90.308949,23.7909],[90.308459,23.791001]],[[90.312707,23.790124],[90.310619,23.790555],[90.308949,23.7909]],[[90.312707,23.790124],[90.308949,23.7909]],[[90.316425,23.7898],[90.314658,23.789954],[90.312707,23.790124]],[[90.316425,23.7898],[90.312707,23.790124]],[[90.316566,23.789806],[90.316425,23.7898]],[[90.321375,23.790001],[90.318323,23.789877],[90.316566,23.789806]],[[90.321375,23.790001],[90.316566,23.789806]],[[90.322147,23.790031],[90.321375,23.790001]],[[90.323214,23.790071],[90.322311,23.790037],[90.322147,23.790031]],[[90.323214,23.790071],[90.322147,23.790031]],[[90.325148,23.78949],[90.324363,23.789726],[90.323214,23.790071]],[[90.325148,23.78949],[90.323214,23.790071]],[[90.327275,23.787907],[90.32619,23.788715],[90.325148,23.78949]],[[90.327275,23.787907],[90.325148,23.78949]],[[90.327381,23.787823],[90.327275,23.787907]],[[90.328706,23.786771],[90.328453,23.786972],[90.327381,23.787823]],[[90.328706,23.786771],[90.327381,23.787823]],[[90.329553,23.786326],[90.32905,23.786591],[90.328706,23.786771]],[[90.329553,23.786326],[90.328706,23.786771]],[[90.331993,23.785476],[90.331341,23.785703],[90.329553,23.786326]],[[90.331993,23.785476],[90.329553,23.786326]],[[90.334008,23.784788],[90.332915,23.785161],[90.331993,23.785476]],[[90.334008,23.784788],[90.331993,23.785476]],[[90.337003,23.783691],[90.33568,23.784176],[90.334008,23.784788]],[[90.337003,23.783691],[90.334008,23.784788]],[[90.338599,23.78314],[90.338036,23.783334],[90.337003,23.783691]],[[90.338599,23.78314],[90.337003,23.783691]],[[90.338649,23.783122],[90.338599,23.78314]],[[90.339424,23.783048],[90.339032,23.783086],[90.338649,23.783122]],[[90.339424,23.783048],[90.338649,23.783122]],[[90.339527,23.783054],[90.339478,23.783051],[90.339424,23.783048]],[[90.339527,23.783054],[90.339424,23.783048]],[[90.340016,23.783081],[90.339672,23.783062],[90.339527,23.783054]],[[90.340016,23.783081],[90.339527,23.783054]],[[90.341148,23.783145],[90.3406,23.783114],[90.340016,23.783081]],[[90.341148,23.783145],[90.340016,23.783081]],[[90.341587,23.78317],[90.341148,23.783145],[90.341148,23.783145]],[[90.341587,23.78317],[90.341148,23.783145]],[[90.342634,23.783255],[90.341587,23.78317]],[[90.343716,23.783342],[90.343006,23.783285],[90.342634,23.783255]],[[90.343716,23.783342],[90.342634,23.783255]],[[90.344454,23.783292],[90.343972,23.783325],[90.343716,23.783342]],[[90.344454,23.783292],[90.343716,23.783342]],[[90.344738,23.783255],[90.344454,23.783292]],[[90.347052,23.782952],[90.346072,23.78308],[90.344738,23.783255]],[[90.347052,23.782952],[90.344738,23.783255]],[[90.349234,23.782611],[90.347052,23.782952]],[[90.350123,23.782356],[90.350076,23.782369],[90.349234,23.782611]],[[90.350123,23.782356],[90.349234,23.782611]],[[90.350193,23.782323],[90.350123,23.782356]],[[90.351388,23.781759],[90.350654,23.782105],[90.350193,23.782323]],[[90.351388,23.781759],[90.350193,23.782323]],[[90.351895,23.781714],[90.351798,23.781566],[90.351388,23.781759]],[[90.353944,23.785371],[90.353715,23.784962],[90.35363,23.78481],[90.353553,23.784673],[90.352708,23.783165],[90.352612,23.782993],[90.352495,23.782785],[90.352312,23.782459],[90.352233,23.782318],[90.352114,23.782105],[90.352067,23.782021],[90.352039,23.781971],[90.351963,23.781836],[90.3519,23.781723],[90.351898,23.781719],[90.351895,23.781714]],[[90.353944,23.785371],[90.351895,23.781714]],[[90.353292,23.798015],[90.353292,23.798006],[90.353283,23.797334]],[[90.353292,23.798015],[90.353283,23.797334]],[[90.353283,23.797334],[90.353337,23.796537]],[[90.353293,23.798093],[90.353292,23.798015]],[[90.353296,23.79835],[90.353296,23.798329],[90.353293,23.798093]],[[90.353296,23.79835],[90.353293,23.798093]],[[90.353299,23.798554],[90.353296,23.79835]],[[90.353356,23.798642],[90.3533,23.798556],[90.353299,23.798554]],[[90.353356,23.798642],[90.353299,23.798554]],[[90.353337,23.796537],[90.353376,23.79607],[90.353409,23.795676]],[[90.353337,23.796537],[90.353409,23.795676]],[[90.354301,23.79925],[90.353714,23.798872],[90.353356,23.798642]],[[90.354301,23.79925],[90.353356,23.798642]],[[90.353409,23.795676],[90.35342,23.795535]],[[90.35342,23.795535],[90.353429,23.795437]],[[90.35342,23.795535],[90.353429,23.795438],[90.353429,23.795437]],[[90.353429,23.795437],[90.353439,23.79531],[90.353474,23.794895]],[[90.353429,23.795437],[90.353474,23.794895]],[[90.353474,23.794895],[90.353518,23.794368]],[[90.353518,23.794368],[90.353567,23.793785]],[[90.353518,23.794368],[90.353522,23.794324],[90.353567,23.793785]],[[90.353567,23.793785],[90.353636,23.792954]],[[90.353567,23.793785],[90.353569,23.793757],[90.353636,23.792954]],[[90.353636,23.792954],[90.353656,23.792717],[90.353684,23.792385]],[[90.353636,23.792954],[90.353684,23.792385]],[[90.353684,23.792385],[90.353761,23.791458]],[[90.353684,23.792385],[90.353704,23.792137],[90.353761,23.791458]],[[90.353761,23.791458],[90.353785,23.791168]],[[90.353761,23.791458],[90.353761,23.791458],[90.353785,23.791168]],[[90.353785,23.791168],[90.353792,23.790915],[90.353794,23.790857]],[[90.353785,23.791168],[90.353794,23.790857]],[[90.353794,23.790857],[90.353812,23.790209]],[[90.353812,23.790209],[90.353818,23.789963],[90.353838,23.789232]],[[90.353812,23.790209],[90.353838,23.789232]],[[90.353838,23.789232],[90.35387,23.788073]],[[90.35387,23.788073],[90.353904,23.786826],[90.35392,23.78625]],[[90.35387,23.788073],[90.35392,23.78625]],[[90.35392,23.78625],[90.353944,23.785371]],[[90.354323,23.799264],[90.354301,23.79925]],[[90.355043,23.799727],[90.354574,23.799426],[90.354323,23.799264]],[[90.355043,23.799727],[90.354323,23.799264]],[[90.35601,23.800348],[90.355043,23.799727]],[[90.356053,23.800374],[90.356013,23.80035],[90.35601,23.800348]],[[90.356053,23.800374],[90.35601,23.800348]],[[90.357213,23.801092],[90.356783,23.800826],[90.356053,23.800374]],[[90.357213,23.801092],[90.356053,23.800374]],[[90.357952,23.801549],[90.357293,23.801141],[90.357256,23.801118],[90.357213,23.801092],[90.357213,23.801092]],[[90.357952,23.801549],[90.357213,23.801092]],[[90.358544,23.801924],[90.357952,23.801549]],[[90.361311,23.803675],[90.359322,23.802416],[90.358544,23.801924]],[[90.361311,23.803675],[90.358544,23.801924]],[[90.361328,23.803686],[90.361311,23.803675]],[[90.363452,23.805045],[90.361866,23.80403],[90.361328,23.803686]],[[90.363452,23.805045],[90.361328,23.803686]],[[90.364461,23.805655],[90.363452,23.805045]],[[90.365697,23.806319],[90.365444,23.806183],[90.364461,23.805655]],[[90.365697,23.806319],[90.364461,23.805655]],[[90.370575,23.821158],[90.367203,23.820594],[90.365042,23.820232]],[[90.370575,23.821158],[90.365042,23.820232]],[[90.365042,23.820232],[90.365285,23.818997]],[[90.365285,23.818997],[90.365335,23.818811],[90.365344,23.818779]],[[90.365285,23.818997],[90.365344,23.818779]],[[90.365344,23.818779],[90.365355,23.818738]],[[90.365355,23.818738],[90.365579,23.817899],[90.365838,23.816933]],[[90.365355,23.818738],[90.365838,23.816933]],[[90.366698,23.806669],[90.36627,23.806519],[90.365697,23.806319]],[[90.366698,23.806669],[90.365697,23.806319]],[[90.365838,23.816933],[90.365944,23.816537]],[[90.365838,23.816933],[90.365944,23.816538],[90.365944,23.816537]],[[90.365944,23.816537],[90.365944,23.816536],[90.36598,23.8164]],[[90.365944,23.816537],[90.36598,23.8164]],[[90.36598,23.8164],[90.365985,23.816382]],[[90.36598,23.8164],[90.365985,23.816382],[90.365985,23.816382]],[[90.365985,23.816382],[90.366095,23.816006],[90.366129,23.815889]],[[90.365985,23.816382],[90.366129,23.815889]],[[90.366129,23.815889],[90.366156,23.815798],[90.366172,23.815743]],[[90.366129,23.815889],[90.366172,23.815743]],[[90.366172,23.815743],[90.36639,23.814959],[90.366454,23.81473]],[[90.366172,23.815743],[90.366454,23.81473]],[[90.366454,23.81473],[90.366494,23.814585],[90.366712,23.8138]],[[90.366454,23.81473],[90.366712,23.8138]],[[90.366712,23.8138],[90.366788,23.813529],[90.366867,23.813243]],[[90.366712,23.8138],[90.366867,23.813243]],[[90.367909,23.806941],[90.367204,23.806783],[90.366698,23.806669]],[[90.367909,23.806941],[90.366698,23.806669]],[[90.366867,23.813243],[90.366906,23.813104],[90.366953,23.812936]],[[90.366867,23.813243],[90.366953,23.812936]],[[90.366953,23.812936],[90.366997,23.812775],[90.366998,23.812772]],[[90.366953,23.812936],[90.366998,23.812772]],[[90.366998,23.812772],[90.367158,23.812199],[90.367235,23.81192]],[[90.366998,23.812772],[90.367235,23.81192]],[[90.367235,23.81192],[90.367278,23.811765]],[[90.367278,23.811765],[90.367315,23.811632],[90.367359,23.811474]],[[90.367278,23.811765],[90.367359,23.811474]],[[90.367359,23.811474],[90.367376,23.811414]],[[90.367376,23.811414],[90.367424,23.811241],[90.367524,23.810881]],[[90.367376,23.811414],[90.367524,23.810881]],[[90.367524,23.810881],[90.367652,23.810424]],[[90.367652,23.810424],[90.367667,23.810369],[90.367822,23.809808]],[[90.367652,23.810424],[90.367822,23.809808]],[[90.367822,23.809808],[90.36856,23.807097],[90.36845,23.807063]],[[90.36845,23.807063],[90.36791,23.806941],[90.367909,23.806941]],[[90.36845,23.807063],[90.367909,23.806941]],[[90.370575,23.821158],[90.370575,23.821158],[90.370575,23.821158]],[[90.370575,23.821158],[90.370575,23.821158]],[[90.373036,23.82157],[90.372547,23.821488],[90.370575,23.821158]],[[90.373036,23.82157],[90.370575,23.821158]],[[90.373257,23.821604],[90.373036,23.82157]],[[90.376131,23.82205],[90.375199,23.821905],[90.373257,23.821604]],[[90.376131,23.82205],[90.373257,23.821604]],[[90.376872,23.822165],[90.376131,23.82205],[90.376131,23.82205]],[[90.376872,23.822165],[90.376131,23.82205]],[[90.377684,23.822239],[90.37748,23.82222],[90.376872,23.822165]],[[90.377684,23.822239],[90.376872,23.822165]],[[90.425381,23.787436],[90.425285,23.787979],[90.425087,23.789094],[90.424936,23.789944],[90.424426,23.792819],[90.423554,23.797729],[90.421506,23.808022],[90.421009,23.818098],[90.420432,23.819676],[90.419513,23.821238],[90.419609,23.822482],[90.419174,23.821873],[90.41834,23.821145],[90.415614,23.819272],[90.411838,23.816984],[90.41056,23.816888],[90.407318,23.817029],[90.406627,23.816719],[90.406311,23.815922],[90.405825,23.81566],[90.404584,23.816187],[90.400248,23.816453],[90.398589,23.816857],[90.393427,23.822596],[90.391571,23.821565],[90.390016,23.820261],[90.388612,23.819996],[90.385018,23.820593],[90.381937,23.822496],[90.380305,23.823304],[90.379844,23.823329],[90.377623,23.822804],[90.377684,23.822239]],[[90.425383,23.787427],[90.425381,23.787437],[90.425381,23.787436]],[[90.425383,23.787427],[90.425381,23.787436]],[[90.425381,23.787436],[90.425429,23.787165]],[[90.425429,23.787165],[90.425383,23.787427]],[[90.546343,23.690638],[90.539573,23.692837],[90.524307,23.705054],[90.522545,23.705834],[90.521691,23.705887],[90.519671,23.707786],[90.513697,23.723853],[90.513606,23.724587],[90.513797,23.72511],[90.513485,23.725115],[90.50573,23.722081],[90.497949,23.721709],[90.490553,23.719706],[90.483283,23.736816],[90.476276,23.743134],[90.470822,23.747559],[90.469639,23.748166],[90.466596,23.7485],[90.454364,23.75081],[90.450076,23.754611],[90.448458,23.756338],[90.446868,23.759022],[90.444358,23.762087],[90.436553,23.762681],[90.432658,23.763416],[90.429573,23.76457],[90.425025,23.766901],[90.42317,23.767665],[90.423075,23.767795],[90.425296,23.771659],[90.425571,23.7725],[90.425799,23.77432],[90.425623,23.779185],[90.42586,23.78318],[90.425429,23.787165]]]},"id":"77","properties":{"Actual Bus":159,"Alingment":"Madanpur ? Kanchpur ? Tarabo Bishwaroad (Demra) ? Staff Quarter ? Meradia Bazar ? Banasree ? Rampura ? Jamuna Future Park ? Kuril Flyover ? ECB Chattar ? Kalsi Mor ? Mirpur North Kalsi ? Mirpur-12 ? Mirpur-10 ? Mirpur-1 ? Technical ? Gabtoli ? Hemayetpur","Average OS":10.18642315,"Average TS":26.76280585,"B-A":960,"Bus No":76,"Bus Type":"Non-AC","Capacity":54,"First A":6,"Headway":13,"Last B":22.0,"Length":110.43,"No of  R T":1.94,"No of Trip":3.88,"Operation ":206.2333333,"Operator":"Rajdhani Super Service Ltd.","Permitted ":102,"Route_ID":"A-386","Seat No":36,"Serial_no":79,"TB Actual":85115.24164,"TB BRTA":54602.23048,"TB PD":54602.23048,"TBPDPT":10488,"Total B/A":138,"Travel Tim":78.49625378},"type":"Feature"},{"geometry":{"type":"LineString","coordinates":[[90.415658,24.03136],[90.41443,24.026337],[90.419903,24.024976],[90.41543,24.014488],[90.414891,24.006684],[90.415645,24.000753],[90.417086,23.996804],[90.414228,23.995364],[90.40243,23.992712],[90.381745,23.989669],[90.380705,23.97754],[90.380095,23.965574],[90.38065,23.960856],[90.381367,23.948433],[90.38575,23.937238],[90.391832,23.92261],[90.398438,23.907541],[90.399215,23.903835],[90.398896,23.89725],[90.400127,23.895015],[90.401658,23.893373],[90.40194,23.892716],[90.401944,23.892213],[90.40122,23.889079],[90.400222,23.886001],[90.400953,23.881238],[90.400424,23.880668],[90.401149,23.879677],[90.401316,23.878592],[90.400534,23.875292],[90.40062,23.873277],[90.399885,23.862536],[90.400244,23.860833],[90.400753,23.85999],[90.4176,23.83924],[90.418689,23.836325],[90.42045,23.826083],[90.42053,23.824678],[90.420225,23.823589],[90.419689,23.822594],[90.419174,23.821873],[90.41834,23.821145],[90.415614,23.819272],[90.411838,23.816984],[90.406433,23.81694],[90.405499,23.816528],[90.404569,23.81549],[90.403998,23.81282],[90.398271,23.778432],[90.398643,23.775928],[90.399275,23.774519],[90.400844,23.772361],[90.401167,23.7713],[90.40121,23.770756],[90.398937,23.75699],[90.400662,23.753578],[90.403658,23.748673],[90.405259,23.749199],[90.40684,23.749182],[90.407973,23.748876],[90.420042,23.73988],[90.423686,23.736174],[90.425244,23.732419],[90.42087,23.731504],[90.421965,23.728903],[90.42164,23.72572],[90.415256,23.725883],[90.414559,23.725173],[90.413682,23.724809],[90.41071,23.724919],[90.410718,23.722913]]},"id":"78","properties":{"Actual Bus":161,"Alingment":"Fulbaria ? Shapla Chattar ? Moghbazar ? Mohakhali ? Kakoli ? Airport ? Azampur ? Gazipur","Average OS":19.08084573,"Average TS":20.4738268,"B-A":960,"Bus No":76,"Bus Type":"Non-AC","Capacity":54,"First A":6,"Headway":13,"Last B":22.0,"Length":42.7939,"No of  R T":3.76,"No of Trip":7.52,"Operation ":106.4166667,"Operator":"Gazipur Paribahan / Various Owners","Permitted ":205,"Route_ID":"A-222","Seat No":36,"Serial_no":80,"TB Actual":182760.8457,"TB BRTA":232707.9091,"TB PD":232707.9091,"TBPDPT":11476,"Total B/A":151,"Travel Tim":99.17637869},"type":"Feature"},{"geometry":{"type":"MultiLineString","coordinates":[[[90.37808,23.822896],[90.377679,23.82293],[90.377556,23.823174],[90.377011,23.827066],[90.376782,23.83026],[90.376663,23.830314],[90.372675,23.829473],[90.364033,23.829219],[90.363868,23.829169],[90.364145,23.82785],[90.364333,23.822734],[90.364995,23.820059]],[[90.364995,23.820059],[90.36509,23.819709],[90.365138,23.819536]],[[90.364995,23.820059],[90.365138,23.819536]],[[90.365138,23.819536],[90.365357,23.818728]],[[90.365357,23.818728],[90.365363,23.818707],[90.365386,23.818622]],[[90.365357,23.818728],[90.365386,23.818622]],[[90.365386,23.818622],[90.365395,23.818587],[90.365568,23.817942]],[[90.365386,23.818622],[90.365568,23.817942]],[[90.365568,23.817942],[90.365838,23.816933]],[[90.365568,23.817942],[90.365579,23.817899],[90.365838,23.816933]],[[90.365838,23.816933],[90.366129,23.815889]],[[90.366129,23.815889],[90.366156,23.815798],[90.366172,23.815743]],[[90.366129,23.815889],[90.366172,23.815743]],[[90.366172,23.815743],[90.366454,23.81473]],[[90.366454,23.81473],[90.366692,23.813875]],[[90.366454,23.81473],[90.366494,23.814585],[90.366692,23.813875]],[[90.366692,23.813875],[90.367278,23.811765]],[[90.367278,23.811765],[90.367315,23.811632],[90.367337,23.811553]],[[90.367278,23.811765],[90.367337,23.811553]],[[90.367337,23.811553],[90.367359,23.811474]],[[90.367337,23.811553],[90.367353,23.811497],[90.367359,23.811474]],[[90.367359,23.811474],[90.36871,23.806511],[90.37025,23.80325],[90.377903,23.785306],[90.380599,23.776786],[90.367162,23.773375],[90.371098,23.763491],[90.382016,23.744729],[90.384042,23.736194],[90.385654,23.730577],[90.386298,23.726886]],[[90.377623,23.822804],[90.37808,23.822896]],[[90.37808,23.822896],[90.379844,23.823329],[90.380305,23.823304],[90.381448,23.822766]],[[90.381937,23.822496],[90.381507,23.822734],[90.381448,23.822766]],[[90.381448,23.822766],[90.381937,23.822496]],[[90.384567,23.820773],[90.383676,23.821357],[90.381937,23.822496]],[[90.381937,23.822496],[90.384567,23.820773]],[[90.384567,23.820773],[90.385018,23.820593]],[[90.385602,23.820458],[90.385578,23.820463],[90.385018,23.820593]],[[90.385018,23.820593],[90.385602,23.820458]],[[90.385602,23.820458],[90.38819,23.820038]],[[90.388612,23.819996],[90.38859,23.819998],[90.38819,23.820038]],[[90.38819,23.820038],[90.388612,23.819996]],[[90.388612,23.819996],[90.390307,23.82043]],[[90.390985,23.821085],[90.390342,23.820463],[90.390307,23.82043]],[[90.390307,23.82043],[90.390985,23.821085]],[[90.391571,23.821565],[90.391478,23.821489],[90.390985,23.821085]],[[90.390985,23.821085],[90.391571,23.821565]],[[90.391571,23.821565],[90.391973,23.821787]],[[90.391973,23.821787],[90.392467,23.822125]],[[90.392467,23.822125],[90.39198,23.821792],[90.391973,23.821787]],[[90.392467,23.822125],[90.393427,23.822596]]]},"id":"79","properties":{"Actual Bus":59,"Alingment":"Mirpur-12 (ECB Mor) ? Mirpur-12 ? ECB Mor ? Mirpur-10 ? Kazipara ? Shewrapara ? Agargaon ? Shishu Mela ? College Gate ? Manik Mia ? Azimpur","Average OS":8.729126211,"Average TS":13.86484094,"B-A":1120,"Bus No":70,"Bus Type":"Non-AC","Capacity":54,"First A":7,"Headway":16,"Last B":23.0,"Length":18.2173,"No of  R T":6.18,"No of Trip":12.36,"Operation ":75.53333336,"Operator":"Mirpur Super Link Ltd.","Permitted ":45,"Route_ID":"A-122","Seat No":36,"Serial_no":81,"TB Actual":43013.23917,"TB BRTA":32806.70785,"TB PD":32806.70785,"TBPDPT":4130,"Total B/A":59,"Travel Tim":47.5548189},"type":"Feature"},{"geometry":{"type":"LineString","coordinates":[[89.811044,23.788542],[89.810738,23.81151],[89.815918,23.821972],[89.811764,23.84309],[89.818962,23.846473],[89.841157,23.844973],[89.851724,23.84753],[89.87111,23.85192],[89.884428,23.848252],[89.900673,23.85011],[89.914222,23.853854],[89.924483,23.854734],[89.930609,23.852358],[89.940423,23.850868],[89.950783,23.849066],[89.952736,23.850392],[89.966033,23.870417],[89.972059,23.872351],[89.978739,23.8721],[89.992823,23.870445],[90.006505,23.872058],[90.013042,23.873264],[90.014018,23.873947],[90.019094,23.878334],[90.021051,23.879502],[90.022784,23.880094],[90.02955,23.881153],[90.030239,23.881389],[90.030619,23.881742],[90.030893,23.882041],[90.034432,23.88986],[90.038858,23.899989],[90.039891,23.901609],[90.043456,23.905092],[90.04404,23.905388],[90.058761,23.907711],[90.063446,23.908752],[90.07294,23.912183],[90.078678,23.914504],[90.080655,23.914984],[90.087337,23.915823],[90.096744,23.916206],[90.102123,23.917592],[90.119288,23.918739],[90.132994,23.92121],[90.137867,23.92234],[90.140976,23.922312],[90.142959,23.922038],[90.144392,23.921613],[90.154751,23.917848],[90.161534,23.916314],[90.16855,23.91533],[90.17337,23.914472],[90.177541,23.913091],[90.19796,23.909135],[90.202589,23.907542],[90.204402,23.907439],[90.212207,23.907959],[90.219706,23.908075],[90.223664,23.90859],[90.227447,23.910503],[90.232902,23.912051],[90.234523,23.913228],[90.236507,23.915768],[90.23726,23.916505],[90.237864,23.916857],[90.242069,23.91749],[90.24754,23.917866],[90.251482,23.917015],[90.254257,23.916135],[90.261121,23.911569],[90.263248,23.909843],[90.26701,23.905548],[90.268269,23.903612],[90.271589,23.893644],[90.272531,23.885089],[90.273317,23.874367],[90.272661,23.86996],[90.271928,23.868281],[90.270582,23.866154],[90.269186,23.86462],[90.265648,23.861515],[90.263501,23.860072],[90.262607,23.858998],[90.259685,23.853698],[90.257082,23.846609],[90.256532,23.844614],[90.256662,23.843101],[90.259023,23.83491],[90.259062,23.832995],[90.257492,23.821194],[90.257328,23.812496],[90.257598,23.811499],[90.260036,23.807232],[90.2622,23.802971],[90.263399,23.798692],[90.263711,23.797919],[90.264599,23.796687],[90.265538,23.795656],[90.26707,23.79451],[90.268134,23.793947],[90.270193,23.793306],[90.27284,23.793317],[90.281343,23.794977],[90.285367,23.795239],[90.288997,23.795268],[90.291153,23.795059],[90.293218,23.794649],[90.302028,23.792284],[90.312707,23.790124],[90.316425,23.7898],[90.323214,23.790071],[90.325148,23.78949],[90.328706,23.786771],[90.329553,23.786326],[90.338649,23.783122],[90.339424,23.783048],[90.343716,23.783342],[90.349116,23.782645],[90.350123,23.782356],[90.351813,23.781569],[90.356282,23.779247],[90.360307,23.778499],[90.364625,23.77571],[90.366303,23.774383],[90.36734,23.773144],[90.371098,23.763491],[90.382016,23.744729],[90.383399,23.73904],[90.388699,23.739017],[90.397835,23.738047],[90.399438,23.737208],[90.401348,23.734298],[90.403717,23.73377],[90.404575,23.732188],[90.404974,23.73008],[90.405423,23.72993],[90.410113,23.730127],[90.410477,23.727782],[90.410639,23.723083],[90.410781,23.723079]]},"id":"80","properties":{"Actual Bus":68,"Alingment":"Fulbaria (Dhaka) ? High Court ? Matsya Bhaban ? Shahbagh ? Science Lab ? Kalabagan ? Asad Gate ? Technical ? Gabtoli ? Manikganj ? Paturia","Average OS":17.59140346,"Average TS":26.45052011,"B-A":990,"Bus No":74,"Bus Type":"Non-AC","Capacity":54,"First A":6,"Headway":13,"Last B":22.5,"Length":89.9269,"No of  R T":1.7,"No of Trip":3.4,"Operation ":242.7333333,"Operator":"Shubhayatra","Permitted ":122,"Route_ID":"A-224","Seat No":36,"Serial_no":82,"TB Actual":0.0,"TB BRTA":49343.65559,"TB PD":49343.65559,"TBPDPT":8806,"Total B/A":119,"Travel Tim":161.4342547},"type":"Feature"},{"geometry":{"type":"LineString","coordinates":[[90.410797,23.723793],[90.410797,23.722569],[90.410355,23.720688],[90.409836,23.719669],[90.408752,23.718294],[90.408638,23.714474],[90.407608,23.714458],[90.40654,23.714212],[90.404861,23.713581],[90.403572,23.712811],[90.402794,23.710636],[90.397987,23.703148],[90.39769,23.702335],[90.397629,23.70084],[90.397964,23.698408],[90.398476,23.696676],[90.39827,23.696821],[90.398102,23.697437],[90.397354,23.701038],[90.394478,23.700914],[90.392838,23.701192],[90.391907,23.701482],[90.389786,23.702611],[90.389275,23.70271],[90.386139,23.700786],[90.384308,23.700238],[90.377091,23.699803],[90.3742,23.700179],[90.366136,23.699924],[90.356035,23.699221],[90.343271,23.697868],[90.330661,23.698245],[90.329326,23.697711],[90.327136,23.697555],[90.322155,23.696767],[90.319798,23.696057],[90.317944,23.69522],[90.317433,23.69511],[90.315396,23.695199],[90.312733,23.694315],[90.311635,23.693672],[90.310598,23.692175],[90.309568,23.691565],[90.308233,23.690439],[90.308446,23.689003],[90.308858,23.688328],[90.308194,23.687203],[90.3084,23.686516],[90.307973,23.685723],[90.308393,23.684677],[90.308133,23.684071],[90.305707,23.682393],[90.30454,23.682891],[90.30367,23.682851],[90.302564,23.681155],[90.303159,23.679008],[90.304647,23.675237],[90.305226,23.674173],[90.30566,23.672784],[90.30621,23.669117],[90.306179,23.666052],[90.30547,23.666083],[90.301259,23.667734],[90.297796,23.66874],[90.29238,23.671454],[90.291533,23.671185],[90.289656,23.669614],[90.286108,23.667171],[90.285322,23.666957],[90.283186,23.666892],[90.282637,23.66673],[90.281851,23.66616],[90.281012,23.665227],[90.280714,23.664613],[90.279776,23.661272],[90.279173,23.659809],[90.272888,23.650302],[90.271705,23.648745],[90.266349,23.64711],[90.263069,23.64307],[90.262588,23.642597],[90.261436,23.641923],[90.258889,23.640848],[90.254059,23.639494],[90.252411,23.638613],[90.250962,23.638165],[90.243585,23.636728],[90.241099,23.636427],[90.23675,23.636326],[90.234813,23.636864],[90.232494,23.636841],[90.229763,23.637116],[90.222768,23.638528],[90.221586,23.638515],[90.219793,23.637935],[90.21935,23.63796],[90.218244,23.638311],[90.216979,23.63903],[90.215186,23.640486],[90.214591,23.640747],[90.213942,23.640722],[90.210754,23.642517],[90.210296,23.642528],[90.208496,23.64199],[90.207687,23.641214],[90.208397,23.640074],[90.208946,23.638369],[90.209396,23.6358],[90.209326,23.634703],[90.208358,23.632229],[90.207451,23.630981],[90.206114,23.627558],[90.205954,23.626029],[90.205428,23.624373],[90.20494,23.624328],[90.199547,23.625655],[90.198899,23.625481],[90.198136,23.624975],[90.197541,23.624935],[90.196809,23.625235],[90.195115,23.626467],[90.194695,23.626512],[90.193955,23.626173],[90.193384,23.62557],[90.193169,23.624758],[90.192713,23.624655],[90.192102,23.624082],[90.188219,23.622556],[90.186067,23.621448],[90.184039,23.620068],[90.18201,23.619303],[90.178707,23.619062],[90.17593,23.61863],[90.171193,23.618522],[90.16802,23.618238],[90.165983,23.618334],[90.163093,23.618868],[90.158371,23.618963],[90.156952,23.61866],[90.153909,23.61855],[90.152253,23.617845],[90.151857,23.618205],[90.151399,23.618318],[90.149606,23.618251],[90.149324,23.618093],[90.149079,23.617547],[90.148524,23.617362],[90.146387,23.617884],[90.144564,23.617218],[90.142062,23.617222],[90.13918,23.617491],[90.138638,23.617342],[90.138401,23.617987],[90.136097,23.618492],[90.134977,23.618555],[90.130591,23.618116],[90.130003,23.617437],[90.127959,23.61729],[90.125511,23.617649],[90.121831,23.61765],[90.120101,23.618062],[90.118639,23.618797],[90.114575,23.618848],[90.112411,23.620204],[90.111633,23.621142],[90.110407,23.623657],[90.109058,23.625535],[90.10916,23.630296],[90.108736,23.630795],[90.107563,23.6309],[90.100642,23.632485],[90.094811,23.634597],[90.088479,23.634415],[90.071492,23.633398],[90.068641,23.631568],[90.067358,23.630402],[90.066962,23.629633]]},"id":"81","properties":{"Actual Bus":108,"Alingment":"Gulistan Mazar / Golap Shah Mazar ? Fulbaria ? Nayabazar / Tantibazar ? Babubazar ? Zinjira ? Kadamtali ? Keraniganj ? Konakhola ? Ruhitpur ? Kharshur ? Tikerpur ? Dohar ? Kartikpur","Average OS":16.43846067,"Average TS":25.50513495,"B-A":960,"Bus No":36,"Bus Type":"Non-AC","Capacity":54,"First A":6,"Headway":27,"Last B":22.0,"Length":47.0596,"No of  R T":2.72,"No of Trip":5.45,"Operation ":146.8166667,"Operator":"Joypara Paribahan","Permitted ":0,"Route_ID":"N07","Seat No":36,"Serial_no":83,"TB Actual":0.0,"TB BRTA":0.0,"TB PD":0.0,"TBPDPT":1476,"Total B/A":41,"Travel Tim":94.62565105},"type":"Feature"},{"geometry":{"type":"MultiLineString","coordinates":[[[90.310832,23.921133],[90.310456,23.922808],[90.3092,23.925385],[90.308001,23.931297],[90.306583,23.932396],[90.300426,23.936182],[90.298486,23.936861],[90.290261,23.936928],[90.284868,23.937363],[90.280504,23.936551],[90.27756,23.936191],[90.274232,23.936339],[90.269992,23.937966],[90.269768,23.938271],[90.269863,23.938474]],[[90.311737,23.919818],[90.311058,23.920595],[90.310832,23.921133]],[[90.310832,23.921133],[90.311737,23.919818]],[[90.312549,23.918779],[90.311737,23.919818]],[[90.312549,23.918779],[90.313959,23.916974]],[[90.313959,23.916974],[90.312952,23.918262],[90.312549,23.918779]],[[90.314288,23.916594],[90.314196,23.91667],[90.313959,23.916974]],[[90.313959,23.916974],[90.314288,23.916594]],[[90.317228,23.914551],[90.314288,23.916594]],[[90.318594,23.913481],[90.317228,23.914551]],[[90.317228,23.914551],[90.317992,23.913997],[90.318594,23.913481]],[[90.320507,23.910323],[90.320332,23.911141],[90.318594,23.913481]],[[90.32043,23.909691],[90.320487,23.909986],[90.320507,23.910323]],[[90.320507,23.910323],[90.32043,23.909691]],[[90.320571,23.908111],[90.320385,23.90864],[90.32043,23.909691]],[[90.321172,23.907061],[90.320955,23.907274],[90.320751,23.907666],[90.320571,23.908111]],[[90.320571,23.908111],[90.321172,23.907061]],[[90.321345,23.906891],[90.321172,23.907061]],[[90.322524,23.906032],[90.321371,23.906865],[90.321345,23.906891]],[[90.321345,23.906891],[90.322524,23.906032]],[[90.322714,23.905887],[90.322524,23.906032]],[[90.322714,23.905887],[90.323892,23.90493]],[[90.323892,23.90493],[90.32323,23.905493],[90.322714,23.905887]],[[90.324075,23.904775],[90.323892,23.90493]],[[90.324075,23.904775],[90.324911,23.903749]],[[90.324911,23.903749],[90.324597,23.904162],[90.324075,23.904775]],[[90.326,23.902559],[90.32505,23.903567],[90.324911,23.903749]],[[90.324911,23.903749],[90.326,23.902559]],[[90.409975,23.720024],[90.410222,23.720681],[90.410421,23.721176],[90.410782,23.722935],[90.410732,23.726622],[90.410135,23.730228],[90.410173,23.73391],[90.41041,23.737178],[90.408812,23.737517],[90.412708,23.742693],[90.414276,23.744169],[90.412173,23.745698],[90.412383,23.746177],[90.412624,23.749574],[90.425296,23.771659],[90.425571,23.7725],[90.425799,23.77432],[90.425623,23.779185],[90.425819,23.784482],[90.423554,23.797729],[90.421506,23.808022],[90.421009,23.818098],[90.420432,23.819676],[90.41946,23.821459],[90.419609,23.822482],[90.420225,23.823589],[90.42053,23.824678],[90.420539,23.825313],[90.419325,23.833172],[90.418689,23.836325],[90.4176,23.83924],[90.416807,23.840373],[90.408431,23.850487],[90.400753,23.85999],[90.400244,23.860833],[90.399885,23.862536],[90.40054,23.871745],[90.400534,23.875292],[90.401295,23.878357],[90.401149,23.879677],[90.400655,23.880495],[90.400049,23.880717],[90.395659,23.879745],[90.393066,23.879558],[90.392466,23.879689],[90.392138,23.880114],[90.39127,23.883239],[90.388072,23.892359],[90.385203,23.896077],[90.384478,23.896666],[90.383052,23.897327],[90.380884,23.897754],[90.380066,23.897512],[90.377996,23.896511],[90.376129,23.894662],[90.375102,23.894134],[90.37311,23.893908],[90.369025,23.894343],[90.366652,23.893411],[90.364204,23.893184],[90.361925,23.892205],[90.331166,23.897646],[90.330173,23.898109],[90.328173,23.899535],[90.327327,23.900369],[90.326,23.902559]],[[90.409975,23.720024],[90.410071,23.720278]],[[90.410726,23.707484],[90.410889,23.707785],[90.411548,23.708162],[90.411964,23.708965],[90.411956,23.709824],[90.411589,23.711635],[90.411537,23.713695],[90.408602,23.714485],[90.408583,23.714611],[90.408759,23.718157],[90.409975,23.720024]]]},"id":"82","properties":{"Actual Bus":194,"Alingment":"Sadarghat Victoria Park ? Bangabandhu Avenue ? Kakrail ? Malibagh Mor ? Mouchak ? Rampura ? Kuril Bishwaroad ? Airport ? Abdullahpur ? Dhour ? Zirabo ? Ashulia ? Baipail","Average OS":10.4040539,"Average TS":24.45328173,"B-A":930,"Bus No":129,"Bus Type":"Non-AC","Capacity":54,"First A":7,"Headway":7,"Last B":22.5,"Length":39.962,"No of  R T":2.68,"No of Trip":5.36,"Operation ":144.7166667,"Operator":"Victor Classic Bus Owners Association","Permitted ":80,"Route_ID":"A-436","Seat No":36,"Serial_no":84,"TB Actual":152722.2158,"TB BRTA":62978.23333,"TB PD":62978.23333,"TBPDPT":18963,"Total B/A":147,"Travel Tim":61.57210377},"type":"Feature"},{"geometry":{"type":"LineString","coordinates":[[90.238896,24.047552],[90.238931,24.047354],[90.243025,24.045604],[90.254127,24.039758],[90.265497,24.030322],[90.28455,24.023039],[90.293422,24.023198],[90.29729,24.020812],[90.315807,24.011674],[90.335334,24.008863],[90.372627,23.977427],[90.381017,23.977747],[90.379908,23.966681],[90.381036,23.948815],[90.398872,23.906511],[90.399067,23.89687],[90.402112,23.89245],[90.400321,23.886721],[90.401011,23.880858],[90.400819,23.880264],[90.401257,23.879324],[90.401316,23.878592],[90.400534,23.875292],[90.40054,23.871745],[90.399885,23.862536],[90.400244,23.860833],[90.400753,23.85999],[90.4176,23.83924],[90.418689,23.836325],[90.419325,23.833172],[90.420539,23.825313],[90.42053,23.824678],[90.420225,23.823589],[90.419174,23.821873],[90.415614,23.819272],[90.411838,23.816984],[90.406433,23.81694],[90.405499,23.816528],[90.404569,23.81549],[90.403998,23.81282],[90.398271,23.778432],[90.398643,23.775928],[90.399275,23.774519],[90.400844,23.772361],[90.40121,23.770756],[90.398937,23.75699],[90.400662,23.753578],[90.403658,23.748673],[90.405259,23.749199],[90.40684,23.749182],[90.407973,23.748876],[90.414276,23.744169],[90.412708,23.742693],[90.408812,23.737517],[90.41041,23.737178],[90.410173,23.73391],[90.410135,23.730228],[90.410738,23.725023],[90.410708,23.723023],[90.411849,23.722987],[90.411766,23.719272],[90.411372,23.718113],[90.411589,23.711635],[90.411956,23.709824],[90.411964,23.708965],[90.411484,23.708184],[90.41098,23.707971]]},"id":"83","properties":{"Actual Bus":93,"Alingment":"Jagannath University ? Fulbaria ? Paltan ? Mohakhali ? Kakoli ? Airport ? Chandra","Average OS":14.61276528,"Average TS":22.82069346,"B-A":990,"Bus No":45,"Bus Type":"Non-AC","Capacity":54,"First A":6,"Headway":22,"Last B":22.5,"Length":50.5847,"No of  R T":1.98,"No of Trip":3.96,"Operation ":208.1166667,"Operator":"Ajmeri Transport","Permitted ":47,"Route_ID":"A-266","Seat No":36,"Serial_no":85,"TB Actual":0.0,"TB BRTA":26083.92728,"TB PD":26083.92728,"TBPDPT":6300,"Total B/A":140,"Travel Tim":133.2632597},"type":"Feature"},{"geometry":{"type":"LineString","coordinates":[[90.258613,23.913609],[90.269787,23.937986],[90.273954,23.936636],[90.278247,23.9364],[90.285116,23.937392],[90.290061,23.936872],[90.298517,23.936875],[90.300759,23.93578],[90.307389,23.931898],[90.308346,23.930159],[90.309042,23.925972],[90.310351,23.923245],[90.310587,23.921305],[90.314358,23.916327],[90.319176,23.913264],[90.320433,23.910775],[90.320328,23.908477],[90.320984,23.907141],[90.324323,23.904509],[90.325949,23.902553],[90.327355,23.900286],[90.331204,23.897498],[90.360074,23.892441],[90.362108,23.892244],[90.364204,23.893184],[90.366652,23.893411],[90.369025,23.894343],[90.37311,23.893908],[90.375102,23.894134],[90.376129,23.894662],[90.377996,23.896511],[90.379212,23.897161],[90.380884,23.897754],[90.38216,23.89758],[90.383052,23.897327],[90.384858,23.896406],[90.387541,23.89319],[90.388072,23.892359],[90.39127,23.883239],[90.392138,23.880114],[90.392466,23.879689],[90.393066,23.879558],[90.395659,23.879745],[90.400049,23.880717],[90.400424,23.880668],[90.400819,23.880264],[90.401257,23.879324],[90.401316,23.878592],[90.400534,23.875292],[90.40054,23.871745],[90.399885,23.862536],[90.400244,23.860833],[90.400753,23.85999],[90.4176,23.83924],[90.418689,23.836325],[90.419325,23.833172],[90.420539,23.825313],[90.42053,23.824678],[90.420225,23.823589],[90.419174,23.821873],[90.41834,23.821145],[90.415614,23.819272],[90.411838,23.816984],[90.406433,23.81694],[90.405499,23.816528],[90.405021,23.816013],[90.404584,23.816187],[90.401334,23.799026],[90.39798,23.778594],[90.392695,23.775673],[90.390153,23.775567],[90.389948,23.773155],[90.389179,23.770506],[90.389123,23.768033],[90.388667,23.764648],[90.383491,23.765289],[90.382608,23.770435],[90.381038,23.776435],[90.380577,23.776883],[90.372098,23.77453],[90.367162,23.773375],[90.365577,23.774974],[90.361069,23.773366],[90.359216,23.770611],[90.358552,23.769126],[90.358501,23.767403],[90.359016,23.762404]]},"id":"84","properties":{"Actual Bus":43,"Alingment":"Mohammadpur Shia Mosque ? Shyamoli ? Shishu Mela ? Agargaon ? Shewrapara ? Mirpur-10 ? Purabi Hall ? Kalsi Flyover ? Airport ? Uttara ? Dhour ? Savar","Average OS":13.77951988,"Average TS":24.0326414,"B-A":900,"Bus No":44,"Bus Type":"Non-AC","Capacity":54,"First A":7,"Headway":20,"Last B":22.0,"Length":40.8491,"No of  R T":4.22,"No of Trip":8.44,"Operation ":88.86666667,"Operator":"Messrs. Alif Enterprise","Permitted ":53,"Route_ID":"A-292","Seat No":36,"Serial_no":86,"TB Actual":201301.5754,"TB BRTA":39809.63991,"TB PD":39809.63991,"TBPDPT":3916,"Total B/A":89,"Travel Tim":50.95320067},"type":"Feature"},{"geometry":{"type":"LineString","coordinates":[[90.423559,23.797704],[90.425652,23.785909],[90.42586,23.78318],[90.425644,23.780686],[90.421754,23.780856],[90.420393,23.780616],[90.41711,23.780504],[90.416333,23.780321],[90.408178,23.780232],[90.404889,23.780702],[90.398891,23.781016],[90.398706,23.780983],[90.398373,23.779309],[90.398085,23.778731],[90.397345,23.778099],[90.392887,23.775742],[90.38996,23.77529],[90.390149,23.773352],[90.389257,23.768631],[90.388924,23.765351],[90.389357,23.761065],[90.389759,23.759192],[90.393298,23.749834],[90.395738,23.742737],[90.396104,23.740887],[90.395961,23.738627],[90.39587,23.738104],[90.388604,23.73905],[90.383954,23.738867],[90.383476,23.738707],[90.384499,23.734451],[90.385654,23.730577],[90.386298,23.726886]]},"id":"85","properties":{"Actual Bus":42,"Alingment":"Kuril Bishwaroad ? Natun Bazar ? Badda ? Link Road ? Gulshan-1 ? Amtoli ? Mohakhali ? Farmgate ? Shahbagh ? Science Lab ? New Market ? Azimpur","Average OS":4.98889145,"Average TS":12.32054774,"B-A":960,"Bus No":38,"Bus Type":"Non-AC","Capacity":54,"First A":6,"Headway":25,"Last B":22.0,"Length":12.7177,"No of  R T":2.77,"No of Trip":5.53,"Operation ":144.6333333,"Operator":"Dewan Enterprise","Permitted ":33,"Route_ID":"A-355","Seat No":36,"Serial_no":87,"TB Actual":23463.47085,"TB BRTA":18435.58424,"TB PD":18435.58424,"TBPDPT":3838,"Total B/A":101,"Travel Tim":58.56557801},"type":"Feature"},{"geometry":{"type":"LineString","coordinates":[[90.389167,23.663358],[90.390862,23.663528],[90.392146,23.664396],[90.405144,23.674913],[90.40384,23.677732],[90.403407,23.680346],[90.401807,23.687349],[90.400373,23.690837],[90.398465,23.696562],[90.397517,23.701587],[90.397934,23.703068],[90.399005,23.704942],[90.401163,23.708018],[90.402854,23.710784],[90.403476,23.71281],[90.404732,23.713586],[90.406816,23.714369],[90.408008,23.714582],[90.408602,23.714485],[90.408759,23.718157],[90.409975,23.720024],[90.410421,23.721176],[90.410782,23.722935],[90.410732,23.726622],[90.410144,23.730121],[90.405233,23.729902],[90.404904,23.73048],[90.404405,23.732575],[90.403698,23.73369],[90.402128,23.733959],[90.400904,23.734609],[90.399596,23.736968],[90.39896,23.737663],[90.397505,23.738105],[90.39587,23.738104],[90.396104,23.740887],[90.395738,23.742737],[90.393298,23.749834],[90.389783,23.75916],[90.383735,23.758853],[90.383513,23.758644],[90.374182,23.758146],[90.371098,23.763491],[90.36734,23.773144],[90.366303,23.774383],[90.364625,23.77571],[90.360307,23.778499],[90.356282,23.779247],[90.351813,23.781569],[90.353944,23.785371],[90.353785,23.791168],[90.353299,23.798554],[90.355266,23.799876],[90.351969,23.804789],[90.351696,23.805309],[90.351311,23.807366],[90.349968,23.809932],[90.348188,23.811666],[90.347413,23.812079],[90.347225,23.81234]]},"id":"86","properties":{"Actual Bus":10,"Alingment":"Zoo ? Duaripara ? Mirpur-2 ? Mirpur-1 ? Technical ? Shyamoli ? Asad Gate ? Farmgate ? Press Club ? Fulbaria ? Tantibazar ? Babubazar Bridge ? Chunkutia ? Keraniganj (Central Jail)","Average OS":40.99545041,"Average TS":37.63454608,"B-A":960,"Bus No":44,"Bus Type":"Non-AC","Capacity":54,"First A":7,"Headway":22,"Last B":23.0,"Length":22.4713,"No of  R T":7.28,"No of Trip":14.56,"Operation ":54.95,"Operator":"Everest Paribahan Ltd.","Permitted ":18,"Route_ID":"A-285","Seat No":36,"Serial_no":88,"TB Actual":0.0,"TB BRTA":13626.93358,"TB PD":13626.93358,"TBPDPT":2288,"Total B/A":52,"Travel Tim":59.85723848},"type":"Feature"},{"geometry":{"type":"MultiLineString","coordinates":[[[90.390072,23.758555],[90.389357,23.761214],[90.388925,23.7655],[90.389258,23.76878],[90.39015,23.773501],[90.38996,23.775439],[90.392541,23.775813],[90.393287,23.776058],[90.397346,23.778248],[90.398085,23.77888],[90.398374,23.779459],[90.400366,23.790609],[90.403998,23.81297],[90.40457,23.815639],[90.405499,23.816678],[90.406434,23.817089],[90.411839,23.817133],[90.415614,23.819422],[90.419174,23.822023],[90.419972,23.823179],[90.42053,23.824827],[90.420451,23.826232],[90.419325,23.833322],[90.418689,23.836475],[90.4176,23.83939],[90.400754,23.86014],[90.400244,23.860982],[90.399886,23.862686],[90.400541,23.871894],[90.400535,23.875441],[90.401316,23.878742],[90.401258,23.879474],[90.400819,23.880413],[90.400424,23.880817],[90.400049,23.880867],[90.395659,23.879894],[90.393067,23.879707],[90.392466,23.879838],[90.392138,23.880264],[90.391271,23.883389],[90.388072,23.892508],[90.387541,23.893339],[90.384858,23.896555],[90.383052,23.897476],[90.38216,23.897729],[90.380885,23.897904],[90.379213,23.897311],[90.377996,23.89666],[90.376129,23.894811],[90.375103,23.894284],[90.373111,23.894057],[90.369025,23.894493],[90.366652,23.89356],[90.364205,23.893333],[90.362097,23.892419],[90.330989,23.897701],[90.327692,23.899992],[90.326116,23.902437],[90.324124,23.904733],[90.321012,23.907228],[90.320379,23.908658],[90.320503,23.910547],[90.319493,23.912322],[90.318454,23.913601],[90.314879,23.916104],[90.310747,23.921333],[90.308968,23.926521],[90.307553,23.931698],[90.299193,23.936684],[90.291674,23.936597],[90.28578,23.937326],[90.277793,23.936222],[90.273738,23.936475],[90.269471,23.937602]],[[90.390021,23.758539],[90.389783,23.75916],[90.383735,23.758853],[90.383513,23.758644],[90.374107,23.758274],[90.382016,23.744729],[90.383293,23.739491],[90.383644,23.738843],[90.383476,23.738707],[90.384042,23.736194],[90.385654,23.730577],[90.3863,23.726879],[90.387616,23.722787],[90.388732,23.72287],[90.388859,23.722106],[90.389634,23.722331],[90.390246,23.722079],[90.390631,23.722208],[90.39172,23.722138],[90.391873,23.722425],[90.392898,23.722418],[90.392841,23.722834],[90.393058,23.723149],[90.395643,23.722368],[90.395852,23.722966],[90.395546,23.72464],[90.403964,23.723381],[90.413786,23.722979],[90.41502,23.722713],[90.416753,23.721754],[90.417518,23.721156],[90.418705,23.719746],[90.420617,23.716561],[90.421356,23.716161],[90.422641,23.71589],[90.423791,23.715212],[90.425578,23.714451],[90.430089,23.711454],[90.434731,23.710025],[90.450438,23.702729],[90.468976,23.693799],[90.470909,23.693255],[90.472936,23.693008],[90.474675,23.693025],[90.480725,23.693731]]]},"id":"87","properties":{"Actual Bus":102,"Alingment":"Signboard ? Shonir Akhra ? Hanif Flyover ? Chankharpul ? New Market ? Kalabagan ? Manik Mia Avenue ? Khamarbari (left turn) ? Mohakhali Flyover ? Banani ? Airport ? Uttara ? Abdullahpur ? Dhour ? Baipail Fantasy","Average OS":7.641299304,"Average TS":14.49609578,"B-A":960,"Bus No":56,"Bus Type":"Non-AC","Capacity":54,"First A":7,"Headway":17,"Last B":23.0,"Length":50.1012,"No of  R T":2.32,"No of Trip":4.64,"Operation ":172.4,"Operator":"Bikash Paribahan Ltd.","Permitted ":103,"Route_ID":"A-341","Seat No":36,"Serial_no":89,"TB Actual":56324.82599,"TB BRTA":56877.03016,"TB PD":56877.03016,"TBPDPT":6664,"Total B/A":119,"Travel Tim":90.876883},"type":"Feature"},{"geometry":{"type":"MultiLineString","coordinates":[[[90.364544,23.754528],[90.361602,23.757032],[90.361577,23.757042],[90.360971,23.757117],[90.360047,23.756946],[90.35889,23.756559],[90.356586,23.756108],[90.355045,23.754155],[90.353815,23.750144],[90.352083,23.746774],[90.351564,23.746415],[90.348236,23.745354],[90.347185,23.744733],[90.343909,23.74155],[90.342613,23.739783],[90.341775,23.737849],[90.341053,23.736836],[90.340179,23.736096],[90.336569,23.733977],[90.336198,23.733108],[90.335232,23.732679]],[[90.364544,23.754528],[90.364538,23.754534],[90.36455,23.754524],[90.364544,23.754528]],[[90.417727,23.728876],[90.417727,23.728876],[90.417501,23.728873],[90.417221,23.728683],[90.416783,23.728035],[90.415611,23.727815],[90.415242,23.727518],[90.415129,23.727357],[90.415116,23.725719],[90.414554,23.725215],[90.413638,23.724839],[90.41212,23.724919],[90.411998,23.724992],[90.412061,23.727513],[90.41051,23.727797],[90.410144,23.730121],[90.405233,23.729902],[90.404904,23.73048],[90.404405,23.732575],[90.403698,23.73369],[90.402128,23.733959],[90.400904,23.734609],[90.399596,23.736968],[90.39896,23.737663],[90.397505,23.738105],[90.39587,23.738104],[90.388604,23.73905],[90.383644,23.738843],[90.383196,23.739521],[90.379083,23.73871],[90.376057,23.738396],[90.37394,23.742352],[90.367525,23.751854],[90.36724,23.752234],[90.364544,23.754528]],[[90.417727,23.728876],[90.417727,23.728876]],[[90.418588,23.728386],[90.418139,23.728641],[90.417727,23.728876]],[[90.418588,23.728386],[90.417727,23.728876]],[[90.419084,23.728103],[90.418588,23.728386]],[[90.419084,23.728103],[90.418954,23.728177],[90.418588,23.728386]],[[90.419085,23.728103],[90.419085,23.728103],[90.419084,23.728103]],[[90.419085,23.728103],[90.419084,23.728103]],[[90.419629,23.727792],[90.41931,23.727975],[90.419085,23.728103]],[[90.419629,23.727792],[90.419085,23.728103]],[[90.419735,23.727732],[90.419629,23.727792],[90.419629,23.727792]],[[90.419735,23.727732],[90.419629,23.727792]],[[90.420488,23.727303],[90.419735,23.727732]],[[90.420488,23.727303],[90.420372,23.727369],[90.419735,23.727732]],[[90.421381,23.726797],[90.421288,23.726847],[90.420488,23.727303]],[[90.421381,23.726797],[90.420488,23.727303]],[[90.422311,23.731826],[90.421026,23.731545]],[[90.421026,23.731545],[90.421351,23.730857]],[[90.421026,23.731545],[90.421182,23.731214],[90.421351,23.730857]],[[90.421351,23.730857],[90.421646,23.73016]],[[90.421627,23.726249],[90.421381,23.726797]],[[90.421685,23.726291],[90.421668,23.726278],[90.421627,23.726249]],[[90.421685,23.726291],[90.421627,23.726249]],[[90.421646,23.73016],[90.421794,23.72978]],[[90.421646,23.73016],[90.421669,23.730103],[90.421794,23.72978]],[[90.421884,23.726545],[90.421837,23.726457],[90.421796,23.726395],[90.421685,23.726291]],[[90.421884,23.726545],[90.421685,23.726291]],[[90.421799,23.727333],[90.421718,23.726869]],[[90.421799,23.727333],[90.421771,23.727229],[90.421718,23.726869]],[[90.421718,23.726869],[90.421838,23.726731]],[[90.421794,23.72978],[90.421809,23.729724],[90.421818,23.72969]],[[90.421794,23.72978],[90.421818,23.72969]],[[90.421853,23.727533],[90.421827,23.727436],[90.421799,23.727333]],[[90.421853,23.727533],[90.421799,23.727333]],[[90.421818,23.72969],[90.421894,23.729407]],[[90.421818,23.72969],[90.421827,23.729657],[90.421894,23.729407]],[[90.421838,23.726731],[90.421877,23.726628]],[[90.421838,23.726731],[90.421843,23.726719],[90.421877,23.726628]],[[90.421937,23.727846],[90.421853,23.727533]],[[90.421937,23.727846],[90.421937,23.727846],[90.421853,23.727533]],[[90.421877,23.726628],[90.421884,23.726545]],[[90.421877,23.726628],[90.421884,23.726545],[90.421884,23.726545]],[[90.421884,23.726545],[90.421884,23.726545],[90.421884,23.726545]],[[90.421884,23.726545],[90.421884,23.726545]],[[90.421894,23.729407],[90.42191,23.729349],[90.421922,23.729305]],[[90.421894,23.729407],[90.421922,23.729305]],[[90.421922,23.729305],[90.421967,23.729064]],[[90.421922,23.729305],[90.421959,23.729167],[90.421967,23.729064]],[[90.421996,23.728429],[90.421957,23.728039],[90.421937,23.727846]],[[90.421996,23.728429],[90.421937,23.727846]],[[90.421967,23.729064],[90.42201,23.728568]],[[90.421967,23.729064],[90.421976,23.72896],[90.42201,23.728568]],[[90.42201,23.728568],[90.421996,23.728429]],[[90.42201,23.728568],[90.422002,23.728485],[90.421996,23.728429]],[[90.422956,23.731966],[90.422447,23.731855],[90.422311,23.731826]],[[90.422956,23.731966],[90.422311,23.731826]],[[90.422956,23.731966],[90.422956,23.731966]],[[90.422956,23.731966],[90.422956,23.731966],[90.422956,23.731966]],[[90.424129,23.732206],[90.423086,23.731993],[90.422956,23.731966]],[[90.424129,23.732206],[90.422956,23.731966]],[[90.423652,23.748024],[90.425097,23.747034],[90.4261,23.745613],[90.426598,23.744288],[90.427029,23.740443],[90.428115,23.739237],[90.428412,23.738638],[90.428758,23.725145],[90.427138,23.725121],[90.42564,23.725315],[90.425251,23.732419]],[[90.425251,23.732419],[90.424129,23.732206]],[[90.425251,23.732419],[90.425221,23.732429],[90.424129,23.732206]],[[90.425252,23.732413],[90.425251,23.732419]]]},"id":"88","properties":{"Actual Bus":47,"Alingment":"Area adjacent to Khilgaon Khidma Hospital ? Khilgaon Rail Gate ? Basabo ? Kamalapur ? Mugda ? Motijheel ? Gulistan ? Shahbagh ? Science Lab ? Jigatola ? Dhanmondi-15 ? Mohammadpur ? Basila ? Ghatarchar","Average OS":6.453900709,"Average TS":14.29245859,"B-A":930,"Bus No":93,"Bus Type":"Non-AC","Capacity":54,"First A":7,"Headway":10,"Last B":22.5,"Length":18.9642,"No of  R T":3.66,"No of Trip":7.33,"Operation ":105.75,"Operator":"Midline Paribahan (Pvt.) Ltd.","Permitted ":43,"Route_ID":"A-439","Seat No":36,"Serial_no":90,"TB Actual":42711.11111,"TB BRTA":39076.12293,"TB PD":39076.12293,"TBPDPT":11532,"Total B/A":124,"Travel Tim":47.75245602},"type":"Feature"},{"geometry":{"type":"LineString","coordinates":[[90.2872,23.466122],[90.287764,23.469353],[90.28581,23.47483],[90.283099,23.474492],[90.2783,23.474406],[90.273612,23.473325],[90.271432,23.473572],[90.269524,23.472914],[90.268108,23.472668],[90.265048,23.473569],[90.269653,23.493501],[90.279795,23.518323],[90.280113,23.51897],[90.286072,23.52561],[90.289099,23.528285],[90.28971,23.529018],[90.290195,23.530243],[90.290545,23.53383],[90.291509,23.536789],[90.292513,23.538417],[90.29639,23.543436],[90.299907,23.54858],[90.300115,23.550453],[90.298456,23.563072],[90.298749,23.564714],[90.304332,23.574996],[90.305879,23.580421],[90.309824,23.587187],[90.313317,23.59372],[90.317386,23.598834],[90.342295,23.627002],[90.34352,23.629392],[90.343824,23.630818],[90.347872,23.642143],[90.350672,23.650975],[90.351155,23.655727],[90.35171,23.657572],[90.352698,23.658662],[90.353303,23.659194],[90.354697,23.659862],[90.35531,23.659963],[90.390862,23.663528],[90.392146,23.664396],[90.405144,23.674913],[90.40384,23.677732],[90.403407,23.680346],[90.401807,23.687349],[90.400373,23.690837],[90.398465,23.696562],[90.397517,23.701587],[90.397934,23.703068],[90.399005,23.704942],[90.401163,23.708018],[90.402854,23.710784],[90.403476,23.71281],[90.404732,23.713586],[90.406816,23.714369],[90.408008,23.714582],[90.408602,23.714485],[90.408759,23.718157],[90.409975,23.720024],[90.410421,23.721176],[90.410782,23.722935],[90.410732,23.726622],[90.410144,23.730121],[90.405233,23.729902],[90.404904,23.73048],[90.404405,23.732575],[90.403698,23.73369],[90.402128,23.733959],[90.400904,23.734609],[90.399596,23.736968],[90.39896,23.737663],[90.397505,23.738105],[90.39587,23.738104],[90.396104,23.740887],[90.395738,23.742737],[90.393298,23.749834],[90.389759,23.759192],[90.389357,23.761065],[90.388992,23.764433],[90.383353,23.765153],[90.382397,23.770631],[90.380496,23.77726],[90.377903,23.785306],[90.37025,23.80325],[90.36871,23.806511],[90.364483,23.822013],[90.36423,23.824435],[90.364145,23.82785],[90.363868,23.829169]]},"id":"89","properties":{"Actual Bus":54,"Alingment":"Mirpur-12 ? Mirpur-10 ? Bijoy Sarani ? Farmgate ? Gulistan ? Babubazar ? Keraniganj ? Mawa","Average OS":15.36622672,"Average TS":38.13555151,"B-A":960,"Bus No":48,"Bus Type":"Non-AC","Capacity":54,"First A":7,"Headway":20,"Last B":23.0,"Length":51.8707,"No of  R T":2.17,"No of Trip":4.34,"Operation ":184.3666667,"Operator":"Shadhin Paribahan Ltd.","Permitted ":44,"Route_ID":"A-295","Seat No":36,"Serial_no":91,"TB Actual":0.0,"TB BRTA":13746.51962,"TB PD":13746.51962,"TBPDPT":3456,"Total B/A":72,"Travel Tim":74.28816126},"type":"Feature"},{"geometry":{"type":"LineString","coordinates":[[90.410797,23.724478],[90.410828,23.722998],[90.410538,23.7213],[90.409988,23.719896],[90.409065,23.718733],[90.408714,23.717709],[90.4086,23.714476],[90.406471,23.714169],[90.404793,23.713583],[90.403641,23.712894],[90.403419,23.712574],[90.402901,23.710833],[90.40239,23.709888],[90.399254,23.705183],[90.397911,23.702862],[90.397667,23.702143],[90.397606,23.701031],[90.398087,23.698212],[90.398537,23.696539],[90.398209,23.697104],[90.397507,23.700912],[90.397354,23.701147],[90.394936,23.700996],[90.392662,23.701299],[90.389519,23.702762],[90.389,23.702615],[90.386055,23.700862],[90.383972,23.700206],[90.377084,23.699843],[90.37526,23.700162],[90.373902,23.700215],[90.366097,23.699935],[90.356341,23.699221],[90.343615,23.697855],[90.331058,23.698228],[90.330409,23.69814],[90.32915,23.697627],[90.327808,23.697616],[90.322125,23.696729],[90.319805,23.696],[90.318112,23.695233],[90.317455,23.695075],[90.315029,23.695062],[90.312046,23.693943],[90.310491,23.692108],[90.309522,23.691527],[90.308278,23.690491],[90.308431,23.688999],[90.308782,23.688324],[90.308217,23.687258],[90.308423,23.686522],[90.307966,23.685726],[90.308271,23.684904],[90.308263,23.684315],[90.308057,23.683939],[90.305745,23.682388],[90.304189,23.682918],[90.303708,23.68284],[90.30261,23.681278],[90.302839,23.680003],[90.303838,23.676757],[90.304319,23.675674],[90.304944,23.674817],[90.305622,23.672929],[90.306194,23.669457],[90.306164,23.666039],[90.305409,23.666077],[90.301229,23.667706],[90.29749,23.668848],[90.293622,23.670924],[90.292395,23.671435],[90.291472,23.671118],[90.289519,23.66949],[90.28575,23.666986],[90.283041,23.666849],[90.282217,23.666507],[90.28137,23.665649],[90.280609,23.664573],[90.279349,23.660929],[90.27111,23.648612],[90.271385,23.648598],[90.266982,23.64745],[90.26612,23.647021],[90.265746,23.646376],[90.262481,23.642614],[90.261688,23.642068],[90.258408,23.640676],[90.253922,23.639418],[90.251824,23.638409],[90.247148,23.637342],[90.242959,23.636593],[90.237162,23.636275],[90.236041,23.636431],[90.234699,23.636855],[90.22746,23.637322],[90.224095,23.638182],[90.221784,23.638588],[90.221052,23.638504],[90.219984,23.637939],[90.218809,23.638046],[90.217223,23.638826],[90.214911,23.640632],[90.214331,23.640819],[90.213874,23.640686],[90.21122,23.64225],[90.210426,23.642517],[90.20861,23.642048],[90.207679,23.641208],[90.208595,23.639442],[90.208908,23.638486],[90.20919,23.636988],[90.209251,23.635018],[90.209059,23.634036],[90.208571,23.632848],[90.20819,23.632023],[90.207473,23.63113],[90.2069,23.629364],[90.206305,23.628128],[90.206015,23.627267],[90.205985,23.62617],[90.205641,23.625127],[90.205634,23.624564],[90.205306,23.624337],[90.199676,23.625613],[90.199165,23.625607],[90.197922,23.62492],[90.19732,23.624975],[90.19661,23.625326],[90.195351,23.626352],[90.194634,23.626501],[90.193826,23.626129],[90.193308,23.625462],[90.193146,23.624729],[90.192598,23.624554],[90.19224,23.624134],[90.187738,23.622317],[90.183436,23.619764],[90.181941,23.619282],[90.178593,23.619024],[90.175884,23.618611],[90.170934,23.618493],[90.167494,23.618226],[90.165464,23.618366],[90.162726,23.618862],[90.158844,23.61896],[90.156944,23.618675],[90.154161,23.61856],[90.152932,23.618232],[90.152017,23.617795],[90.151635,23.618241],[90.151185,23.618325],[90.149446,23.618213],[90.149194,23.617679],[90.148661,23.617381],[90.146387,23.617859],[90.145922,23.617806],[90.145052,23.617296],[90.14435,23.617199],[90.142497,23.617186],[90.139728,23.617426],[90.138638,23.617333],[90.138562,23.617615],[90.137707,23.618132],[90.13529,23.618534],[90.130629,23.618116],[90.130064,23.617433],[90.128554,23.617252],[90.126129,23.61757],[90.121583,23.617686]]},"id":"90","properties":{"Actual Bus":165,"Alingment":"Gulistan Mazar / Golap Shah Mazar ? Fulbaria ? Nayabazar / Tantibazar ? Babubazar ? Zinjira ? Kadamtali ? Keraniganj ? Konakhola ? Ruhitpur ? Saidpur ? Kharshur ? Tikerpur ? Dohar ? Joypara","Average OS":20.27613874,"Average TS":28.44702218,"B-A":960,"Bus No":48,"Bus Type":"Non-AC","Capacity":54,"First A":7,"Headway":20,"Last B":23.0,"Length":40.3819,"No of  R T":3.34,"No of Trip":6.69,"Operation ":119.65,"Operator":"DNK Paribahan","Permitted ":0,"Route_ID":"N05","Seat No":36,"Serial_no":92,"TB Actual":0.0,"TB BRTA":0.0,"TB PD":0.0,"TBPDPT":1872,"Total B/A":39,"Travel Tim":85.28274014},"type":"Feature"},{"geometry":{"type":"MultiLineString","coordinates":[[[90.435971,23.697854],[90.435998,23.697666]],[[90.435998,23.697666],[90.435975,23.697832],[90.435971,23.697854]],[[90.435506,23.701096],[90.435971,23.697854]],[[90.435506,23.701096],[90.435505,23.701105],[90.43546,23.701418]],[[90.43546,23.701418],[90.435506,23.701096]],[[90.435044,23.704408],[90.43546,23.701418]],[[90.43493,23.705262],[90.435044,23.704408]],[[90.435044,23.704408],[90.43499,23.704811],[90.43493,23.705262]],[[90.434425,23.710142],[90.43493,23.705262]],[[90.434425,23.710142],[90.433992,23.710572],[90.431625,23.711013],[90.429975,23.711528]],[[90.429975,23.711528],[90.431272,23.711002],[90.434425,23.710142]],[[90.429686,23.711726],[90.429975,23.711528]],[[90.429686,23.711726],[90.429515,23.711843],[90.429448,23.711887],[90.429378,23.711934],[90.429326,23.711968]],[[90.429326,23.711968],[90.429686,23.711726]],[[90.42929,23.711992],[90.429326,23.711968]],[[90.429326,23.711968],[90.429312,23.711978],[90.42929,23.711992]],[[90.429271,23.712005],[90.42929,23.711992]],[[90.429232,23.716737],[90.429227,23.716824],[90.429226,23.716836],[90.429222,23.716917]],[[90.429222,23.716917],[90.429232,23.716737]],[[90.429048,23.718861],[90.429222,23.716917]],[[90.429002,23.712183],[90.429271,23.712005]],[[90.429271,23.712005],[90.429271,23.712004],[90.429002,23.712183]],[[90.42901,23.71925],[90.429048,23.718861]],[[90.429048,23.718861],[90.42901,23.719248],[90.42901,23.71925]],[[90.428968,23.712206],[90.428999,23.712185],[90.429002,23.712183]],[[90.429002,23.712183],[90.428968,23.712206]],[[90.428968,23.712206],[90.428951,23.712217]],[[90.428951,23.712217],[90.428952,23.712216],[90.428968,23.712206]],[[90.428859,23.712278],[90.428951,23.712217]],[[90.428951,23.712217],[90.428874,23.712268],[90.428859,23.712278]],[[90.428859,23.712278],[90.428822,23.712302]],[[90.428822,23.712302],[90.428859,23.712278],[90.428859,23.712278]],[[90.429232,23.716737],[90.429266,23.716159],[90.428777,23.713776]],[[90.428771,23.712337],[90.428822,23.712302]],[[90.428777,23.713776],[90.428696,23.713538]],[[90.428696,23.713538],[90.428741,23.713672],[90.428777,23.713776]],[[90.428605,23.712447],[90.428682,23.712396],[90.428771,23.712337]],[[90.428771,23.712337],[90.428605,23.712447]],[[90.428605,23.712447],[90.428581,23.712463]],[[90.428581,23.712463],[90.428596,23.712453],[90.428605,23.712447]],[[90.42861,23.729628],[90.42901,23.71925]],[[90.428581,23.712463],[90.428565,23.712473],[90.428544,23.712487],[90.42853,23.712496]],[[90.42853,23.712496],[90.428581,23.712463]],[[90.428696,23.713538],[90.428442,23.712778],[90.42853,23.712496]],[[90.428528,23.732459],[90.42861,23.729628]],[[90.42861,23.729628],[90.428568,23.73108],[90.428528,23.732459]],[[90.425773,23.746238],[90.426598,23.744288],[90.427029,23.740443],[90.428115,23.739237],[90.428412,23.738638],[90.428606,23.734445],[90.428528,23.732459]],[[90.425739,23.777217],[90.425739,23.777215],[90.42575,23.77702]],[[90.42575,23.77702],[90.425739,23.777217]],[[90.425751,23.782289],[90.425738,23.782181]],[[90.425738,23.782181],[90.425743,23.782221],[90.425751,23.782289]],[[90.425714,23.777638],[90.425739,23.777217]],[[90.425658,23.778603],[90.425685,23.778134],[90.425714,23.777638]],[[90.425714,23.777638],[90.425658,23.778603]],[[90.425738,23.782181],[90.425658,23.778603]],[[90.425408,23.746668],[90.425773,23.746238]],[[90.425773,23.746238],[90.425573,23.746474],[90.425408,23.746668]],[[90.425429,23.787165],[90.425819,23.784482],[90.425751,23.782289]],[[90.425381,23.787437],[90.425429,23.787165]],[[90.425429,23.787165],[90.425383,23.787427],[90.425381,23.787437]],[[90.425022,23.789457],[90.425381,23.787437]],[[90.425022,23.789457],[90.424936,23.789944],[90.424849,23.790436]],[[90.424849,23.790436],[90.425022,23.789457]],[[90.424849,23.790436],[90.42477,23.790879],[90.424579,23.791954]],[[90.424579,23.791954],[90.424849,23.790436]],[[90.424543,23.792158],[90.424579,23.791954]],[[90.424499,23.792408],[90.424543,23.792158]],[[90.424543,23.792158],[90.424516,23.792311],[90.424499,23.792408]],[[90.424499,23.792408],[90.424426,23.792819],[90.424267,23.793712]],[[90.424267,23.793712],[90.424499,23.792408]],[[90.424251,23.793805],[90.424267,23.793712]],[[90.424251,23.793805],[90.424184,23.794179],[90.424168,23.794272]],[[90.424168,23.794272],[90.424251,23.793805]],[[90.424168,23.794272],[90.424147,23.794392],[90.423948,23.795511]],[[90.423948,23.795511],[90.424168,23.794272]],[[90.423948,23.795511],[90.423924,23.795647]],[[90.423924,23.795647],[90.423924,23.795645],[90.423948,23.795511]],[[90.423874,23.795929],[90.423924,23.795647]],[[90.423924,23.795647],[90.423884,23.795874],[90.423874,23.795929]],[[90.42575,23.77702],[90.425799,23.77432],[90.425571,23.7725],[90.424594,23.770283],[90.422465,23.766713]],[[90.422422,23.803284],[90.423874,23.795929]],[[90.422422,23.803284],[90.422212,23.804315]],[[90.422212,23.804315],[90.422277,23.803994],[90.422422,23.803284]],[[90.422011,23.8053],[90.422212,23.804315]],[[90.422212,23.804315],[90.422147,23.804635],[90.422011,23.8053]],[[90.421862,23.765643],[90.422465,23.766713]],[[90.422465,23.766713],[90.422062,23.765998],[90.421862,23.765643]],[[90.421862,23.765643],[90.421345,23.764727]],[[90.421345,23.764727],[90.421514,23.765027],[90.421862,23.765643]],[[90.421316,23.810109],[90.421506,23.808022],[90.422011,23.8053]],[[90.421272,23.811227],[90.421279,23.811055],[90.421316,23.810109]],[[90.421316,23.810109],[90.421272,23.811227]],[[90.421345,23.764727],[90.421121,23.76433]],[[90.421121,23.76433],[90.420712,23.763604]],[[90.420712,23.763604],[90.420963,23.764049],[90.421121,23.76433]],[[90.419417,23.832598],[90.420665,23.825911],[90.421655,23.824529],[90.421502,23.822394],[90.420356,23.819904],[90.421008,23.818054],[90.421093,23.817306],[90.421272,23.811227]],[[90.420712,23.763604],[90.419133,23.760803]],[[90.419325,23.833172],[90.419403,23.832687],[90.419417,23.832598]],[[90.419417,23.832598],[90.419325,23.833172]],[[90.419051,23.834528],[90.419325,23.833172]],[[90.419051,23.834528],[90.419014,23.834713],[90.41901,23.834733]],[[90.41901,23.834733],[90.419051,23.834528]],[[90.419133,23.760803],[90.418725,23.760079]],[[90.418725,23.760079],[90.419078,23.760705],[90.419133,23.760803]],[[90.418562,23.836729],[90.41901,23.834733]],[[90.418725,23.760079],[90.418289,23.759305]],[[90.418396,23.837256],[90.418447,23.837095],[90.418562,23.836729]],[[90.418562,23.836729],[90.418396,23.837256]],[[90.418,23.758801],[90.418289,23.759305]],[[90.418289,23.759305],[90.418104,23.758982],[90.418,23.758801]],[[90.418,23.758801],[90.417713,23.7583]],[[90.417713,23.7583],[90.417864,23.758564],[90.418,23.758801]],[[90.417713,23.7583],[90.417372,23.757706]],[[90.417086,23.757205],[90.417372,23.757706]],[[90.417372,23.757706],[90.417124,23.757271],[90.417086,23.757205]],[[90.417086,23.757205],[90.416458,23.756109]],[[90.416458,23.756109],[90.416476,23.756141],[90.417086,23.757205]],[[90.415962,23.755243],[90.416458,23.756109]],[[90.416458,23.756109],[90.416387,23.755986],[90.415962,23.755243]],[[90.415994,23.84136],[90.4176,23.83924],[90.418396,23.837256]],[[90.415994,23.84136],[90.415965,23.841394],[90.415911,23.84146],[90.415877,23.8415]],[[90.415877,23.8415],[90.415994,23.84136]],[[90.415962,23.755243],[90.4156,23.754612]],[[90.4156,23.754612],[90.415401,23.754279]],[[90.415401,23.754279],[90.415452,23.754364],[90.4156,23.754612]],[[90.41525,23.754029],[90.415401,23.754279]],[[90.415401,23.754279],[90.415365,23.75422],[90.41525,23.754029]],[[90.415233,23.842277],[90.415255,23.842251],[90.415526,23.841924],[90.415877,23.8415]],[[90.415877,23.8415],[90.415233,23.842277]],[[90.41525,23.754029],[90.414594,23.752935]],[[90.414736,23.842878],[90.414925,23.842649],[90.415233,23.842277]],[[90.415233,23.842277],[90.414736,23.842878]],[[90.414594,23.752935],[90.414192,23.752264]],[[90.414192,23.752264],[90.414476,23.752737],[90.414594,23.752935]],[[90.414077,23.752073],[90.414192,23.752264]],[[90.414192,23.752264],[90.414161,23.752214],[90.414077,23.752073]],[[90.414077,23.752073],[90.41388,23.751744]],[[90.41388,23.751744],[90.413978,23.751908],[90.414077,23.752073]],[[90.414736,23.842878],[90.414682,23.842943],[90.413939,23.843839],[90.413754,23.844063]],[[90.413754,23.844063],[90.414736,23.842878]],[[90.41388,23.751744],[90.412905,23.750119]],[[90.413138,23.844806],[90.413754,23.844063]],[[90.412833,23.749999],[90.421604,23.748716],[90.422613,23.748449],[90.424479,23.747545],[90.425408,23.746668]],[[90.412905,23.750119],[90.412833,23.749999]],[[90.412833,23.749999],[90.412886,23.750087],[90.412905,23.750119]],[[90.413138,23.844806],[90.412436,23.845654]],[[90.412436,23.845654],[90.412472,23.84561],[90.413138,23.844806]],[[90.412101,23.846058],[90.412436,23.845654]],[[90.412436,23.845654],[90.41237,23.845733],[90.412101,23.846058]],[[90.411672,23.846575],[90.412101,23.846058]],[[90.412101,23.846058],[90.41181,23.846409],[90.411672,23.846575]],[[90.411672,23.846575],[90.411409,23.846893]],[[90.411409,23.846893],[90.411621,23.846636],[90.411672,23.846575]],[[90.409595,23.849082],[90.411409,23.846893]],[[90.411409,23.846893],[90.410235,23.84831],[90.409595,23.849082]],[[90.408648,23.850225],[90.409595,23.849082]],[[90.40847,23.85044],[90.408569,23.850321],[90.408648,23.850225]],[[90.408648,23.850225],[90.40847,23.85044]],[[90.407639,23.851468],[90.40847,23.85044]],[[90.406048,23.853436],[90.407639,23.851468]],[[90.407639,23.851468],[90.406653,23.852687],[90.406048,23.853436]],[[90.40574,23.853818],[90.406048,23.853436]],[[90.405224,23.854456],[90.40574,23.853818]],[[90.40574,23.853818],[90.405412,23.854223],[90.405224,23.854456]],[[90.405224,23.854456],[90.404908,23.854847]],[[90.404908,23.854847],[90.405075,23.854641],[90.405224,23.854456]],[[90.403518,23.856568],[90.404908,23.854847]],[[90.403518,23.856568],[90.402906,23.857326],[90.402366,23.857994]],[[90.402366,23.857994],[90.403518,23.856568]],[[90.402366,23.857994],[90.401633,23.858901]],[[90.401633,23.858901],[90.401837,23.858649],[90.402366,23.857994]],[[90.401354,23.859247],[90.401633,23.858901]],[[90.401633,23.858901],[90.401523,23.859037],[90.401354,23.859247]],[[90.401224,23.859408],[90.401306,23.859307],[90.401354,23.859247]],[[90.401354,23.859247],[90.401224,23.859408]],[[90.400556,23.874034],[90.400556,23.874032],[90.400565,23.873928]],[[90.400565,23.873928],[90.400556,23.874034]],[[90.400565,23.873928],[90.40054,23.871745]],[[90.40054,23.871745],[90.40062,23.873277],[90.400565,23.873928]],[[90.40054,23.871745],[90.400507,23.871107]],[[90.400507,23.871107],[90.400538,23.871709],[90.40054,23.871745]],[[90.400509,23.874588],[90.400555,23.874037],[90.400556,23.874034]],[[90.400507,23.871107],[90.400242,23.866958]],[[90.400202,23.866252],[90.399885,23.862536],[90.400244,23.860833],[90.401224,23.859408]],[[90.400242,23.866958],[90.400202,23.866252]],[[90.400202,23.866252],[90.400221,23.866598],[90.400242,23.866958]],[[90.435998,23.697666],[90.436033,23.696883],[90.435812,23.695754],[90.435398,23.69458],[90.434847,23.693798],[90.422698,23.683469],[90.421387,23.682866],[90.416574,23.682586],[90.414551,23.682011],[90.413124,23.681089],[90.406038,23.675637],[90.392146,23.664396],[90.390862,23.663528],[90.390034,23.663445]],[[90.400556,23.874034],[90.400505,23.874631],[90.37956,23.874128]]]},"id":"91","properties":{"Actual Bus":225,"Alingment":"Diabari Chourasta ? Sector-13 ? Mascot Plaza ? Azampur ? Airport ? Kuril Flyover ? Natun Bazar ? Badda ? Rampura ? Khilgaon Flyover ? Ttipara ? Sayedabad ? Jatrabari ? Postogola Bridge ? Abdullahpur Jail","Average OS":9.658953452,"Average TS":15.20530334,"B-A":960,"Bus No":42,"Bus Type":"Non-AC","Capacity":54,"First A":6,"Headway":23,"Last B":22.0,"Length":36.5515,"No of  R T":2.48,"No of Trip":4.95,"Operation ":161.4833333,"Operator":"Raida Enterprise","Permitted ":114,"Route_ID":"A-317","Seat No":36,"Serial_no":93,"TB Actual":188378.5736,"TB BRTA":95445.14398,"TB PD":95445.14398,"TBPDPT":7098,"Total B/A":169,"Travel Tim":102.5799989},"type":"Feature"},{"geometry":{"type":"MultiLineString","coordinates":[[[90.377623,23.822804],[90.377684,23.822239],[90.364958,23.820192],[90.36856,23.807097],[90.365697,23.806319],[90.364461,23.805655],[90.353356,23.798642],[90.353283,23.797334],[90.353785,23.791168],[90.353944,23.785371],[90.351813,23.781569],[90.350123,23.782356],[90.349116,23.782645],[90.343972,23.783325],[90.339434,23.783011],[90.338658,23.7831],[90.3348,23.784498]],[[90.377588,23.823035],[90.377623,23.822804]],[[90.415534,24.000797],[90.417352,23.996948],[90.413962,23.99542],[90.404417,23.992982],[90.381681,23.989645],[90.380705,23.97754],[90.380095,23.965574],[90.38065,23.960856],[90.381367,23.948433],[90.38575,23.937238],[90.391832,23.92261],[90.398438,23.907541],[90.399215,23.903835],[90.398896,23.89725],[90.400127,23.895015],[90.401658,23.893373],[90.40194,23.892716],[90.401944,23.892213],[90.40122,23.889079],[90.400222,23.886001],[90.401316,23.878592],[90.400534,23.875292],[90.40054,23.871745],[90.399885,23.862536],[90.400244,23.860833],[90.400753,23.85999],[90.4176,23.83924],[90.418689,23.836325],[90.419325,23.833172],[90.42045,23.826083],[90.42053,23.824678],[90.419972,23.82303],[90.419174,23.821873],[90.415614,23.819272],[90.411838,23.816984],[90.406433,23.81694],[90.405499,23.816528],[90.405021,23.816013],[90.403727,23.816311],[90.400248,23.816453],[90.398589,23.816857],[90.393427,23.822596],[90.391571,23.821565],[90.390016,23.820261],[90.388612,23.819996],[90.385018,23.820593],[90.381937,23.822496],[90.380305,23.823304],[90.379844,23.823329],[90.377623,23.822804]]]},"id":"92","properties":{"Actual Bus":95,"Alingment":"Gabtoli ? Mirpur-1 ? Mirpur-10 ? Mirpur-11 ? Purabi ? Palashi ? New Flyover ? Airport ? Abdullahpur ? Gazipur Chowrasta","Average OS":14.15404617,"Average TS":21.94517932,"B-A":930,"Bus No":74,"Bus Type":"Non-AC","Capacity":54,"First A":7,"Headway":13,"Last B":22.5,"Length":37.358,"No of  R T":3.08,"No of Trip":6.17,"Operation ":125.6333333,"Operator":"Basumati","Permitted ":90,"Route_ID":"A-271","Seat No":36,"Serial_no":94,"TB Actual":65635.44707,"TB BRTA":62180.94985,"TB PD":62180.94985,"TBPDPT":8288,"Total B/A":112,"Travel Tim":81.0300966},"type":"Feature"},{"geometry":{"type":"LineString","coordinates":[[90.40197,23.755302],[90.402084,23.755903],[90.40284,23.756626],[90.403244,23.757904],[90.403603,23.758324],[90.407004,23.760815],[90.409156,23.762894],[90.410834,23.764912],[90.41104,23.765539],[90.410888,23.765987],[90.409331,23.767061],[90.40882,23.767584],[90.408645,23.768333],[90.408774,23.768696],[90.409095,23.768953],[90.409873,23.768986],[90.411231,23.768476],[90.411979,23.768633],[90.412406,23.769064],[90.41297,23.771429],[90.415557,23.772718],[90.416495,23.77259],[90.416892,23.772924],[90.417273,23.772962],[90.417991,23.77267],[90.418807,23.771367],[90.419753,23.770839],[90.420775,23.770812],[90.421424,23.771386],[90.421874,23.771506],[90.422469,23.771001],[90.422896,23.770227],[90.422072,23.768071],[90.418586,23.768216],[90.417289,23.768598],[90.416518,23.768643],[90.415595,23.768384],[90.413741,23.766958],[90.412383,23.765469],[90.410674,23.761251],[90.410483,23.760139],[90.410613,23.75935],[90.410392,23.75893],[90.409194,23.758526],[90.408561,23.758444],[90.407355,23.758579],[90.405922,23.758242],[90.404358,23.755447],[90.404045,23.754179],[90.403786,23.75395],[90.402962,23.753773],[90.401978,23.753986],[90.40197,23.755302]]},"id":"93","properties":{"Actual Bus":14,"Alingment":"FDC ? Kunipara ? Bow Bazar ? Niketan ? Police Plaza ? Badda ? Rampura ? Mahanagar ? Madhubagh ? Hatirjheel Bridge 1 ? Hatirjheel Garden","Average OS":21.28720379,"Average TS":25.89537024,"B-A":840,"Bus No":84,"Bus Type":"Non-AC","Capacity":54,"First A":8,"Headway":10,"Last B":22.0,"Length":7.43908,"No of  R T":16.59,"No of Trip":33.18,"Operation ":21.1,"Operator":"Hatirjheel Circular Bus","Permitted ":0,"Route_ID":"1A","Seat No":36,"Serial_no":95,"TB Actual":0.0,"TB BRTA":0.0,"TB PD":0.0,"TBPDPT":4452,"Total B/A":53,"Travel Tim":17.34518548},"type":"Feature"},{"geometry":{"type":"LineString","coordinates":[[90.353356,23.798642],[90.353283,23.797334],[90.353785,23.791168],[90.353944,23.785371],[90.351813,23.781569],[90.356282,23.779247],[90.359734,23.77869],[90.360832,23.778217],[90.365603,23.774954],[90.366303,23.774383],[90.36734,23.773144],[90.371098,23.763491],[90.382016,23.744729],[90.383544,23.738929],[90.388604,23.73905],[90.39587,23.738104],[90.397505,23.738105],[90.39896,23.737663],[90.399596,23.736968],[90.400904,23.734609],[90.402128,23.733959],[90.403698,23.73369],[90.404405,23.732575],[90.404904,23.73048],[90.405233,23.729902],[90.410144,23.730121],[90.41051,23.727797],[90.411985,23.72761],[90.412105,23.727402],[90.411998,23.724992],[90.41212,23.724919],[90.413638,23.724839],[90.414554,23.725215],[90.415116,23.725719],[90.415129,23.727357],[90.415242,23.727518],[90.415611,23.727815],[90.416783,23.728035],[90.417501,23.728873],[90.417727,23.728876],[90.421381,23.726797],[90.421718,23.726869],[90.421884,23.726545],[90.421602,23.725977],[90.421544,23.721906],[90.421458,23.72166],[90.420337,23.721605],[90.420147,23.720749],[90.420448,23.718645],[90.420073,23.717381],[90.420617,23.716561],[90.421356,23.716161],[90.422641,23.71589],[90.423791,23.715212],[90.425578,23.714451],[90.429975,23.711528],[90.432131,23.710804],[90.434488,23.710248]]},"id":"94","properties":{"Actual Bus":61,"Alingment":"Mirpur-1 (Baishakhi Super Market) ? Ansar Camp ? Technical ? Kallyanpur ? Shyamoli ? College Gate ? Shukrabad ? Kalabagan ? Science Lab ? Katabon ? Shahbagh ? Press Club ? Gulistan ? Bangladesh Bank ? Jatrabari","Average OS":5.477612327,"Average TS":11.05441303,"B-A":900,"Bus No":63,"Bus Type":"Non-AC","Capacity":54,"First A":8,"Headway":14,"Last B":23.0,"Length":16.1911,"No of  R T":2.91,"No of Trip":5.83,"Operation ":128.7166667,"Operator":"Trans Silva (BD) Ltd.","Permitted ":43,"Route_ID":"A-115","Seat No":36,"Serial_no":96,"TB Actual":36609.47818,"TB BRTA":25806.68134,"TB PD":25806.68134,"TBPDPT":6489,"Total B/A":103,"Travel Tim":63.78086273},"type":"Feature"},{"geometry":{"type":"MultiLineString","coordinates":[[[90.411922,23.723007],[90.411896,23.723044]],[[90.411896,23.723044],[90.41191,23.723044],[90.41191,23.723044]],[[90.41191,23.723044],[90.411896,23.723044]],[[90.411909,23.723058],[90.411938,23.723687]],[[90.41191,23.723044],[90.411909,23.723058]],[[90.411909,23.723058],[90.41191,23.723044],[90.41191,23.723044]],[[90.411922,23.723007],[90.412644,23.722996],[90.413786,23.722979]],[[90.413786,23.722979],[90.411922,23.723007]],[[90.411951,23.723979],[90.411946,23.723856],[90.411938,23.723687]],[[90.411938,23.723687],[90.411951,23.723979]],[[90.411951,23.723979],[90.411953,23.72401]],[[90.411953,23.72401],[90.411954,23.724029],[90.411968,23.724335]],[[90.411968,23.724335],[90.411953,23.72401]],[[90.411968,23.724335],[90.411998,23.724996]],[[90.414413,23.7229],[90.413786,23.722979]],[[90.414413,23.7229],[90.414848,23.722766],[90.41502,23.722713]],[[90.41502,23.722713],[90.414413,23.7229]],[[90.415235,23.722595],[90.41502,23.722713]],[[90.415235,23.722595],[90.415553,23.722419],[90.415645,23.722368]],[[90.415645,23.722368],[90.415235,23.722595]],[[90.415913,23.72222],[90.415645,23.722368]],[[90.415913,23.72222],[90.416014,23.722165],[90.416143,23.722093]],[[90.416143,23.722093],[90.415913,23.72222]],[[90.417419,23.721233],[90.416143,23.722093]],[[90.417419,23.721233],[90.417452,23.721207],[90.417482,23.721184]],[[90.417482,23.721184],[90.417419,23.721233]],[[90.417518,23.721156],[90.417482,23.721184]],[[90.417518,23.721156],[90.41801,23.720596],[90.418147,23.720441]],[[90.418147,23.720441],[90.417518,23.721156]],[[90.418168,23.720417],[90.418147,23.720441]],[[90.418168,23.720417],[90.418399,23.720128],[90.418551,23.719938]],[[90.418551,23.719938],[90.418168,23.720417]],[[90.419066,23.719107],[90.418551,23.719938]],[[90.419066,23.719107],[90.419128,23.718997],[90.419249,23.718782]],[[90.419249,23.718782],[90.419066,23.719107]],[[90.419276,23.718734],[90.419249,23.718782]],[[90.419276,23.718734],[90.419467,23.718397],[90.419661,23.718052]],[[90.419661,23.718052],[90.419276,23.718734]],[[90.420617,23.716561],[90.419661,23.718052]],[[90.420617,23.716561],[90.420907,23.716383],[90.421004,23.716324]],[[90.421004,23.716324],[90.420617,23.716561]],[[90.421356,23.716161],[90.421004,23.716324]],[[90.421356,23.716161],[90.42149,23.716136],[90.421732,23.716091]],[[90.421732,23.716091],[90.421356,23.716161]],[[90.42196,23.716049],[90.421732,23.716091]],[[90.42196,23.716049],[90.42219,23.716006],[90.422226,23.716]],[[90.422226,23.716],[90.42196,23.716049]],[[90.422425,23.715947],[90.422226,23.716]],[[90.422425,23.715947],[90.422563,23.715911],[90.422641,23.71589]],[[90.422641,23.71589],[90.422425,23.715947]],[[90.423444,23.715412],[90.422641,23.71589]],[[90.423444,23.715412],[90.423525,23.715365],[90.423555,23.715348]],[[90.423555,23.715348],[90.423444,23.715412]],[[90.423555,23.715348],[90.423637,23.715301],[90.423791,23.715212]],[[90.423791,23.715212],[90.423555,23.715348]],[[90.425478,23.714496],[90.423791,23.715212]],[[90.425478,23.714496],[90.425538,23.714469],[90.425578,23.714451]],[[90.425578,23.714451],[90.425478,23.714496]],[[90.42588,23.714262],[90.425578,23.714451]],[[90.42588,23.714262],[90.425971,23.714204],[90.426365,23.713957]],[[90.426365,23.713957],[90.42588,23.714262]],[[90.426365,23.713957],[90.426481,23.713878]],[[90.426481,23.713878],[90.426435,23.713909],[90.426365,23.713957]],[[90.426481,23.713878],[90.426545,23.713835],[90.426769,23.713682]],[[90.426769,23.713682],[90.426481,23.713878]],[[90.426769,23.713682],[90.426917,23.713582],[90.426957,23.713554]],[[90.426957,23.713554],[90.426769,23.713682]],[[90.427222,23.71338],[90.426957,23.713554]],[[90.427222,23.71338],[90.427289,23.713338],[90.427333,23.71331]],[[90.427333,23.71331],[90.427222,23.71338]],[[90.427812,23.713006],[90.427333,23.71331]],[[90.427812,23.713006],[90.427853,23.712976],[90.427903,23.712941]],[[90.427903,23.712941],[90.427812,23.713006]],[[90.428544,23.712487],[90.427903,23.712941]],[[90.428544,23.712487],[90.428952,23.712216]],[[90.428952,23.712216],[90.428771,23.712337],[90.428544,23.712487]],[[90.428999,23.712185],[90.428952,23.712216]],[[90.428999,23.712185],[90.429002,23.712183]],[[90.429086,23.712128],[90.428999,23.712185]],[[90.429002,23.712183],[90.429686,23.711726]],[[90.429086,23.712128],[90.429002,23.712183]],[[90.429191,23.712058],[90.429086,23.712128]],[[90.42929,23.711992],[90.429191,23.712058]],[[90.42929,23.711992],[90.429271,23.712005],[90.429191,23.712058]],[[90.429313,23.711977],[90.429312,23.711978],[90.42929,23.711992]],[[90.429313,23.711977],[90.42929,23.711992]],[[90.429377,23.711934],[90.429339,23.71196],[90.429313,23.711977]],[[90.429377,23.711934],[90.429313,23.711977]],[[90.429686,23.711726],[90.429377,23.711934]],[[90.429686,23.711726],[90.429378,23.711934],[90.429377,23.711934]],[[90.429772,23.711667],[90.429686,23.711726]],[[90.429772,23.711667],[90.429852,23.711612],[90.429911,23.711572]],[[90.429911,23.711572],[90.429772,23.711667]],[[90.429915,23.711569],[90.429911,23.711572]],[[90.429915,23.711569],[90.429916,23.711568],[90.429975,23.711528]],[[90.429975,23.711528],[90.429915,23.711569]],[[90.430183,23.71144],[90.429975,23.711528]],[[90.430183,23.71144],[90.430214,23.711428],[90.43029,23.711399]],[[90.43029,23.711399],[90.430183,23.71144]],[[90.430707,23.71124],[90.43029,23.711399]],[[90.430707,23.71124],[90.430719,23.711236],[90.430744,23.711229]],[[90.430744,23.711229],[90.430707,23.71124]],[[90.430976,23.711158],[90.430744,23.711229]],[[90.431136,23.711109],[90.431136,23.711109],[90.431096,23.711121],[90.430976,23.711158]],[[90.430976,23.711158],[90.431096,23.711121],[90.431136,23.711109]],[[90.431136,23.711109],[90.431162,23.711101],[90.431347,23.711044]],[[90.431347,23.711044],[90.431136,23.711109]],[[90.431701,23.710936],[90.431347,23.711044]],[[90.431701,23.710936],[90.431861,23.710887],[90.431913,23.710871]],[[90.431913,23.710871],[90.431701,23.710936]],[[90.432232,23.710778],[90.431913,23.710871]],[[90.432232,23.710778],[90.432257,23.710772],[90.432333,23.710753]],[[90.432333,23.710753],[90.432232,23.710778]],[[90.434454,23.710253],[90.432333,23.710753]],[[90.434454,23.710253],[90.434483,23.710249],[90.434486,23.710248]],[[90.434486,23.710248],[90.434454,23.710253]],[[90.434962,23.71034],[90.434556,23.710238],[90.434486,23.710248]],[[90.434962,23.71034],[90.435169,23.710402],[90.435392,23.71047]],[[90.435392,23.71047],[90.434962,23.71034]],[[90.435392,23.71047],[90.435775,23.7106],[90.435776,23.710601]],[[90.435776,23.710601],[90.435392,23.71047]],[[90.442103,23.710359],[90.43836,23.711029],[90.437461,23.71103],[90.435776,23.710601]],[[90.442103,23.710359],[90.442393,23.710351],[90.442696,23.710343]],[[90.442696,23.710343],[90.442103,23.710359]],[[90.450262,23.71237],[90.445085,23.710646],[90.442696,23.710343]],[[90.450262,23.71237],[90.451628,23.712821],[90.452486,23.713104]],[[90.452486,23.713104],[90.450262,23.71237]],[[90.465771,23.716595],[90.463253,23.716375],[90.460258,23.715656],[90.452486,23.713104]],[[90.465771,23.716595],[90.467759,23.716795],[90.468475,23.716867]],[[90.468475,23.716867],[90.465771,23.716595]],[[90.478005,23.717807],[90.473527,23.717548],[90.468475,23.716867]],[[90.478005,23.717807],[90.479773,23.717959],[90.479876,23.717968]],[[90.479876,23.717968],[90.478005,23.717807]],[[90.484369,23.718602],[90.479876,23.717968]],[[90.484369,23.718602],[90.485693,23.718789],[90.487093,23.718986]],[[90.487093,23.718986],[90.484369,23.718602]],[[90.490553,23.719706],[90.487093,23.718986]],[[90.490553,23.719706],[90.49123,23.719883],[90.4927,23.720266]],[[90.4927,23.720266],[90.490553,23.719706]],[[90.498675,23.72181],[90.4927,23.720266]],[[90.498675,23.72181],[90.502962,23.721955],[90.503168,23.721962]],[[90.503168,23.721962],[90.498675,23.72181]],[[90.518628,23.730825],[90.514158,23.726115],[90.513628,23.725163],[90.506548,23.722311],[90.50573,23.722081],[90.503168,23.721962]],[[90.518628,23.730825],[90.520592,23.733414],[90.520652,23.733492]],[[90.520652,23.733492],[90.518628,23.730825]],[[90.565192,23.784753],[90.564678,23.784276],[90.563215,23.781506],[90.56122,23.776096],[90.557893,23.770872],[90.550823,23.763351],[90.549344,23.761545],[90.545105,23.754576],[90.543625,23.751032],[90.542253,23.748177],[90.541827,23.747662],[90.541232,23.747181],[90.538467,23.745659],[90.534395,23.74388],[90.525804,23.740527],[90.524511,23.739497],[90.521925,23.735063],[90.520652,23.733492]]]},"id":"95","properties":{"Actual Bus":25,"Alingment":"Gulistan ? Demra ? Rupsi ? Barpa ? Bhulta (Gausia)","Average OS":11.66508271,"Average TS":15.93105168,"B-A":960,"Bus No":38,"Bus Type":"Non-AC","Capacity":54,"First A":7,"Headway":25,"Last B":23.0,"Length":23.7003,"No of  R T":7.22,"No of Trip":14.44,"Operation ":55.41666667,"Operator":"Glory Exclusive (Pvt.) Ltd.","Permitted ":10,"Route_ID":"A-381","Seat No":36,"Serial_no":97,"TB Actual":0.0,"TB BRTA":8228.571429,"TB PD":8228.571429,"TBPDPT":2166,"Total B/A":57,"Travel Tim":40.57735879},"type":"Feature"},{"geometry":{"type":"MultiLineString","coordinates":[[[90.256574,23.844826],[90.25655,23.844704],[90.256532,23.844614]],[[90.256574,23.844826],[90.256532,23.844614]],[[90.256532,23.844614],[90.256533,23.843641]],[[90.256532,23.844614],[90.256532,23.844419],[90.256533,23.843641]],[[90.256533,23.843641],[90.256533,23.843641],[90.256662,23.843101],[90.257132,23.841507]],[[90.256533,23.843641],[90.257132,23.841507]],[[90.256695,23.845443],[90.256623,23.845077],[90.256574,23.844826]],[[90.256695,23.845443],[90.256574,23.844826]],[[90.257082,23.846609],[90.256833,23.845859],[90.256695,23.845443]],[[90.257082,23.846609],[90.256695,23.845443]],[[90.257082,23.846609],[90.257082,23.846609],[90.257082,23.846609]],[[90.257082,23.846609],[90.257082,23.846609]],[[90.257378,23.847415],[90.257205,23.846945],[90.257082,23.846609]],[[90.257378,23.847415],[90.257082,23.846609]],[[90.257132,23.841507],[90.257155,23.84143],[90.258305,23.837536]],[[90.257132,23.841507],[90.258305,23.837536]],[[90.257318,23.814696],[90.257288,23.813022]],[[90.257318,23.814696],[90.257294,23.813823],[90.257288,23.813022]],[[90.257288,23.813022],[90.257288,23.813022],[90.257328,23.812496]],[[90.257288,23.813022],[90.257328,23.812496]],[[90.257378,23.847415],[90.257392,23.847454],[90.257507,23.847767],[90.257378,23.847415]],[[90.257692,23.822588],[90.257492,23.821194],[90.257318,23.814696]],[[90.257328,23.812496],[90.257598,23.811499],[90.259241,23.808623],[90.259422,23.808307]],[[90.257328,23.812496],[90.257598,23.811499],[90.259422,23.808307]],[[90.258533,23.828721],[90.258012,23.82492],[90.257692,23.822588]],[[90.258533,23.828721],[90.257692,23.822588]],[[90.258305,23.837536],[90.258305,23.837536],[90.258305,23.837536]],[[90.258305,23.837536],[90.258305,23.837536]],[[90.258305,23.837536],[90.258409,23.837182],[90.25883,23.835758]],[[90.258305,23.837536],[90.25883,23.835758]],[[90.258737,23.830205],[90.258533,23.828721]],[[90.259062,23.832995],[90.258931,23.831868],[90.258737,23.830205]],[[90.259062,23.832995],[90.258737,23.830205]],[[90.25883,23.835758],[90.258851,23.835685]],[[90.258851,23.835685],[90.259023,23.83491],[90.259059,23.833173]],[[90.258851,23.835685],[90.259023,23.83491],[90.259059,23.833173]],[[90.259059,23.833173],[90.259059,23.833136],[90.259062,23.832995]],[[90.259059,23.833173],[90.259062,23.832995]],[[90.259422,23.808307],[90.259422,23.808307],[90.259422,23.808307]],[[90.259422,23.808307],[90.259422,23.808307]],[[90.259422,23.808307],[90.259506,23.80816],[90.260036,23.807232]],[[90.259422,23.808307],[90.260036,23.807232]],[[90.260036,23.807232],[90.261555,23.804241],[90.2622,23.802971]],[[90.260036,23.807232],[90.2622,23.802971]],[[90.2622,23.802971],[90.262202,23.802966],[90.262526,23.801977]],[[90.2622,23.802971],[90.262526,23.801977]],[[90.262526,23.801977],[90.262552,23.801878],[90.262961,23.800354]],[[90.262526,23.801977],[90.262961,23.800354]],[[90.262961,23.800354],[90.262964,23.800339],[90.263399,23.798692]],[[90.262961,23.800354],[90.263399,23.798692]],[[90.263399,23.798692],[90.263711,23.797919]],[[90.263711,23.797919],[90.264049,23.797356],[90.264599,23.796687]],[[90.263711,23.797919],[90.264599,23.796687]],[[90.264599,23.796687],[90.264803,23.796463],[90.265538,23.795656]],[[90.264599,23.796687],[90.265538,23.795656]],[[90.265538,23.795656],[90.266427,23.794992],[90.26707,23.79451]],[[90.265538,23.795656],[90.26707,23.79451]],[[90.26707,23.79451],[90.26707,23.79451],[90.267292,23.794393]],[[90.26707,23.79451],[90.267292,23.794393]],[[90.267292,23.794393],[90.268134,23.793947]],[[90.268134,23.793947],[90.268735,23.793717],[90.268982,23.793622]],[[90.268134,23.793947],[90.268982,23.793622]],[[90.268982,23.793622],[90.269045,23.793606],[90.270193,23.793306]],[[90.268982,23.793622],[90.270193,23.793306]],[[90.270193,23.793306],[90.270652,23.793276],[90.27148,23.793222]],[[90.270193,23.793306],[90.27148,23.793222]],[[90.27148,23.793222],[90.271574,23.793229],[90.271601,23.79323]],[[90.27148,23.793222],[90.271601,23.79323]],[[90.271601,23.79323],[90.271601,23.79323],[90.271601,23.79323]],[[90.271601,23.79323],[90.271601,23.79323]],[[90.271601,23.79323],[90.272224,23.793274],[90.27284,23.793317]],[[90.271601,23.79323],[90.27284,23.793317]],[[90.27284,23.793317],[90.273997,23.793534],[90.27535,23.793787]],[[90.27284,23.793317],[90.27535,23.793787]],[[90.27535,23.793787],[90.27535,23.793787]],[[90.27535,23.793787],[90.27535,23.793787],[90.27535,23.793787]],[[90.27535,23.793787],[90.278388,23.79439],[90.281343,23.794977]],[[90.27535,23.793787],[90.281343,23.794977]],[[90.281343,23.794977],[90.281352,23.794978],[90.283471,23.795141]],[[90.281343,23.794977],[90.283471,23.795141]],[[90.283471,23.795141],[90.283828,23.795159],[90.28418,23.795177]],[[90.283471,23.795141],[90.28418,23.795177]],[[90.28418,23.795177],[90.284532,23.795196]],[[90.28418,23.795177],[90.284532,23.795196],[90.284532,23.795196]],[[90.284532,23.795196],[90.284636,23.795201],[90.285367,23.795239]],[[90.284532,23.795196],[90.285367,23.795239]],[[90.285367,23.795239],[90.287388,23.795306],[90.2874,23.795306]],[[90.285367,23.795239],[90.2874,23.795306]],[[90.2874,23.795306],[90.288997,23.795268]],[[90.288997,23.795268],[90.291153,23.795059],[90.293218,23.794649]],[[90.288997,23.795268],[90.291153,23.795059],[90.293218,23.794649]],[[90.293218,23.794649],[90.294943,23.794173],[90.296202,23.793825]],[[90.293218,23.794649],[90.296202,23.793825]],[[90.296202,23.793825],[90.299098,23.793059],[90.302028,23.792284]],[[90.296202,23.793825],[90.302028,23.792284]],[[90.302028,23.792284],[90.308459,23.791001]],[[90.302028,23.792284],[90.304192,23.791852],[90.308459,23.791001]],[[90.308459,23.791001],[90.308662,23.79096],[90.308949,23.7909]],[[90.308459,23.791001],[90.308949,23.7909]],[[90.308949,23.7909],[90.310619,23.790555],[90.312707,23.790124]],[[90.308949,23.7909],[90.312707,23.790124]],[[90.312707,23.790124],[90.314658,23.789954],[90.316425,23.7898]],[[90.312707,23.790124],[90.316425,23.7898]],[[90.316425,23.7898],[90.316566,23.789806]],[[90.316566,23.789806],[90.322147,23.790031]],[[90.316566,23.789806],[90.321375,23.790001],[90.322147,23.790031]],[[90.322147,23.790031],[90.322311,23.790037],[90.323214,23.790071]],[[90.322147,23.790031],[90.323214,23.790071]],[[90.323214,23.790071],[90.323382,23.790021],[90.325148,23.78949]],[[90.323214,23.790071],[90.325148,23.78949]],[[90.325148,23.78949],[90.32619,23.788715],[90.327275,23.787907]],[[90.325148,23.78949],[90.327275,23.787907]],[[90.327275,23.787907],[90.328706,23.786771]],[[90.327275,23.787907],[90.327381,23.787823],[90.328706,23.786771]],[[90.328706,23.786771],[90.328706,23.786771],[90.328706,23.786771]],[[90.328706,23.786771],[90.328706,23.786771]],[[90.328706,23.786771],[90.329553,23.786326],[90.331993,23.785476]],[[90.328706,23.786771],[90.329553,23.786326],[90.331993,23.785476]],[[90.331993,23.785476],[90.332915,23.785161],[90.334008,23.784788]],[[90.331993,23.785476],[90.334008,23.784788]],[[90.334008,23.784788],[90.334008,23.784788]],[[90.334008,23.784788],[90.334008,23.784788],[90.334008,23.784788]],[[90.334008,23.784788],[90.33568,23.784176],[90.337003,23.783691]],[[90.334008,23.784788],[90.337003,23.783691]],[[90.337003,23.783691],[90.338036,23.783334],[90.338599,23.78314]],[[90.337003,23.783691],[90.338599,23.78314]],[[90.338599,23.78314],[90.338649,23.783122]],[[90.338649,23.783122],[90.339032,23.783086],[90.339424,23.783048]],[[90.338649,23.783122],[90.339424,23.783048]],[[90.339424,23.783048],[90.339478,23.783051],[90.339527,23.783054]],[[90.339424,23.783048],[90.339527,23.783054]],[[90.339527,23.783054],[90.339672,23.783062],[90.340016,23.783081]],[[90.339527,23.783054],[90.340016,23.783081]],[[90.340016,23.783081],[90.3406,23.783114],[90.341148,23.783145]],[[90.340016,23.783081],[90.341148,23.783145]],[[90.341148,23.783145],[90.341148,23.783145],[90.341587,23.78317]],[[90.341148,23.783145],[90.341587,23.78317]],[[90.341587,23.78317],[90.342634,23.783255],[90.343716,23.783342]],[[90.341587,23.78317],[90.343716,23.783342]],[[90.343716,23.783342],[90.343972,23.783325],[90.344454,23.783292]],[[90.343716,23.783342],[90.344454,23.783292]],[[90.344454,23.783292],[90.344738,23.783255]],[[90.344454,23.783292],[90.344454,23.783292],[90.344738,23.783255]],[[90.344738,23.783255],[90.346072,23.78308],[90.347052,23.782952]],[[90.344738,23.783255],[90.347052,23.782952]],[[90.347052,23.782952],[90.349116,23.782645]],[[90.349116,23.782645],[90.349234,23.782611],[90.349234,23.782611]],[[90.349116,23.782645],[90.349234,23.782611]],[[90.349234,23.782611],[90.350076,23.782369],[90.350123,23.782356]],[[90.349234,23.782611],[90.350123,23.782356]],[[90.350123,23.782356],[90.350193,23.782323]],[[90.350193,23.782323],[90.350654,23.782105],[90.351388,23.781759]],[[90.350193,23.782323],[90.351388,23.781759]],[[90.351388,23.781759],[90.351798,23.781566]],[[90.351388,23.781759],[90.351628,23.781646],[90.351798,23.781566]],[[90.351798,23.781566],[90.351813,23.781569]],[[90.351798,23.781566],[90.351813,23.781569],[90.351813,23.781569]],[[90.351813,23.781569],[90.351852,23.781548],[90.351874,23.781537]],[[90.351813,23.781569],[90.351874,23.781537]],[[90.351874,23.781537],[90.351895,23.781525]],[[90.351874,23.781537],[90.351874,23.781537],[90.351895,23.781525]],[[90.351895,23.781525],[90.352341,23.781288],[90.352495,23.781206]],[[90.351895,23.781525],[90.352495,23.781206]],[[90.352495,23.781206],[90.352543,23.781181],[90.352631,23.781134]],[[90.352495,23.781206],[90.352631,23.781134]],[[90.352631,23.781134],[90.353886,23.780466],[90.354081,23.78037]],[[90.352631,23.781134],[90.354081,23.78037]],[[90.354081,23.78037],[90.354299,23.780264],[90.354399,23.780214]],[[90.354081,23.78037],[90.354399,23.780214]],[[90.354399,23.780214],[90.354735,23.780049],[90.354762,23.780036]],[[90.354399,23.780214],[90.354762,23.780036]],[[90.354762,23.780036],[90.355348,23.779749]],[[90.354762,23.780036],[90.35493,23.779954],[90.355348,23.779749]],[[90.355348,23.779749],[90.355353,23.779746],[90.356282,23.779247]],[[90.355348,23.779749],[90.356282,23.779247]],[[90.356282,23.779247],[90.35657,23.779152],[90.356717,23.779104]],[[90.356282,23.779247],[90.356717,23.779104]],[[90.356717,23.779104],[90.357367,23.779019],[90.357974,23.77894]],[[90.356717,23.779104],[90.357974,23.77894]],[[90.357974,23.77894],[90.358563,23.778867],[90.359216,23.778786]],[[90.357974,23.77894],[90.359216,23.778786]],[[90.359216,23.778786],[90.35965,23.778705],[90.359734,23.77869]],[[90.359216,23.778786],[90.359734,23.77869]],[[90.359734,23.77869],[90.360307,23.778499]],[[90.360307,23.778499],[90.360522,23.778384],[90.360789,23.778241]],[[90.360307,23.778499],[90.360789,23.778241]],[[90.360789,23.778241],[90.361608,23.777738]],[[90.361608,23.777738],[90.361983,23.777496],[90.362371,23.777244]],[[90.361608,23.777738],[90.362371,23.777244]],[[90.362371,23.777244],[90.362371,23.777244],[90.362459,23.777187]],[[90.362371,23.777244],[90.362459,23.777187]],[[90.362459,23.777187],[90.362906,23.776885]],[[90.362459,23.777187],[90.362547,23.77713],[90.362906,23.776885]],[[90.362906,23.776885],[90.363099,23.776753]],[[90.362906,23.776885],[90.362906,23.776885],[90.363099,23.776753]],[[90.363099,23.776753],[90.363168,23.776706],[90.363206,23.776679]],[[90.363099,23.776753],[90.363206,23.776679]],[[90.363206,23.776679],[90.363254,23.776647],[90.363254,23.776647]],[[90.363206,23.776679],[90.363254,23.776647]],[[90.363254,23.776647],[90.363478,23.776494],[90.363653,23.776374]],[[90.363254,23.776647],[90.363653,23.776374]],[[90.363653,23.776374],[90.364193,23.776005]],[[90.363653,23.776374],[90.363944,23.776176],[90.364193,23.776005]],[[90.364193,23.776005],[90.364194,23.776004],[90.364194,23.776004]],[[90.364193,23.776005],[90.364194,23.776004]],[[90.364194,23.776004],[90.365577,23.774974]],[[90.364194,23.776004],[90.364625,23.77571],[90.365577,23.774974]],[[90.365577,23.774974],[90.365624,23.774936]],[[90.365577,23.774974],[90.365603,23.774954],[90.365624,23.774936]],[[90.365624,23.774936],[90.365645,23.774919],[90.3658,23.774793]],[[90.365624,23.774936],[90.3658,23.774793]],[[90.3658,23.774793],[90.366209,23.774459],[90.366303,23.774383]],[[90.3658,23.774793],[90.366303,23.774383]],[[90.366303,23.774383],[90.366725,23.773924],[90.366902,23.773732]],[[90.366303,23.774383],[90.366902,23.773732]],[[90.366902,23.773732],[90.367065,23.773507],[90.367066,23.773507]],[[90.366902,23.773732],[90.367066,23.773507]],[[90.367066,23.773507],[90.367162,23.773375]],[[90.367066,23.773507],[90.367156,23.773383],[90.367162,23.773375]],[[90.367162,23.773375],[90.372035,23.774516]],[[90.367162,23.773375],[90.367219,23.77343],[90.372035,23.774516]],[[90.372035,23.774516],[90.372098,23.77453]],[[90.372098,23.77453],[90.37351,23.774928],[90.374922,23.775326]],[[90.372098,23.77453],[90.374922,23.775326]],[[90.374922,23.775326],[90.374922,23.775326],[90.374922,23.775326]],[[90.374922,23.775326],[90.374922,23.775326]],[[90.374922,23.775326],[90.376115,23.775662],[90.378083,23.776216]],[[90.374922,23.775326],[90.378083,23.776216]],[[90.378083,23.776216],[90.380599,23.776786]],[[90.380599,23.776786],[90.381233,23.776911]],[[90.380599,23.776786],[90.380951,23.776863],[90.381233,23.776911]],[[90.381233,23.776911],[90.381433,23.776634]],[[90.381233,23.776911],[90.381348,23.776823],[90.381433,23.776634]],[[90.38151,23.775811],[90.381494,23.775655],[90.381426,23.774973]],[[90.38151,23.775811],[90.381426,23.774973]],[[90.381426,23.774973],[90.382207,23.77231],[90.382662,23.770755]],[[90.381426,23.774973],[90.382662,23.770755]],[[90.381433,23.776634],[90.381477,23.776369]],[[90.381433,23.776634],[90.381476,23.776379],[90.381477,23.776369]],[[90.381477,23.776369],[90.38151,23.775811]],[[90.382662,23.770755],[90.382806,23.770225]],[[90.382662,23.770755],[90.382662,23.770755],[90.382806,23.770225]],[[90.382806,23.770225],[90.382926,23.769308],[90.382958,23.769062]],[[90.382806,23.770225],[90.382958,23.769062]],[[90.382958,23.769062],[90.383156,23.767949]],[[90.383156,23.767949],[90.383277,23.76713],[90.383409,23.766229]],[[90.383156,23.767949],[90.383409,23.766229]],[[90.383409,23.766229],[90.383529,23.765927],[90.384003,23.765549]],[[90.384003,23.765549],[90.38589,23.765255]],[[90.384003,23.765549],[90.384411,23.765485],[90.38589,23.765255]],[[90.38589,23.765255],[90.388334,23.764911],[90.388679,23.765203]],[[90.38868,23.768101],[90.388715,23.768276]],[[90.38868,23.768101],[90.38868,23.768101],[90.388715,23.768276]],[[90.388736,23.767837],[90.38868,23.768101],[90.38868,23.768101]],[[90.388736,23.767837],[90.38868,23.768101]],[[90.388679,23.765203],[90.388706,23.765559],[90.388757,23.766358]],[[90.388679,23.765203],[90.388757,23.766358]],[[90.388715,23.768276],[90.389047,23.768505]],[[90.388715,23.768276],[90.388877,23.76841],[90.389047,23.768505]],[[90.3888,23.767456],[90.388736,23.767837]],[[90.388757,23.766358],[90.388808,23.767156],[90.388808,23.767156]],[[90.388757,23.766358],[90.388808,23.767156]],[[90.388808,23.767156],[90.388803,23.767334],[90.3888,23.767456]],[[90.388808,23.767156],[90.3888,23.767456]],[[90.388808,23.767156],[90.388808,23.767156]],[[90.388808,23.767156],[90.388808,23.767156],[90.388808,23.767156]],[[90.389047,23.768505],[90.389066,23.768518],[90.389176,23.768595]],[[90.389047,23.768505],[90.389176,23.768595]],[[90.389176,23.768595],[90.389257,23.768631],[90.389257,23.768631]],[[90.389176,23.768595],[90.389257,23.768631]],[[90.389257,23.768631],[90.389408,23.769428],[90.389599,23.770442]],[[90.389257,23.768631],[90.389599,23.770442]],[[90.389599,23.770442],[90.389748,23.771231],[90.389823,23.771631]],[[90.389599,23.770442],[90.389823,23.771631]],[[90.389823,23.771631],[90.389914,23.772109]],[[90.389914,23.772109],[90.389968,23.772396],[90.38997,23.772409]],[[90.389914,23.772109],[90.38997,23.772409]],[[90.38996,23.77529],[90.390685,23.775395],[90.390685,23.775395]],[[90.38996,23.77529],[90.390685,23.775395]],[[90.38996,23.77529],[90.392541,23.775664]],[[90.390026,23.774555],[90.390004,23.774798],[90.38996,23.77529]],[[90.390026,23.774555],[90.38996,23.77529]],[[90.38997,23.772409],[90.389986,23.772492]],[[90.389986,23.772492],[90.390013,23.772636],[90.390067,23.772919]],[[90.389986,23.772492],[90.390067,23.772919]],[[90.390103,23.773697],[90.390026,23.774555]],[[90.390067,23.772919],[90.390067,23.77292],[90.390067,23.77292]],[[90.390067,23.772919],[90.390067,23.77292]],[[90.390067,23.77292],[90.39008,23.772986],[90.390149,23.773352]],[[90.390067,23.77292],[90.390149,23.773352]],[[90.390149,23.773352],[90.390131,23.773472],[90.390112,23.773597],[90.390103,23.773697]],[[90.390149,23.773352],[90.390103,23.773697]],[[90.390685,23.775395],[90.391035,23.775446],[90.392541,23.775664]],[[90.390685,23.775395],[90.392541,23.775664]],[[90.392541,23.775664],[90.392887,23.775742]],[[90.392887,23.775742],[90.392937,23.775763],[90.393286,23.775909]],[[90.392887,23.775742],[90.393286,23.775909]],[[90.393286,23.775909],[90.394527,23.776667]],[[90.394527,23.776667],[90.39463,23.776724],[90.395854,23.777407]],[[90.394527,23.776667],[90.395854,23.777407]],[[90.395854,23.777407],[90.396333,23.777622],[90.396677,23.777777]],[[90.395854,23.777407],[90.396677,23.777777]],[[90.396677,23.777777],[90.397786,23.778418]],[[90.397786,23.778418],[90.398085,23.778731],[90.398373,23.779309]],[[90.397786,23.778418],[90.398373,23.779309]],[[90.398373,23.779309],[90.398557,23.780235]],[[90.398557,23.780235],[90.398561,23.780256],[90.398575,23.780325]],[[90.398557,23.780235],[90.398575,23.780325]],[[90.398575,23.780325],[90.398603,23.780467]],[[90.398603,23.780467],[90.398607,23.780488],[90.398661,23.780757],[90.398706,23.780983]],[[90.398603,23.780467],[90.398661,23.780757],[90.398706,23.780983]],[[90.398603,23.780467],[90.398706,23.780983]],[[90.398706,23.780983],[90.401647,23.780872]],[[90.398706,23.780983],[90.398891,23.781016],[90.401647,23.780872]],[[90.401647,23.780872],[90.404889,23.780702]],[[90.404889,23.780702],[90.405503,23.78063]],[[90.404889,23.780702],[90.405133,23.780674],[90.405503,23.78063]],[[90.405503,23.78063],[90.40632,23.78048]],[[90.405503,23.78063],[90.406275,23.780488],[90.40632,23.78048]],[[90.405503,23.78063],[90.40632,23.78048]],[[90.40632,23.78048],[90.40632,23.78048]],[[90.40632,23.78048],[90.40632,23.78048],[90.40632,23.78048]],[[90.40632,23.78048],[90.406408,23.780468]],[[90.40632,23.78048],[90.40632,23.78048]],[[90.40632,23.78048],[90.406408,23.780468]],[[90.40632,23.78048],[90.406985,23.78039]],[[90.406408,23.780468],[90.406985,23.78039],[90.407851,23.78025],[90.408178,23.780232]],[[90.406408,23.780468],[90.406985,23.78039]],[[90.406985,23.78039],[90.408178,23.780232]],[[90.408178,23.780232],[90.409396,23.780243]],[[90.409396,23.780243],[90.410238,23.780282],[90.411205,23.780326]],[[90.409396,23.780243],[90.411205,23.780326]],[[90.411205,23.780326],[90.411505,23.780338],[90.412019,23.780358]],[[90.411205,23.780326],[90.412019,23.780358]],[[90.412019,23.780358],[90.413398,23.780346]],[[90.413398,23.780346],[90.416333,23.780321],[90.416736,23.780416]],[[90.413398,23.780346],[90.416333,23.780321],[90.416736,23.780416]],[[90.416736,23.780416],[90.418118,23.780518]],[[90.416736,23.780416],[90.41711,23.780504],[90.418118,23.780518]],[[90.418118,23.780518],[90.418794,23.78051]],[[90.418794,23.78051],[90.419054,23.780528],[90.419848,23.78058]],[[90.418794,23.78051],[90.419848,23.78058]],[[90.423585,23.797559],[90.421506,23.808022],[90.421009,23.818098],[90.420432,23.819676],[90.419513,23.821238],[90.419456,23.821694]],[[90.419848,23.78058],[90.420393,23.780616],[90.420893,23.78068]],[[90.419848,23.78058],[90.420893,23.78068]],[[90.420893,23.78068],[90.42153,23.780812]],[[90.42153,23.780812],[90.422562,23.780816]],[[90.42153,23.780812],[90.421754,23.780856]],[[90.421754,23.780856],[90.422562,23.780816]],[[90.421754,23.780856],[90.422589,23.780814]],[[90.422562,23.780816],[90.42509,23.78069]],[[90.422669,23.78081],[90.422562,23.780816]],[[90.422562,23.780816],[90.422589,23.780814]],[[90.422589,23.780814],[90.422669,23.78081]],[[90.422589,23.780814],[90.42509,23.78069]],[[90.422669,23.78081],[90.42509,23.78069]],[[90.423585,23.797559],[90.423559,23.797704]],[[90.423812,23.796278],[90.423707,23.796866],[90.423585,23.797559]],[[90.423812,23.796278],[90.423585,23.797559]],[[90.423833,23.796159],[90.423812,23.796278]],[[90.423833,23.796159],[90.423833,23.796159],[90.423812,23.796278]],[[90.423924,23.795645],[90.423874,23.795929],[90.423833,23.796159]],[[90.423924,23.795645],[90.423833,23.796159]],[[90.424147,23.794392],[90.423924,23.795645]],[[90.424182,23.794194],[90.424147,23.794392]],[[90.424182,23.794194],[90.424168,23.794272],[90.424147,23.794392]],[[90.424251,23.793805],[90.424182,23.794194]],[[90.424251,23.793805],[90.424184,23.794179],[90.424182,23.794194]],[[90.424267,23.793712],[90.424251,23.793805]],[[90.424579,23.791954],[90.424426,23.792819],[90.424267,23.793712]],[[90.424579,23.791954],[90.424267,23.793712]],[[90.424671,23.791437],[90.424579,23.791954],[90.424579,23.791954]],[[90.424671,23.791437],[90.424579,23.791954]],[[90.425022,23.789457],[90.424671,23.791437]],[[90.425022,23.789457],[90.424936,23.789944],[90.424671,23.791437]],[[90.425312,23.787823],[90.425022,23.789457]],[[90.42509,23.78069],[90.425409,23.780674],[90.425571,23.780666]],[[90.42509,23.78069],[90.425571,23.780666]],[[90.425429,23.787165],[90.425381,23.787437],[90.425312,23.787823]],[[90.425429,23.787165],[90.425312,23.787823]],[[90.425477,23.786897],[90.425429,23.787165]],[[90.425652,23.785909],[90.425477,23.786897]],[[90.425652,23.785909],[90.425552,23.786475],[90.425477,23.786897]],[[90.425571,23.780666],[90.425644,23.780686]],[[90.425819,23.784482],[90.425652,23.785909]],[[90.425644,23.780686],[90.425668,23.781085],[90.425709,23.781756]],[[90.425644,23.780686],[90.425709,23.781756]],[[90.425709,23.781756],[90.425738,23.782181]],[[90.425738,23.782181],[90.425766,23.782414],[90.42586,23.78318]],[[90.425738,23.782181],[90.42586,23.78318]],[[90.425834,23.783982],[90.425819,23.784482]],[[90.425834,23.783982],[90.425834,23.783982],[90.425819,23.784482]],[[90.425844,23.783665],[90.42584,23.783796],[90.425834,23.783982]],[[90.425844,23.783665],[90.425834,23.783982]],[[90.425844,23.783665],[90.425844,23.783665],[90.425844,23.783665]],[[90.425844,23.783665],[90.425844,23.783665]],[[90.42586,23.78318],[90.425851,23.783444],[90.425844,23.783665]],[[90.42586,23.78318],[90.425844,23.783665]]]},"id":"96","properties":{"Actual Bus":67,"Alingment":"Savar ? Hemayetpur ? Gabtoli ? Shyamoli ? Agargaon ? Jahangir Gate ? Mohakhali ? Gulshan-1 ? Badda ? Natun Bazar ? Kuratoli","Average OS":13.65550095,"Average TS":21.6509719,"B-A":930,"Bus No":53,"Bus Type":"Non-AC","Capacity":54,"First A":7,"Headway":18,"Last B":22.5,"Length":53.7009,"No of  R T":2.93,"No of Trip":5.86,"Operation ":132.25,"Operator":"Raich Paribahan Ltd.","Permitted ":23,"Route_ID":"A-302","Seat No":36,"Serial_no":98,"TB Actual":0.0,"TB BRTA":21026.08696,"TB PD":21026.08696,"TBPDPT":8268,"Total B/A":156,"Travel Tim":83.41149804},"type":"Feature"},{"geometry":{"type":"LineString","coordinates":[[90.490553,23.719706],[90.485232,23.718727],[90.479951,23.718087],[90.474778,23.71782],[90.46206,23.716138],[90.451447,23.712897],[90.444567,23.710542],[90.442978,23.710402],[90.441304,23.710474],[90.438065,23.711066],[90.43644,23.710854],[90.434483,23.710218],[90.431546,23.710983],[90.43029,23.711399],[90.429513,23.711841],[90.428421,23.710854],[90.426666,23.710398],[90.426071,23.710064],[90.425476,23.710047],[90.42409,23.710172],[90.418358,23.720255],[90.417085,23.721495],[90.418102,23.722083],[90.415741,23.722471],[90.414644,23.72298],[90.414482,23.72315],[90.414696,23.724918],[90.414371,23.725021],[90.413246,23.724829],[90.411991,23.724854],[90.41195,23.72343]]},"id":"97","properties":{"Actual Bus":66,"Alingment":"Demra Staff Quarter ? Konapara ? Jatrabari ? Dayaganj Road ? Tikatuli ? Gulistan","Average OS":21.16112708,"Average TS":24.37836644,"B-A":1050,"Bus No":35,"Bus Type":"Non-AC","Capacity":54,"First A":6,"Headway":30,"Last B":23.5,"Length":9.64378,"No of  R T":15.09,"No of Trip":30.19,"Operation ":28.98333333,"Operator":"Staff Quarter Paribahan","Permitted ":0,"Route_ID":"N01","Seat No":36,"Serial_no":39,"TB Actual":0.0,"TB BRTA":0.0,"TB PD":0.0,"TBPDPT":1540,"Total B/A":44,"Travel Tim":25.15837152},"type":"Feature"}],"type":"FeatureCollection"}