{"type":"FeatureCollection","features":[{"type":"Feature","geometry":{"type":"Point","coordinates":[90.40771500000005,23.761553000000053]},"properties":{"name":"Bow Bazar","route_id":"1A"}},{"type":"Feature","geometry":{"type":"Point","coordinates":[90.40933200000006,23.76706100000007]},"properties":{"name":"Kunipara","route_id":"1A"}},{"type":"Feature","geometry":{"type":"Point","coordinates":[90.41280400000005,23.771036000000038]},"properties":{"name":"Niketon","route_id":"1A"}},{"type":"Feature","geometry":{"type":"Point","coordinates":[90.41531400000008,23.77261000000004]},"properties":{"name":"Police Plaza","route_id":"1A"}},{"type":"Feature","geometry":{"type":"Point","coordinates":[90.42269900000008,23.770624000000055]},"properties":{"name":"Badda","route_id":"1A"}},{"type":"Feature","geometry":{"type":"Point","coordinates":[90.42187500000006,23.76800200000002]},"properties":{"name":"Rampura","route_id":"1A"}},{"type":"Feature","geometry":{"type":"Point","coordinates":[90.41259000000008,23.765745000000035]},"properties":{"name":"Mohanagar","route_id":"1A"}},{"type":"Feature","geometry":{"type":"Point","coordinates":[90.41048400000005,23.760139000000034]},"properties":{"name":"Modhubag","route_id":"1A"}},{"type":"Feature","geometry":{"type":"Point","coordinates":[90.40396100000004,23.75454700000006]},"properties":{"name":"Hatirjheel Bridge 1","route_id":"1A"}},{"type":"Feature","geometry":{"type":"Point","coordinates":[90.40216100000004,23.753883000000023]},"properties":{"name":"Hatirjheel Garden","route_id":"1A"}},{"type":"Feature","geometry":{"type":"Point","coordinates":[90.40197000000006,23.755302000000025]},"properties":{"name":"FDC","route_id":"1A"}},{"type":"Feature","geometry":{"type":"Point","coordinates":[90.4080315998256,23.761738454820488]},"properties":{"name":"Bow Bazar","route_id":"1B"}},{"type":"Feature","geometry":{"type":"Point","coordinates":[90.40917057201564,23.7673049711874]},"properties":{"name":"Kunipara","route_id":"1B"}},{"type":"Feature","geometry":{"type":"Point","coordinates":[90.41297170012729,23.77121286657066]},"properties":{"name":"Niketon","route_id":"1B"}},{"type":"Feature","geometry":{"type":"Point","coordinates":[90.41536787260637,23.7726259214919]},"properties":{"name":"Police Plaza","route_id":"1B"}},{"type":"Feature","geometry":{"type":"Point","coordinates":[90.42292657470067,23.770401203910037]},"properties":{"name":"Badda","route_id":"1B"}},{"type":"Feature","geometry":{"type":"Point","coordinates":[90.42187500000006,23.76800200000002]},"properties":{"name":"Rampura","route_id":"1B"}},{"type":"Feature","geometry":{"type":"Point","coordinates":[90.41259000000008,23.765745000000035]},"properties":{"name":"Mohanagar","route_id":"1B"}},{"type":"Feature","geometry":{"type":"Point","coordinates":[90.41055475501821,23.760493693754192]},"properties":{"name":"Modhubag","route_id":"1B"}},{"type":"Feature","geometry":{"type":"Point","coordinates":[90.43446200000005,23.71008000000006]},"properties":{"name":"Jatrabari","route_id":"A-101"}},{"type":"Feature","geometry":{"type":"Point","coordinates":[90.42824300000008,23.712643000000064]},"properties":{"name":"Saydabad Janapath Mor","route_id":"A-101"}},{"type":"Feature","geometry":{"type":"Point","coordinates":[90.36395694265389,23.829323073867318]},"properties":{"name":"Kalshi","route_id":"A-101"}},{"type":"Feature","geometry":{"type":"Point","coordinates":[90.41203800000005,23.724994000000034]},"properties":{"name":"Gulistan","route_id":"A-101"}},{"type":"Feature","geometry":{"type":"Point","coordinates":[90.48067200000008,23.693759000000053]},"properties":{"name":"Signborad","route_id":"A-101"}},{"type":"Feature","geometry":{"type":"Point","coordinates":[90.52153800000008,23.705858000000042]},"properties":{"name":"Kanchpur","route_id":"A-101"}},{"type":"Feature","geometry":{"type":"Point","coordinates":[90.36610100000007,23.815859000000042]},"properties":{"name":"Mirpur 11.5","route_id":"A-101"}},{"type":"Feature","geometry":{"type":"Point","coordinates":[90.36859400000003,23.807091000000067]},"properties":{"name":"Mirpur 10","route_id":"A-101"}},{"type":"Feature","geometry":{"type":"Point","coordinates":[90.37205000000006,23.799127000000052]},"properties":{"name":"Kazipara","route_id":"A-101"}},{"type":"Feature","geometry":{"type":"Point","coordinates":[90.37551400000007,23.790915000000037]},"properties":{"name":"Shewrapara","route_id":"A-101"}},{"type":"Feature","geometry":{"type":"Point","coordinates":[90.38996700000007,23.758521000000027]},"properties":{"name":"Farmgate","route_id":"A-101"}},{"type":"Feature","geometry":{"type":"Point","coordinates":[90.39586500000007,23.738162000000045]},"properties":{"name":"Shahbagh","route_id":"A-101"}},{"type":"Feature","geometry":{"type":"Point","coordinates":[90.41014300000006,23.730120000000053]},"properties":{"name":"Paltan","route_id":"A-101"}},{"type":"Feature","geometry":{"type":"Point","coordinates":[90.42031100000008,23.717987000000047]},"properties":{"name":"Tikatuli","route_id":"A-101"}},{"type":"Feature","geometry":{"type":"Point","coordinates":[90.36417361901627,23.827923976847092]},"properties":{"name":"Mirpur-12","route_id":"A-101"}},{"type":"Feature","geometry":{"type":"Point","coordinates":[90.35709000000008,23.824115000000063]},"properties":{"name":"Duaripara","route_id":"A-105"}},{"type":"Feature","geometry":{"type":"Point","coordinates":[90.36427800000007,23.823984000000053]},"properties":{"name":"Pallabi","route_id":"A-105"}},{"type":"Feature","geometry":{"type":"Point","coordinates":[90.36610100000007,23.815859000000042]},"properties":{"name":"Mirpur 11","route_id":"A-105"}},{"type":"Feature","geometry":{"type":"Point","coordinates":[90.36859400000003,23.807091000000067]},"properties":{"name":"Mirpur 10","route_id":"A-105"}},{"type":"Feature","geometry":{"type":"Point","coordinates":[90.37205000000006,23.799127000000052]},"properties":{"name":"Kazipara","route_id":"A-105"}},{"type":"Feature","geometry":{"type":"Point","coordinates":[90.37551400000007,23.790915000000037]},"properties":{"name":"Shewrapara","route_id":"A-105"}},{"type":"Feature","geometry":{"type":"Point","coordinates":[90.38057100000003,23.77687600000007]},"properties":{"name":"Agargaon","route_id":"A-105"}},{"type":"Feature","geometry":{"type":"Point","coordinates":[90.38758500000006,23.72274600000003]},"properties":{"name":"Dhakeshwari","route_id":"A-105"}},{"type":"Feature","geometry":{"type":"Point","coordinates":[90.38454500000006,23.734260000000056]},"properties":{"name":"New Market","route_id":"A-105"}},{"type":"Feature","geometry":{"type":"Point","coordinates":[90.36540700000006,23.81903600000004]},"properties":{"name":"Purobi","route_id":"A-105"}},{"type":"Feature","geometry":{"type":"Point","coordinates":[90.38626900572181,23.72698258393124]},"properties":{"name":"Etimkhana","route_id":"A-105"}},{"type":"Feature","geometry":{"type":"Point","coordinates":[90.42161500000003,23.72660500000006]},"properties":{"name":"Shapla Chottor","route_id":"A-111"}},{"type":"Feature","geometry":{"type":"Point","coordinates":[90.41072000000008,23.72493200000002]},"properties":{"name":"Gulistan","route_id":"A-111"}},{"type":"Feature","geometry":{"type":"Point","coordinates":[90.36413600000003,23.827966000000057]},"properties":{"name":"Mirpur 12","route_id":"A-111"}},{"type":"Feature","geometry":{"type":"Point","coordinates":[90.36610100000007,23.815859000000042]},"properties":{"name":"Mirpur 11","route_id":"A-111"}},{"type":"Feature","geometry":{"type":"Point","coordinates":[90.36859400000003,23.807091000000067]},"properties":{"name":"Mirpur 10","route_id":"A-111"}},{"type":"Feature","geometry":{"type":"Point","coordinates":[90.37551400000007,23.790915000000037]},"properties":{"name":"Shewrapara","route_id":"A-111"}},{"type":"Feature","geometry":{"type":"Point","coordinates":[90.38996700000007,23.758521000000027]},"properties":{"name":"Farmgate","route_id":"A-111"}},{"type":"Feature","geometry":{"type":"Point","coordinates":[90.39586500000007,23.738162000000045]},"properties":{"name":"Shahbagh","route_id":"A-111"}},{"type":"Feature","geometry":{"type":"Point","coordinates":[90.42098200000004,23.731494000000055]},"properties":{"name":"Notre Dame College","route_id":"A-111"}},{"type":"Feature","geometry":{"type":"Point","coordinates":[90.41014300000006,23.730120000000053]},"properties":{"name":"Paltan","route_id":"A-111"}},{"type":"Feature","geometry":{"type":"Point","coordinates":[90.37128600000005,23.82942100000003]},"properties":{"name":"Ceramics","route_id":"A-111"}},{"type":"Feature","geometry":{"type":"Point","coordinates":[90.41680733295466,23.7280410656642]},"properties":{"name":"Biman Office","route_id":"A-111"}},{"type":"Feature","geometry":{"type":"Point","coordinates":[90.38349500000004,23.738865000000033]},"properties":{"name":"Science Lab","route_id":"A-115"}},{"type":"Feature","geometry":{"type":"Point","coordinates":[90.36557500000004,23.774914000000027]},"properties":{"name":"Shyamoli","route_id":"A-115"}},{"type":"Feature","geometry":{"type":"Point","coordinates":[90.43446200000005,23.71008000000006]},"properties":{"name":"Jatrabari","route_id":"A-115"}},{"type":"Feature","geometry":{"type":"Point","coordinates":[90.42161500000003,23.72660500000006]},"properties":{"name":"Bangladesh Bank","route_id":"A-115"}},{"type":"Feature","geometry":{"type":"Point","coordinates":[90.38033900000006,23.747621000000034]},"properties":{"name":"Kolabagan","route_id":"A-115"}},{"type":"Feature","geometry":{"type":"Point","coordinates":[90.35174000000006,23.781662000000036]},"properties":{"name":"Technical Mor","route_id":"A-115"}},{"type":"Feature","geometry":{"type":"Point","coordinates":[90.41203800000005,23.724994000000034]},"properties":{"name":"Gulistan","route_id":"A-115"}},{"type":"Feature","geometry":{"type":"Point","coordinates":[90.40736700000008,23.730029000000055]},"properties":{"name":"Press Club","route_id":"A-115"}},{"type":"Feature","geometry":{"type":"Point","coordinates":[90.35375100000005,23.79106200000006]},"properties":{"name":"Ansar Camp","route_id":"A-115"}},{"type":"Feature","geometry":{"type":"Point","coordinates":[90.35326400000008,23.798568000000042]},"properties":{"name":"Mirpur 1","route_id":"A-115"}},{"type":"Feature","geometry":{"type":"Point","coordinates":[90.39586500000007,23.738162000000045]},"properties":{"name":"Shahbagh","route_id":"A-115"}},{"type":"Feature","geometry":{"type":"Point","coordinates":[90.36102600000004,23.778049000000067]},"properties":{"name":"Kallyanpur","route_id":"A-115"}},{"type":"Feature","geometry":{"type":"Point","coordinates":[90.37763200000006,23.75222700000006]},"properties":{"name":"Shukrabad","route_id":"A-115"}},{"type":"Feature","geometry":{"type":"Point","coordinates":[90.36870000000005,23.76944700000007]},"properties":{"name":"CollegeGate","route_id":"A-115"}},{"type":"Feature","geometry":{"type":"Point","coordinates":[90.39135700000008,23.738651000000058]},"properties":{"name":"Katabon","route_id":"A-115"}},{"type":"Feature","geometry":{"type":"Point","coordinates":[90.35699168829677,23.824286483196907]},"properties":{"name":"Duaripara","route_id":"A-119"}},{"type":"Feature","geometry":{"type":"Point","coordinates":[90.36423854626268,23.824410624142754]},"properties":{"name":"Mirpur-11.5","route_id":"A-119"}},{"type":"Feature","geometry":{"type":"Point","coordinates":[90.36505763974674,23.820121522542436]},"properties":{"name":"Mirpur-11","route_id":"A-119"}},{"type":"Feature","geometry":{"type":"Point","coordinates":[90.36860078122965,23.80703533479825]},"properties":{"name":"Mirpur-10","route_id":"A-119"}},{"type":"Feature","geometry":{"type":"Point","coordinates":[90.37205000000006,23.799127000000052]},"properties":{"name":"Kazipara","route_id":"A-119"}},{"type":"Feature","geometry":{"type":"Point","coordinates":[90.37551400000007,23.790915000000037]},"properties":{"name":"Shewrapara","route_id":"A-119"}},{"type":"Feature","geometry":{"type":"Point","coordinates":[90.39004705415542,23.75859280960987]},"properties":{"name":"Farmgate","route_id":"A-119"}},{"type":"Feature","geometry":{"type":"Point","coordinates":[90.39609032914508,23.738549360399748]},"properties":{"name":"Shahbag","route_id":"A-119"}},{"type":"Feature","geometry":{"type":"Point","coordinates":[90.4050684049377,23.729483392938644]},"properties":{"name":"Press Club","route_id":"A-119"}},{"type":"Feature","geometry":{"type":"Point","coordinates":[90.40637780809703,23.72457834935443]},"properties":{"name":"Bongo Bazar","route_id":"A-119"}},{"type":"Feature","geometry":{"type":"Point","coordinates":[90.41024953602293,23.724968302937697]},"properties":{"name":"Golap Shah Mazar","route_id":"A-119"}},{"type":"Feature","geometry":{"type":"Point","coordinates":[90.41060753273862,23.72263507248696]},"properties":{"name":"Fulbaria","route_id":"A-119"}},{"type":"Feature","geometry":{"type":"Point","coordinates":[90.41156820520021,23.71368283459347]},"properties":{"name":"Ray Saheb Bazaar","route_id":"A-119"}},{"type":"Feature","geometry":{"type":"Point","coordinates":[90.4119593248103,23.708667304997263]},"properties":{"name":"Victoria Park","route_id":"A-119"}},{"type":"Feature","geometry":{"type":"Point","coordinates":[90.3685939998133,23.80709099984983]},"properties":{"name":"Mirpur 10","route_id":"A-122"}},{"type":"Feature","geometry":{"type":"Point","coordinates":[90.37205000000756,23.799127000410806]},"properties":{"name":"Kazipara","route_id":"A-122"}},{"type":"Feature","geometry":{"type":"Point","coordinates":[90.3755139996714,23.79091500032706]},"properties":{"name":"Shewrapara","route_id":"A-122"}},{"type":"Feature","geometry":{"type":"Point","coordinates":[90.37431933397016,23.75858878574394]},"properties":{"name":"Manik Mia Avenue","route_id":"A-122"}},{"type":"Feature","geometry":{"type":"Point","coordinates":[90.38630499997583,23.726906000111846]},"properties":{"name":"Azimpur","route_id":"A-122"}},{"type":"Feature","geometry":{"type":"Point","coordinates":[90.36401173455397,23.82799337199657]},"properties":{"name":"Mirpur-12","route_id":"A-122"}},{"type":"Feature","geometry":{"type":"Point","coordinates":[90.38057099995177,23.776876000427134]},"properties":{"name":"Agargaon","route_id":"A-122"}},{"type":"Feature","geometry":{"type":"Point","coordinates":[90.39330499992587,23.822577999974783]},"properties":{"name":"ECB Chattar","route_id":"A-122"}},{"type":"Feature","geometry":{"type":"Point","coordinates":[90.376370999622,23.830167000106986]},"properties":{"name":"Sagupta","route_id":"A-122"}},{"type":"Feature","geometry":{"type":"Point","coordinates":[90.3673120000488,23.773040999842294]},"properties":{"name":"Shishumela","route_id":"A-122"}},{"type":"Feature","geometry":{"type":"Point","coordinates":[90.36870000020491,23.76944699957943]},"properties":{"name":"CollegeGate","route_id":"A-122"}},{"type":"Feature","geometry":{"type":"Point","coordinates":[90.38349500000004,23.738865000000033]},"properties":{"name":"Science Lab","route_id":"A-127"}},{"type":"Feature","geometry":{"type":"Point","coordinates":[90.38511000000005,23.73234400000007]},"properties":{"name":"Nilkhet","route_id":"A-127"}},{"type":"Feature","geometry":{"type":"Point","coordinates":[90.38033900000006,23.747621000000034]},"properties":{"name":"Kolabagan","route_id":"A-127"}},{"type":"Feature","geometry":{"type":"Point","coordinates":[90.38630500000005,23.726906000000035]},"properties":{"name":"Azimpur","route_id":"A-127"}},{"type":"Feature","geometry":{"type":"Point","coordinates":[90.38590400000004,23.729146000000075]},"properties":{"name":"Eden College","route_id":"A-127"}},{"type":"Feature","geometry":{"type":"Point","coordinates":[90.37812800000006,23.751362000000032]},"properties":{"name":"Rasel Square","route_id":"A-127"}},{"type":"Feature","geometry":{"type":"Point","coordinates":[90.38454500000006,23.734260000000056]},"properties":{"name":"New Market/ Gausia","route_id":"A-127"}},{"type":"Feature","geometry":{"type":"Point","coordinates":[90.35375100000005,23.79106200000006]},"properties":{"name":"Ansar Camp","route_id":"A-127"}},{"type":"Feature","geometry":{"type":"Point","coordinates":[90.35326400000008,23.798568000000042]},"properties":{"name":"Mirpur 1","route_id":"A-127"}},{"type":"Feature","geometry":{"type":"Point","coordinates":[90.36102600000004,23.778049000000067]},"properties":{"name":"Kallyanpur","route_id":"A-127"}},{"type":"Feature","geometry":{"type":"Point","coordinates":[90.36557500000004,23.774914000000027]},"properties":{"name":"Shyamoli","route_id":"A-127"}},{"type":"Feature","geometry":{"type":"Point","coordinates":[90.37303594948395,23.76019110086258]},"properties":{"name":"Asad Gate","route_id":"A-127"}},{"type":"Feature","geometry":{"type":"Point","coordinates":[90.38996700000007,23.758521000000027]},"properties":{"name":"Farmgate","route_id":"A-131"}},{"type":"Feature","geometry":{"type":"Point","coordinates":[90.40736700000008,23.730029000000055]},"properties":{"name":"Press Club","route_id":"A-131"}},{"type":"Feature","geometry":{"type":"Point","coordinates":[90.41072000000008,23.72493200000002]},"properties":{"name":"Gulistan Majar/ Golap Shah Majar","route_id":"A-131"}},{"type":"Feature","geometry":{"type":"Point","coordinates":[90.41235700000004,23.70979800000004]},"properties":{"name":"Victoria Park","route_id":"A-131"}},{"type":"Feature","geometry":{"type":"Point","coordinates":[90.36557500000004,23.774914000000027]},"properties":{"name":"Shyamoli","route_id":"A-131"}},{"type":"Feature","geometry":{"type":"Point","coordinates":[90.35506800000009,23.77988900000002]},"properties":{"name":"Darussalam","route_id":"A-131"}},{"type":"Feature","geometry":{"type":"Point","coordinates":[90.35326400000008,23.798568000000042]},"properties":{"name":"Mirpur 1","route_id":"A-131"}},{"type":"Feature","geometry":{"type":"Point","coordinates":[90.36102600000004,23.778049000000067]},"properties":{"name":"Kallyanpur","route_id":"A-131"}},{"type":"Feature","geometry":{"type":"Point","coordinates":[90.34847500000006,23.811363000000025]},"properties":{"name":"Mirpur Zoo","route_id":"A-131"}},{"type":"Feature","geometry":{"type":"Point","coordinates":[90.37303594948395,23.76019110086258]},"properties":{"name":"Asad Gate","route_id":"A-131"}},{"type":"Feature","geometry":{"type":"Point","coordinates":[90.38996699977731,23.758521000244]},"properties":{"name":"Farmgate","route_id":"A-132"}},{"type":"Feature","geometry":{"type":"Point","coordinates":[90.3958650001697,23.738162000276134]},"properties":{"name":"Shahbagh","route_id":"A-132"}},{"type":"Feature","geometry":{"type":"Point","coordinates":[90.41072500015866,23.722974999596595]},"properties":{"name":"Fulbaria","route_id":"A-132"}},{"type":"Feature","geometry":{"type":"Point","coordinates":[90.40736699998712,23.730029000238236]},"properties":{"name":"Press Club","route_id":"A-132"}},{"type":"Feature","geometry":{"type":"Point","coordinates":[90.3980239999077,23.77833800039843]},"properties":{"name":"Mohakhali","route_id":"A-132"}},{"type":"Feature","geometry":{"type":"Point","coordinates":[90.40027500029112,23.86787699982375]},"properties":{"name":"Azampur","route_id":"A-132"}},{"type":"Feature","geometry":{"type":"Point","coordinates":[90.40067499985145,23.794333999714354]},"properties":{"name":"Kakoli/ Banani","route_id":"A-132"}},{"type":"Feature","geometry":{"type":"Point","coordinates":[90.40799200003084,23.851165999911014]},"properties":{"name":"Airport","route_id":"A-132"}},{"type":"Feature","geometry":{"type":"Point","coordinates":[90.40116099978036,23.877465999556307]},"properties":{"name":"Abdullahpur","route_id":"A-132"}},{"type":"Feature","geometry":{"type":"Point","coordinates":[90.38861600042817,23.891160999780368]},"properties":{"name":"Kamarpara","route_id":"A-132"}},{"type":"Feature","geometry":{"type":"Point","coordinates":[90.41853890005024,23.821330300353107]},"properties":{"name":"Bishwa Road Bus Stop","route_id":"A-132"}},{"type":"Feature","geometry":{"type":"Point","coordinates":[90.41980499980093,23.829789999808668]},"properties":{"name":"Khilkhet","route_id":"A-132"}},{"type":"Feature","geometry":{"type":"Point","coordinates":[90.40360500007074,23.811571999648095]},"properties":{"name":"Staff Road","route_id":"A-132"}},{"type":"Feature","geometry":{"type":"Point","coordinates":[90.26977974533901,23.938025400951517]},"properties":{"name":"Bailpail","route_id":"A-132"}},{"type":"Feature","geometry":{"type":"Point","coordinates":[90.41071999992812,23.724931999911913]},"properties":{"name":"Gulistan","route_id":"A-132"}},{"type":"Feature","geometry":{"type":"Point","coordinates":[90.40227800002975,23.70980800033896]},"properties":{"name":"Babu Bazar","route_id":"A-132"}},{"type":"Feature","geometry":{"type":"Point","coordinates":[90.35903899985006,23.660414999652573]},"properties":{"name":"Abdullahpur, Kalakandi","route_id":"A-132"}},{"type":"Feature","geometry":{"type":"Point","coordinates":[90.41512399977285,23.730239000029883]},"properties":{"name":"UBL","route_id":"A-137"}},{"type":"Feature","geometry":{"type":"Point","coordinates":[90.3958650001697,23.738162000276134]},"properties":{"name":"Shahbagh","route_id":"A-137"}},{"type":"Feature","geometry":{"type":"Point","coordinates":[90.40736699998712,23.730029000238236]},"properties":{"name":"Press Club","route_id":"A-137"}},{"type":"Feature","geometry":{"type":"Point","coordinates":[90.4216149996326,23.726604999721015]},"properties":{"name":"Bangladesh Bank","route_id":"A-137"}},{"type":"Feature","geometry":{"type":"Point","coordinates":[90.39114300004945,23.82960500027059]},"properties":{"name":"Balughat","route_id":"A-137"}},{"type":"Feature","geometry":{"type":"Point","coordinates":[90.42514980022315,23.71461580027903]},"properties":{"name":"Saydabad","route_id":"A-137"}},{"type":"Feature","geometry":{"type":"Point","coordinates":[90.38995597318967,23.75885767763975]},"properties":{"name":"Farmgate","route_id":"A-137"}},{"type":"Feature","geometry":{"type":"Point","coordinates":[90.38057099995177,23.776876000427134]},"properties":{"name":"Agargaon","route_id":"A-141"}},{"type":"Feature","geometry":{"type":"Point","coordinates":[90.3673120000488,23.773040999842294]},"properties":{"name":"Shishumela","route_id":"A-141"}},{"type":"Feature","geometry":{"type":"Point","coordinates":[90.36557499998634,23.774913999881218]},"properties":{"name":"Shyamoli","route_id":"A-141"}},{"type":"Feature","geometry":{"type":"Point","coordinates":[90.3980239999077,23.77833800039843]},"properties":{"name":"Mohakhali","route_id":"A-141"}},{"type":"Feature","geometry":{"type":"Point","coordinates":[90.4232650001797,23.768207999999273]},"properties":{"name":"Rampura","route_id":"A-141"}},{"type":"Feature","geometry":{"type":"Point","coordinates":[90.42563499975552,23.78061800032048]},"properties":{"name":"Badda","route_id":"A-141"}},{"type":"Feature","geometry":{"type":"Point","coordinates":[90.43119499984942,23.76380600024675]},"properties":{"name":"Banasree","route_id":"A-141"}},{"type":"Feature","geometry":{"type":"Point","coordinates":[90.35900600012684,23.7623689996297]},"properties":{"name":"Mohammadpur Shia Mosjid","route_id":"A-141"}},{"type":"Feature","geometry":{"type":"Point","coordinates":[90.36059299956736,23.77269800021258]},"properties":{"name":"Adabar","route_id":"A-141"}},{"type":"Feature","geometry":{"type":"Point","coordinates":[90.41674399983579,23.780433999929187]},"properties":{"name":"Gulshan 1","route_id":"A-141"}},{"type":"Feature","geometry":{"type":"Point","coordinates":[90.41674400000005,23.780434000000064]},"properties":{"name":"Gulshan 1","route_id":"A-142"}},{"type":"Feature","geometry":{"type":"Point","coordinates":[90.42522300000007,23.732350000000064]},"properties":{"name":"Kamalapur Rail Station","route_id":"A-142"}},{"type":"Feature","geometry":{"type":"Point","coordinates":[90.39928071506858,23.78091147920536]},"properties":{"name":"Amtoli","route_id":"A-142"}},{"type":"Feature","geometry":{"type":"Point","coordinates":[90.40364200000005,23.748676000000046]},"properties":{"name":"Mogbajar","route_id":"A-142"}},{"type":"Feature","geometry":{"type":"Point","coordinates":[90.40863100000007,23.737496000000075]},"properties":{"name":"Kakrail","route_id":"A-142"}},{"type":"Feature","geometry":{"type":"Point","coordinates":[90.41426200000006,23.744097000000068]},"properties":{"name":"Malibagh Mor","route_id":"A-142"}},{"type":"Feature","geometry":{"type":"Point","coordinates":[90.38996700000007,23.758521000000027]},"properties":{"name":"Farmgate","route_id":"A-142"}},{"type":"Feature","geometry":{"type":"Point","coordinates":[90.39464100000004,23.74589300000002]},"properties":{"name":"Bangla Motor","route_id":"A-142"}},{"type":"Feature","geometry":{"type":"Point","coordinates":[90.42346600000008,23.797688000000047]},"properties":{"name":"Notun Bazar","route_id":"A-142"}},{"type":"Feature","geometry":{"type":"Point","coordinates":[90.42330000000004,23.736587000000043]},"properties":{"name":"Pir Jangi Mazar","route_id":"A-142"}},{"type":"Feature","geometry":{"type":"Point","coordinates":[90.42573587455234,23.780706940570038]},"properties":{"name":"Badda Link Road","route_id":"A-142"}},{"type":"Feature","geometry":{"type":"Point","coordinates":[90.41715684473533,23.73513535622432]},"properties":{"name":"Fakirapul","route_id":"A-142"}},{"type":"Feature","geometry":{"type":"Point","coordinates":[90.38349500000004,23.738865000000033]},"properties":{"name":"Science Lab","route_id":"A-161"}},{"type":"Feature","geometry":{"type":"Point","coordinates":[90.36128000000008,23.757075000000047]},"properties":{"name":"Mohammadpur Bus Stand","route_id":"A-161"}},{"type":"Feature","geometry":{"type":"Point","coordinates":[90.33540100000005,23.73359000000005]},"properties":{"name":"Ghatarchar","route_id":"A-161"}},{"type":"Feature","geometry":{"type":"Point","coordinates":[90.39586500000007,23.738162000000045]},"properties":{"name":"Shahbagh","route_id":"A-161"}},{"type":"Feature","geometry":{"type":"Point","coordinates":[90.41284038098543,23.724819009624117]},"properties":{"name":"Bongobondhu ave","route_id":"A-161"}},{"type":"Feature","geometry":{"type":"Point","coordinates":[90.37571700000007,23.738715000000067]},"properties":{"name":"Jigatola","route_id":"A-161"}},{"type":"Feature","geometry":{"type":"Point","coordinates":[90.36831500000005,23.750645000000077]},"properties":{"name":"Shankar","route_id":"A-161"}},{"type":"Feature","geometry":{"type":"Point","coordinates":[90.37270100000006,23.74420300000003]},"properties":{"name":"Dhanmondi 15","route_id":"A-161"}},{"type":"Feature","geometry":{"type":"Point","coordinates":[90.38138100000003,23.73916200000008]},"properties":{"name":"Dhaka City College","route_id":"A-161"}},{"type":"Feature","geometry":{"type":"Point","coordinates":[90.42012800000003,23.70839400000006]},"properties":{"name":"Dhupkhola","route_id":"A-161"}},{"type":"Feature","geometry":{"type":"Point","coordinates":[90.40603824829834,23.729976812443148]},"properties":{"name":"Press Club","route_id":"A-161"}},{"type":"Feature","geometry":{"type":"Point","coordinates":[90.41228100000006,23.74572800000005]},"properties":{"name":"Mouchak","route_id":"A-173"}},{"type":"Feature","geometry":{"type":"Point","coordinates":[90.42159000000004,23.765168000000077]},"properties":{"name":"Rampura TV Centre","route_id":"A-173"}},{"type":"Feature","geometry":{"type":"Point","coordinates":[90.42572400000006,23.777847000000065]},"properties":{"name":"Middle Badda","route_id":"A-173"}},{"type":"Feature","geometry":{"type":"Point","coordinates":[90.40027500000008,23.867877000000075]},"properties":{"name":"Azampur","route_id":"A-173"}},{"type":"Feature","geometry":{"type":"Point","coordinates":[90.41072500000007,23.72297500000008]},"properties":{"name":"Fulbaria","route_id":"A-173"}},{"type":"Feature","geometry":{"type":"Point","coordinates":[90.40799200000004,23.851166000000028]},"properties":{"name":"Airport","route_id":"A-173"}},{"type":"Feature","geometry":{"type":"Point","coordinates":[90.41426200000006,23.744097000000068]},"properties":{"name":"Malibagh Mor","route_id":"A-173"}},{"type":"Feature","geometry":{"type":"Point","coordinates":[90.40116100000006,23.877466000000027]},"properties":{"name":"Abdullahpur","route_id":"A-173"}},{"type":"Feature","geometry":{"type":"Point","coordinates":[90.36182900000006,23.892176000000063]},"properties":{"name":"Dhour","route_id":"A-173"}},{"type":"Feature","geometry":{"type":"Point","coordinates":[90.41014300000006,23.730120000000053]},"properties":{"name":"Paltan","route_id":"A-173"}},{"type":"Feature","geometry":{"type":"Point","coordinates":[90.42346600000008,23.797688000000047]},"properties":{"name":"Notun Bazar","route_id":"A-173"}},{"type":"Feature","geometry":{"type":"Point","coordinates":[90.41551400000003,23.75453400000003]},"properties":{"name":"Abul Hotel","route_id":"A-173"}},{"type":"Feature","geometry":{"type":"Point","coordinates":[90.40227800000008,23.709808000000063]},"properties":{"name":"Babu Bazar","route_id":"A-173"}},{"type":"Feature","geometry":{"type":"Point","coordinates":[90.41036500000007,23.737179000000026]},"properties":{"name":"Rajmoni","route_id":"A-173"}},{"type":"Feature","geometry":{"type":"Point","coordinates":[90.41999741999702,23.822597752669957]},"properties":{"name":"Kuril Bishwa Road","route_id":"A-173"}},{"type":"Feature","geometry":{"type":"Point","coordinates":[90.41674400000005,23.780434000000064]},"properties":{"name":"Gulshan 1","route_id":"A-181"}},{"type":"Feature","geometry":{"type":"Point","coordinates":[90.36557500000004,23.774914000000027]},"properties":{"name":"Shyamoli","route_id":"A-181"}},{"type":"Feature","geometry":{"type":"Point","coordinates":[90.33940600000005,23.783003000000065]},"properties":{"name":"Gabtoli","route_id":"A-181"}},{"type":"Feature","geometry":{"type":"Point","coordinates":[90.39802400000008,23.778338000000087]},"properties":{"name":"Mohakhali","route_id":"A-181"}},{"type":"Feature","geometry":{"type":"Point","coordinates":[90.38057100000003,23.77687600000007]},"properties":{"name":"Agargaon","route_id":"A-181"}},{"type":"Feature","geometry":{"type":"Point","coordinates":[90.42562000000004,23.78598400000004]},"properties":{"name":"North Badda","route_id":"A-181"}},{"type":"Feature","geometry":{"type":"Point","coordinates":[90.25733100000008,23.847282000000064]},"properties":{"name":"Savar","route_id":"A-181"}},{"type":"Feature","geometry":{"type":"Point","coordinates":[90.35326400000008,23.798568000000042]},"properties":{"name":"Mirpur 1","route_id":"A-182"}},{"type":"Feature","geometry":{"type":"Point","coordinates":[90.38726300000008,23.798452000000054]},"properties":{"name":"Mirpur 14","route_id":"A-182"}},{"type":"Feature","geometry":{"type":"Point","coordinates":[90.36859400000003,23.807091000000067]},"properties":{"name":"Mirpur 10","route_id":"A-182"}},{"type":"Feature","geometry":{"type":"Point","coordinates":[90.36182900000006,23.892176000000063]},"properties":{"name":"Dhour","route_id":"A-182"}},{"type":"Feature","geometry":{"type":"Point","coordinates":[90.33121700000005,23.897596000000078]},"properties":{"name":"Ashulia","route_id":"A-182"}},{"type":"Feature","geometry":{"type":"Point","coordinates":[90.24190400000003,24.03133100000002]},"properties":{"name":"Nandan Park","route_id":"A-182"}},{"type":"Feature","geometry":{"type":"Point","coordinates":[90.34843000000006,23.795153000000038]},"properties":{"name":"Mazar Road","route_id":"A-182"}},{"type":"Feature","geometry":{"type":"Point","coordinates":[90.34528000000006,23.82744000000002]},"properties":{"name":"Eastern Housing","route_id":"A-182"}},{"type":"Feature","geometry":{"type":"Point","coordinates":[90.23927800000007,24.04535600000002]},"properties":{"name":"Chandra","route_id":"A-182"}},{"type":"Feature","geometry":{"type":"Point","coordinates":[90.29034100000007,23.936892000000054]},"properties":{"name":"Fantasy Kingdom","route_id":"A-182"}},{"type":"Feature","geometry":{"type":"Point","coordinates":[90.34403100000009,23.801191000000077]},"properties":{"name":"Mirpur Diabari","route_id":"A-182"}},{"type":"Feature","geometry":{"type":"Point","coordinates":[90.33988590491337,23.847285067842996]},"properties":{"name":"Birulia","route_id":"A-182"}},{"type":"Feature","geometry":{"type":"Point","coordinates":[90.34866025611902,23.860159678772316]},"properties":{"name":"Panchabati","route_id":"A-182"}},{"type":"Feature","geometry":{"type":"Point","coordinates":[90.37298300000003,23.760172000000065]},"properties":{"name":"Asadgate","route_id":"A-190"}},{"type":"Feature","geometry":{"type":"Point","coordinates":[90.43446200000005,23.71008000000006]},"properties":{"name":"Jatrabari","route_id":"A-190"}},{"type":"Feature","geometry":{"type":"Point","coordinates":[90.42824300000008,23.712643000000064]},"properties":{"name":"Saydabad","route_id":"A-190"}},{"type":"Feature","geometry":{"type":"Point","coordinates":[90.33940600000005,23.783003000000065]},"properties":{"name":"Gabtoli","route_id":"A-190"}},{"type":"Feature","geometry":{"type":"Point","coordinates":[90.35174000000006,23.781662000000036]},"properties":{"name":"Technical Mor","route_id":"A-190"}},{"type":"Feature","geometry":{"type":"Point","coordinates":[90.38996700000007,23.758521000000027]},"properties":{"name":"Farmgate","route_id":"A-190"}},{"type":"Feature","geometry":{"type":"Point","coordinates":[90.49926900000008,23.62402300000002]},"properties":{"name":"Narayanganj Link Road","route_id":"A-190"}},{"type":"Feature","geometry":{"type":"Point","coordinates":[90.27420100000006,23.950728000000026]},"properties":{"name":"EPZ","route_id":"A-190"}},{"type":"Feature","geometry":{"type":"Point","coordinates":[90.25733100000008,23.847282000000064]},"properties":{"name":"Savar","route_id":"A-190"}},{"type":"Feature","geometry":{"type":"Point","coordinates":[90.39591383866559,23.738131438193406]},"properties":{"name":"Shahbagh","route_id":"A-190"}},{"type":"Feature","geometry":{"type":"Point","coordinates":[90.40602373067013,23.729990812748365]},"properties":{"name":"Press Club","route_id":"A-190"}},{"type":"Feature","geometry":{"type":"Point","coordinates":[90.41514155993055,23.73023018935321]},"properties":{"name":"Dainik Bangla","route_id":"A-190"}},{"type":"Feature","geometry":{"type":"Point","coordinates":[90.4218327662312,23.726674374262373]},"properties":{"name":"Bangladesh Bank","route_id":"A-190"}},{"type":"Feature","geometry":{"type":"Point","coordinates":[90.42038197557414,23.721669241887195]},"properties":{"name":"Ittefaq Mor","route_id":"A-190"}},{"type":"Feature","geometry":{"type":"Point","coordinates":[90.37298300000003,23.760172000000065]},"properties":{"name":"Asadgate","route_id":"A-192"}},{"type":"Feature","geometry":{"type":"Point","coordinates":[90.43446200000005,23.71008000000006]},"properties":{"name":"Jatrabari","route_id":"A-192"}},{"type":"Feature","geometry":{"type":"Point","coordinates":[90.42824300000008,23.712643000000064]},"properties":{"name":"Saydabad","route_id":"A-192"}},{"type":"Feature","geometry":{"type":"Point","coordinates":[90.33940600000005,23.783003000000065]},"properties":{"name":"Gabtoli","route_id":"A-192"}},{"type":"Feature","geometry":{"type":"Point","coordinates":[90.40364200000005,23.748676000000046]},"properties":{"name":"Mogbajar","route_id":"A-192"}},{"type":"Feature","geometry":{"type":"Point","coordinates":[90.48067200000008,23.693759000000053]},"properties":{"name":"Signborad","route_id":"A-192"}},{"type":"Feature","geometry":{"type":"Point","coordinates":[90.38996700000007,23.758521000000027]},"properties":{"name":"Farmgate","route_id":"A-192"}},{"type":"Feature","geometry":{"type":"Point","coordinates":[90.39464100000004,23.74589300000002]},"properties":{"name":"Bangla Motor","route_id":"A-192"}},{"type":"Feature","geometry":{"type":"Point","coordinates":[90.49926900000008,23.62402300000002]},"properties":{"name":"Narayanganj Link Road","route_id":"A-192"}},{"type":"Feature","geometry":{"type":"Point","coordinates":[90.27420100000006,23.950728000000026]},"properties":{"name":"EPZ","route_id":"A-192"}},{"type":"Feature","geometry":{"type":"Point","coordinates":[90.42848100000003,23.73124000000007]},"properties":{"name":"Mugda","route_id":"A-192"}},{"type":"Feature","geometry":{"type":"Point","coordinates":[90.42752100000007,23.73978600000003]},"properties":{"name":"Basabo","route_id":"A-192"}},{"type":"Feature","geometry":{"type":"Point","coordinates":[90.42659300000008,23.74422700000002]},"properties":{"name":"Khilgaon Flyover","route_id":"A-192"}},{"type":"Feature","geometry":{"type":"Point","coordinates":[90.25733100000008,23.847282000000064]},"properties":{"name":"Savar","route_id":"A-192"}},{"type":"Feature","geometry":{"type":"Point","coordinates":[90.41986600000007,23.739979000000066]},"properties":{"name":"Rajarbagh","route_id":"A-192"}},{"type":"Feature","geometry":{"type":"Point","coordinates":[90.44447700000006,23.762009000000035]},"properties":{"name":"Meradia haat","route_id":"A-202"}},{"type":"Feature","geometry":{"type":"Point","coordinates":[90.49048400000004,23.719881000000044]},"properties":{"name":"Demra Staff Quarter","route_id":"A-202"}},{"type":"Feature","geometry":{"type":"Point","coordinates":[90.41674400000005,23.780434000000064]},"properties":{"name":"Gulshan 1","route_id":"A-202"}},{"type":"Feature","geometry":{"type":"Point","coordinates":[90.33940600000005,23.783003000000065]},"properties":{"name":"Gabtoli","route_id":"A-202"}},{"type":"Feature","geometry":{"type":"Point","coordinates":[90.39802400000008,23.778338000000087]},"properties":{"name":"Mohakhali","route_id":"A-202"}},{"type":"Feature","geometry":{"type":"Point","coordinates":[90.35174000000006,23.781662000000036]},"properties":{"name":"Technical Mor","route_id":"A-202"}},{"type":"Feature","geometry":{"type":"Point","coordinates":[90.35326400000008,23.798568000000042]},"properties":{"name":"Mirpur 1","route_id":"A-202"}},{"type":"Feature","geometry":{"type":"Point","coordinates":[90.36343100000005,23.805058000000027]},"properties":{"name":"Stadium","route_id":"A-202"}},{"type":"Feature","geometry":{"type":"Point","coordinates":[90.36859400000003,23.807091000000067]},"properties":{"name":"Mirpur 10","route_id":"A-202"}},{"type":"Feature","geometry":{"type":"Point","coordinates":[90.37551400000007,23.790915000000037]},"properties":{"name":"Shewrapara","route_id":"A-202"}},{"type":"Feature","geometry":{"type":"Point","coordinates":[90.38057100000003,23.77687600000007]},"properties":{"name":"Agargaon","route_id":"A-202"}},{"type":"Feature","geometry":{"type":"Point","coordinates":[90.42326500000007,23.768208000000072]},"properties":{"name":"Rampura","route_id":"A-202"}},{"type":"Feature","geometry":{"type":"Point","coordinates":[90.25733100000008,23.847282000000064]},"properties":{"name":"Savar","route_id":"A-202"}},{"type":"Feature","geometry":{"type":"Point","coordinates":[90.42563500000006,23.780618000000054]},"properties":{"name":"Badda Link Road","route_id":"A-202"}},{"type":"Feature","geometry":{"type":"Point","coordinates":[90.4313741147869,23.76383785195882]},"properties":{"name":"Banasree","route_id":"A-202"}},{"type":"Feature","geometry":{"type":"Point","coordinates":[90.38332128549285,23.73947219253421]},"properties":{"name":"City College","route_id":"A-207"}},{"type":"Feature","geometry":{"type":"Point","coordinates":[90.39802400000008,23.778338000000087]},"properties":{"name":"Mohakhali","route_id":"A-207"}},{"type":"Feature","geometry":{"type":"Point","coordinates":[90.40027500000008,23.867877000000075]},"properties":{"name":"Azampur","route_id":"A-207"}},{"type":"Feature","geometry":{"type":"Point","coordinates":[90.38511000000005,23.73234400000007]},"properties":{"name":"Nilkhet","route_id":"A-207"}},{"type":"Feature","geometry":{"type":"Point","coordinates":[90.39899500000007,23.905462000000057]},"properties":{"name":"Cherag Ali","route_id":"A-207"}},{"type":"Feature","geometry":{"type":"Point","coordinates":[90.38374200000004,23.758703000000025]},"properties":{"name":"Manik Mia Avenue","route_id":"A-207"}},{"type":"Feature","geometry":{"type":"Point","coordinates":[90.38996700000007,23.758521000000027]},"properties":{"name":"Farmgate","route_id":"A-207"}},{"type":"Feature","geometry":{"type":"Point","coordinates":[90.38758500000006,23.72274600000003]},"properties":{"name":"Dhakeshwari","route_id":"A-207"}},{"type":"Feature","geometry":{"type":"Point","coordinates":[90.40199500000006,23.89280700000007]},"properties":{"name":"Tongi Station Road","route_id":"A-207"}},{"type":"Feature","geometry":{"type":"Point","coordinates":[90.39802400000008,23.77833800000009]},"properties":{"name":"Mohakhali","route_id":"A-220"}},{"type":"Feature","geometry":{"type":"Point","coordinates":[90.41072500000007,23.722975000000083]},"properties":{"name":"Fulbaria","route_id":"A-220"}},{"type":"Feature","geometry":{"type":"Point","coordinates":[90.40364200000005,23.748676000000046]},"properties":{"name":"Mogbajar","route_id":"A-220"}},{"type":"Feature","geometry":{"type":"Point","coordinates":[90.40067500000004,23.794334000000045]},"properties":{"name":"Kakoli","route_id":"A-220"}},{"type":"Feature","geometry":{"type":"Point","coordinates":[90.40799200000004,23.851166000000028]},"properties":{"name":"Airport","route_id":"A-220"}},{"type":"Feature","geometry":{"type":"Point","coordinates":[90.38185000000004,23.98960300000004]},"properties":{"name":"Gazipur Chourasta","route_id":"A-220"}},{"type":"Feature","geometry":{"type":"Point","coordinates":[90.47363500000006,24.200653000000038]},"properties":{"name":"Sreepur","route_id":"A-220"}},{"type":"Feature","geometry":{"type":"Point","coordinates":[90.52014300000008,24.245427000000067]},"properties":{"name":"Barmi","route_id":"A-220"}},{"type":"Feature","geometry":{"type":"Point","coordinates":[90.41014300000006,23.730120000000053]},"properties":{"name":"Paltan","route_id":"A-220"}},{"type":"Feature","geometry":{"type":"Point","coordinates":[90.40171200000005,24.095565000000075]},"properties":{"name":"Rajendrapur Chourasta","route_id":"A-220"}},{"type":"Feature","geometry":{"type":"Point","coordinates":[90.40037810000007,23.88435970000006]},"properties":{"name":"Tongi Bazar","route_id":"A-220"}},{"type":"Feature","geometry":{"type":"Point","coordinates":[90.39802400000008,23.77833800000009]},"properties":{"name":"Mohakhali","route_id":"A-221"}},{"type":"Feature","geometry":{"type":"Point","coordinates":[90.41072500000007,23.722975000000083]},"properties":{"name":"Fulbaria","route_id":"A-221"}},{"type":"Feature","geometry":{"type":"Point","coordinates":[90.40364200000005,23.748676000000046]},"properties":{"name":"Mogbajar","route_id":"A-221"}},{"type":"Feature","geometry":{"type":"Point","coordinates":[90.40067500000004,23.794334000000045]},"properties":{"name":"Kakoli","route_id":"A-221"}},{"type":"Feature","geometry":{"type":"Point","coordinates":[90.40799200000004,23.851166000000028]},"properties":{"name":"Airport","route_id":"A-221"}},{"type":"Feature","geometry":{"type":"Point","coordinates":[90.38073973312088,23.977512267351162]},"properties":{"name":"Vogra Bypass","route_id":"A-221"}},{"type":"Feature","geometry":{"type":"Point","coordinates":[90.41014300000006,23.730120000000053]},"properties":{"name":"Paltan","route_id":"A-221"}},{"type":"Feature","geometry":{"type":"Point","coordinates":[90.40037810000007,23.88435970000006]},"properties":{"name":"Tongi Bazar","route_id":"A-221"}},{"type":"Feature","geometry":{"type":"Point","coordinates":[90.40030421121865,23.867808779859963]},"properties":{"name":"Azampur","route_id":"A-221"}},{"type":"Feature","geometry":{"type":"Point","coordinates":[90.20998548405917,24.077138331570332]},"properties":{"name":"Kaliakair","route_id":"A-221"}},{"type":"Feature","geometry":{"type":"Point","coordinates":[90.42161500000003,23.72660500000006]},"properties":{"name":"Shapla Chottor","route_id":"A-222"}},{"type":"Feature","geometry":{"type":"Point","coordinates":[90.39802400000008,23.778338000000087]},"properties":{"name":"Mohakhali","route_id":"A-222"}},{"type":"Feature","geometry":{"type":"Point","coordinates":[90.40027500000008,23.867877000000075]},"properties":{"name":"Azampur","route_id":"A-222"}},{"type":"Feature","geometry":{"type":"Point","coordinates":[90.41072500000007,23.72297500000008]},"properties":{"name":"Fulbaria","route_id":"A-222"}},{"type":"Feature","geometry":{"type":"Point","coordinates":[90.40364200000005,23.748676000000046]},"properties":{"name":"Mogbajar","route_id":"A-222"}},{"type":"Feature","geometry":{"type":"Point","coordinates":[90.40067500000004,23.794334000000045]},"properties":{"name":"Kakoli","route_id":"A-222"}},{"type":"Feature","geometry":{"type":"Point","coordinates":[90.40799200000004,23.851166000000028]},"properties":{"name":"Airport","route_id":"A-222"}},{"type":"Feature","geometry":{"type":"Point","coordinates":[90.38185000000004,23.98960300000004]},"properties":{"name":"Gazipur Chourasta","route_id":"A-222"}},{"type":"Feature","geometry":{"type":"Point","coordinates":[90.38273600000008,23.945002000000034]},"properties":{"name":"Board bazar","route_id":"A-222"}},{"type":"Feature","geometry":{"type":"Point","coordinates":[90.41585945131929,24.03135911513848]},"properties":{"name":"Shimultali","route_id":"A-222"}},{"type":"Feature","geometry":{"type":"Point","coordinates":[90.4173066028378,23.996977626219564]},"properties":{"name":"Shibbari Gazipur","route_id":"A-222"}},{"type":"Feature","geometry":{"type":"Point","coordinates":[90.38349500000004,23.738865000000033]},"properties":{"name":"Science Lab","route_id":"A-224"}},{"type":"Feature","geometry":{"type":"Point","coordinates":[90.37298300000003,23.760172000000065]},"properties":{"name":"Asadgate","route_id":"A-224"}},{"type":"Feature","geometry":{"type":"Point","coordinates":[90.33940600000005,23.783003000000065]},"properties":{"name":"Gabtoli","route_id":"A-224"}},{"type":"Feature","geometry":{"type":"Point","coordinates":[90.41072500000007,23.72297500000008]},"properties":{"name":"Fulbaria","route_id":"A-224"}},{"type":"Feature","geometry":{"type":"Point","coordinates":[90.40513400000003,23.72990300000004]},"properties":{"name":"High Court","route_id":"A-224"}},{"type":"Feature","geometry":{"type":"Point","coordinates":[90.38033900000006,23.747621000000034]},"properties":{"name":"Kolabagan","route_id":"A-224"}},{"type":"Feature","geometry":{"type":"Point","coordinates":[90.35174000000006,23.781662000000036]},"properties":{"name":"Technical Mor","route_id":"A-224"}},{"type":"Feature","geometry":{"type":"Point","coordinates":[90.39586500000007,23.738162000000045]},"properties":{"name":"Shahbagh","route_id":"A-224"}},{"type":"Feature","geometry":{"type":"Point","coordinates":[90.40373100000005,23.733704000000042]},"properties":{"name":"Motshya Vaban","route_id":"A-224"}},{"type":"Feature","geometry":{"type":"Point","coordinates":[90.25852000000003,23.913579000000027]},"properties":{"name":"Nabinagar","route_id":"A-224"}},{"type":"Feature","geometry":{"type":"Point","coordinates":[89.81015800000006,23.789345000000036]},"properties":{"name":"Paturia","route_id":"A-224"}},{"type":"Feature","geometry":{"type":"Point","coordinates":[89.99870500000009,23.870800000000024]},"properties":{"name":"Manikganj","route_id":"A-224"}},{"type":"Feature","geometry":{"type":"Point","coordinates":[90.25734733410728,23.847526974870682]},"properties":{"name":"Savar","route_id":"A-224"}},{"type":"Feature","geometry":{"type":"Point","coordinates":[90.42824300000008,23.712643000000064]},"properties":{"name":"Saydabad","route_id":"A-225"}},{"type":"Feature","geometry":{"type":"Point","coordinates":[90.40027500000008,23.867877000000075]},"properties":{"name":"Azampur","route_id":"A-225"}},{"type":"Feature","geometry":{"type":"Point","coordinates":[90.40364200000005,23.748676000000046]},"properties":{"name":"Mogbajar","route_id":"A-225"}},{"type":"Feature","geometry":{"type":"Point","coordinates":[90.40109800000005,23.77002800000002]},"properties":{"name":"Nabisco","route_id":"A-225"}},{"type":"Feature","geometry":{"type":"Point","coordinates":[90.40067500000004,23.794334000000045]},"properties":{"name":"Kakoli","route_id":"A-225"}},{"type":"Feature","geometry":{"type":"Point","coordinates":[90.40799200000004,23.851166000000028]},"properties":{"name":"Airport","route_id":"A-225"}},{"type":"Feature","geometry":{"type":"Point","coordinates":[90.38185000000004,23.98960300000004]},"properties":{"name":"Gazipur Chourasta","route_id":"A-225"}},{"type":"Feature","geometry":{"type":"Point","coordinates":[90.38273600000008,23.945002000000034]},"properties":{"name":"Board bazar","route_id":"A-225"}},{"type":"Feature","geometry":{"type":"Point","coordinates":[90.41581500000007,24.00086200000004]},"properties":{"name":"Gazipur","route_id":"A-225"}},{"type":"Feature","geometry":{"type":"Point","coordinates":[90.39826540121118,23.778435909401665]},"properties":{"name":"Mohakhali","route_id":"A-225"}},{"type":"Feature","geometry":{"type":"Point","coordinates":[90.43446200000005,23.71008000000006]},"properties":{"name":"Jatrabari","route_id":"A-228"}},{"type":"Feature","geometry":{"type":"Point","coordinates":[90.42221901383054,23.716140697935398]},"properties":{"name":"Saydabad","route_id":"A-228"}},{"type":"Feature","geometry":{"type":"Point","coordinates":[90.43090849069881,23.690527878773203]},"properties":{"name":"Postogola","route_id":"A-228"}},{"type":"Feature","geometry":{"type":"Point","coordinates":[90.43474300000008,23.693708000000072]},"properties":{"name":"Jurain","route_id":"A-228"}},{"type":"Feature","geometry":{"type":"Point","coordinates":[90.49926900000008,23.62402300000002]},"properties":{"name":"Chashara","route_id":"A-228"}},{"type":"Feature","geometry":{"type":"Point","coordinates":[90.45618300000007,23.66192800000005]},"properties":{"name":"Pagla","route_id":"A-228"}},{"type":"Feature","geometry":{"type":"Point","coordinates":[90.50435600000009,23.61624300000005]},"properties":{"name":"Narayanganj","route_id":"A-228"}},{"type":"Feature","geometry":{"type":"Point","coordinates":[90.42221901383054,23.716140697935398]},"properties":{"name":"Saydabad","route_id":"A-229"}},{"type":"Feature","geometry":{"type":"Point","coordinates":[90.43090849069881,23.690527878773203]},"properties":{"name":"Postogola","route_id":"A-229"}},{"type":"Feature","geometry":{"type":"Point","coordinates":[90.47620843756071,23.632567819603327]},"properties":{"name":"Ponchobati","route_id":"A-229"}},{"type":"Feature","geometry":{"type":"Point","coordinates":[90.45618300000007,23.66192800000005]},"properties":{"name":"Pagla","route_id":"A-229"}},{"type":"Feature","geometry":{"type":"Point","coordinates":[90.50435600000009,23.61624300000005]},"properties":{"name":"Narayanganj","route_id":"A-229"}},{"type":"Feature","geometry":{"type":"Point","coordinates":[90.43540026840297,23.686157196704304]},"properties":{"name":"Shyampur","route_id":"A-229"}},{"type":"Feature","geometry":{"type":"Point","coordinates":[90.43423479724989,23.71001902647532]},"properties":{"name":"Jatrabari","route_id":"A-229"}},{"type":"Feature","geometry":{"type":"Point","coordinates":[90.43446200000005,23.71008000000006]},"properties":{"name":"Jatrabari","route_id":"A-234"}},{"type":"Feature","geometry":{"type":"Point","coordinates":[90.41203800000005,23.724994000000034]},"properties":{"name":"Gulistan","route_id":"A-234"}},{"type":"Feature","geometry":{"type":"Point","coordinates":[90.48067200000008,23.693759000000053]},"properties":{"name":"Signborad","route_id":"A-234"}},{"type":"Feature","geometry":{"type":"Point","coordinates":[90.52153800000008,23.705858000000042]},"properties":{"name":"Kanchpur","route_id":"A-234"}},{"type":"Feature","geometry":{"type":"Point","coordinates":[90.51655500000004,23.596399000000083]},"properties":{"name":"Modonganj","route_id":"A-234"}},{"type":"Feature","geometry":{"type":"Point","coordinates":[90.42508985146044,23.71470545557935]},"properties":{"name":"Saydabad","route_id":"A-234"}},{"type":"Feature","geometry":{"type":"Point","coordinates":[90.43446200000005,23.71008000000006]},"properties":{"name":"Jatrabari","route_id":"A-236"}},{"type":"Feature","geometry":{"type":"Point","coordinates":[90.48067200000008,23.693759000000053]},"properties":{"name":"Signborad","route_id":"A-236"}},{"type":"Feature","geometry":{"type":"Point","coordinates":[90.4221630754204,23.716105185686633]},"properties":{"name":"Saydabad","route_id":"A-236"}},{"type":"Feature","geometry":{"type":"Point","coordinates":[90.45037331369637,23.70281314525254]},"properties":{"name":"Shonir Akhra","route_id":"A-236"}},{"type":"Feature","geometry":{"type":"Point","coordinates":[90.45733754331954,23.699383035144407]},"properties":{"name":"Rayerbag","route_id":"A-236"}},{"type":"Feature","geometry":{"type":"Point","coordinates":[90.49924063994763,23.624085086032103]},"properties":{"name":"Chashara","route_id":"A-236"}},{"type":"Feature","geometry":{"type":"Point","coordinates":[90.50439316200932,23.616154269216214]},"properties":{"name":"Narayanganj","route_id":"A-236"}},{"type":"Feature","geometry":{"type":"Point","coordinates":[90.49117810450797,23.651522503026687]},"properties":{"name":"Osman Ali Stadium","route_id":"A-236"}},{"type":"Feature","geometry":{"type":"Point","coordinates":[90.48671515321831,23.663683341477284]},"properties":{"name":"Jalkuri","route_id":"A-236"}},{"type":"Feature","geometry":{"type":"Point","coordinates":[90.43446200000005,23.71008000000006]},"properties":{"name":"Jatrabari","route_id":"A-238"}},{"type":"Feature","geometry":{"type":"Point","coordinates":[90.48067200000008,23.693759000000053]},"properties":{"name":"Signborad","route_id":"A-238"}},{"type":"Feature","geometry":{"type":"Point","coordinates":[90.50439316200932,23.616154269216214]},"properties":{"name":"Narayanganj","route_id":"A-238"}},{"type":"Feature","geometry":{"type":"Point","coordinates":[90.42165188780284,23.726493241428138]},"properties":{"name":"Motijheel","route_id":"A-238"}},{"type":"Feature","geometry":{"type":"Point","coordinates":[90.42146595681783,23.721597013559016]},"properties":{"name":"Ittefaq","route_id":"A-238"}},{"type":"Feature","geometry":{"type":"Point","coordinates":[90.42159000000004,23.765168000000077]},"properties":{"name":"Rampura TV Centre","route_id":"A-243"}},{"type":"Feature","geometry":{"type":"Point","coordinates":[90.43446200000005,23.71008000000006]},"properties":{"name":"Jatrabari","route_id":"A-243"}},{"type":"Feature","geometry":{"type":"Point","coordinates":[90.40799200000004,23.851166000000028]},"properties":{"name":"Airport","route_id":"A-243"}},{"type":"Feature","geometry":{"type":"Point","coordinates":[90.43210300000004,23.691662000000072]},"properties":{"name":"Postogola","route_id":"A-243"}},{"type":"Feature","geometry":{"type":"Point","coordinates":[90.40116100000006,23.877466000000027]},"properties":{"name":"Abdullahpur","route_id":"A-243"}},{"type":"Feature","geometry":{"type":"Point","coordinates":[90.42562000000004,23.78598400000004]},"properties":{"name":"North Badda","route_id":"A-243"}},{"type":"Feature","geometry":{"type":"Point","coordinates":[90.42346600000008,23.797688000000047]},"properties":{"name":"Notun Bazar","route_id":"A-243"}},{"type":"Feature","geometry":{"type":"Point","coordinates":[90.42122900000004,23.81189100000006]},"properties":{"name":"Jamuna Future Park","route_id":"A-243"}},{"type":"Feature","geometry":{"type":"Point","coordinates":[90.40008900000004,23.864396000000063]},"properties":{"name":"Rajlakshmi","route_id":"A-243"}},{"type":"Feature","geometry":{"type":"Point","coordinates":[90.41280100000006,23.74985600000002]},"properties":{"name":"Malibagh Railgate","route_id":"A-243"}},{"type":"Feature","geometry":{"type":"Point","coordinates":[90.40199500000006,23.89280700000007]},"properties":{"name":"Tongi Station Road","route_id":"A-243"}},{"type":"Feature","geometry":{"type":"Point","coordinates":[90.39388080000003,23.917847400000028]},"properties":{"name":"Salik Chora","route_id":"A-243"}},{"type":"Feature","geometry":{"type":"Point","coordinates":[90.42592481417967,23.686293962937814]},"properties":{"name":"Doleshwar","route_id":"A-243"}},{"type":"Feature","geometry":{"type":"Point","coordinates":[90.42161500000003,23.72660500000006]},"properties":{"name":"Motijheel","route_id":"A-245"}},{"type":"Feature","geometry":{"type":"Point","coordinates":[90.39802400000008,23.778338000000087]},"properties":{"name":"Mohakhali","route_id":"A-245"}},{"type":"Feature","geometry":{"type":"Point","coordinates":[90.40364200000005,23.748676000000046]},"properties":{"name":"Mogbajar","route_id":"A-245"}},{"type":"Feature","geometry":{"type":"Point","coordinates":[90.40067500000004,23.794334000000045]},"properties":{"name":"Kakoli","route_id":"A-245"}},{"type":"Feature","geometry":{"type":"Point","coordinates":[90.41426200000006,23.744097000000068]},"properties":{"name":"Malibagh Mor","route_id":"A-245"}},{"type":"Feature","geometry":{"type":"Point","coordinates":[90.40116100000006,23.877466000000027]},"properties":{"name":"Abdullahpur","route_id":"A-245"}},{"type":"Feature","geometry":{"type":"Point","coordinates":[90.54658000000006,23.690329000000077]},"properties":{"name":"Madanpur","route_id":"A-245"}},{"type":"Feature","geometry":{"type":"Point","coordinates":[90.43462770751107,23.710294131301644]},"properties":{"name":"Jatrabari","route_id":"A-245"}},{"type":"Feature","geometry":{"type":"Point","coordinates":[90.48097713795867,23.69405372775656]},"properties":{"name":"Signboard","route_id":"A-245"}},{"type":"Feature","geometry":{"type":"Point","coordinates":[90.52160402743142,23.705958201746554]},"properties":{"name":"Kanchpur","route_id":"A-245"}},{"type":"Feature","geometry":{"type":"Point","coordinates":[90.43446200000005,23.71008000000006]},"properties":{"name":"Jatrabari","route_id":"A-252"}},{"type":"Feature","geometry":{"type":"Point","coordinates":[90.42521990963314,23.71467999257706]},"properties":{"name":"Saydabad","route_id":"A-252"}},{"type":"Feature","geometry":{"type":"Point","coordinates":[90.38033900000006,23.747621000000034]},"properties":{"name":"Kolabagan","route_id":"A-252"}},{"type":"Feature","geometry":{"type":"Point","coordinates":[90.41203800000005,23.724994000000034]},"properties":{"name":"Gulistan","route_id":"A-252"}},{"type":"Feature","geometry":{"type":"Point","coordinates":[90.56515100000007,23.784692000000064]},"properties":{"name":"Vulta","route_id":"A-252"}},{"type":"Feature","geometry":{"type":"Point","coordinates":[90.39586500000007,23.738162000000045]},"properties":{"name":"Shahbagh","route_id":"A-252"}},{"type":"Feature","geometry":{"type":"Point","coordinates":[90.51362400000005,23.72496600000005]},"properties":{"name":"Tarabo","route_id":"A-252"}},{"type":"Feature","geometry":{"type":"Point","coordinates":[90.43446200000005,23.71008000000006]},"properties":{"name":"Jatrabari","route_id":"A-259"}},{"type":"Feature","geometry":{"type":"Point","coordinates":[90.41203800000005,23.724994000000034]},"properties":{"name":"Gulistan","route_id":"A-259"}},{"type":"Feature","geometry":{"type":"Point","coordinates":[90.48067200000008,23.693759000000053]},"properties":{"name":"Signborad","route_id":"A-259"}},{"type":"Feature","geometry":{"type":"Point","coordinates":[90.54693351610156,23.690505122889178]},"properties":{"name":"Madanpur","route_id":"A-259"}},{"type":"Feature","geometry":{"type":"Point","coordinates":[90.60917100000007,23.618365000000036]},"properties":{"name":"Meghna Ghat","route_id":"A-259"}},{"type":"Feature","geometry":{"type":"Point","coordinates":[90.38590400000004,23.729146000000075]},"properties":{"name":"Eden College","route_id":"A-259"}},{"type":"Feature","geometry":{"type":"Point","coordinates":[90.38953900000007,23.72741400000006]},"properties":{"name":"Polashi Mor","route_id":"A-259"}},{"type":"Feature","geometry":{"type":"Point","coordinates":[90.39586500000007,23.738162000000045]},"properties":{"name":"Shahbagh","route_id":"A-259"}},{"type":"Feature","geometry":{"type":"Point","coordinates":[90.44964702007513,23.70309262960734]},"properties":{"name":"Sonir Akhra","route_id":"A-259"}},{"type":"Feature","geometry":{"type":"Point","coordinates":[90.59503070429405,23.635855291323164]},"properties":{"name":"Mograpara","route_id":"A-259"}},{"type":"Feature","geometry":{"type":"Point","coordinates":[90.37298300000003,23.760172000000065]},"properties":{"name":"Asadgate","route_id":"A-260"}},{"type":"Feature","geometry":{"type":"Point","coordinates":[90.33940600000005,23.783003000000065]},"properties":{"name":"Gabtoli","route_id":"A-260"}},{"type":"Feature","geometry":{"type":"Point","coordinates":[90.41072500000007,23.72297500000008]},"properties":{"name":"Fulbaria","route_id":"A-260"}},{"type":"Feature","geometry":{"type":"Point","coordinates":[90.40027700000007,23.723861000000053]},"properties":{"name":"Chankharpul","route_id":"A-260"}},{"type":"Feature","geometry":{"type":"Point","coordinates":[90.21914600000008,23.90809900000005]},"properties":{"name":"Dhamrai","route_id":"A-260"}},{"type":"Feature","geometry":{"type":"Point","coordinates":[90.38454500000006,23.734260000000056]},"properties":{"name":"New Market","route_id":"A-260"}},{"type":"Feature","geometry":{"type":"Point","coordinates":[90.25733100000008,23.847282000000064]},"properties":{"name":"Savar","route_id":"A-260"}},{"type":"Feature","geometry":{"type":"Point","coordinates":[90.34847500000006,23.811363000000025]},"properties":{"name":"Mirpur Zoo","route_id":"A-264"}},{"type":"Feature","geometry":{"type":"Point","coordinates":[90.41072000000008,23.72493200000002]},"properties":{"name":"Golap Shah Majar","route_id":"A-264"}},{"type":"Feature","geometry":{"type":"Point","coordinates":[90.35375100000005,23.79106200000006]},"properties":{"name":"Ansar Camp","route_id":"A-264"}},{"type":"Feature","geometry":{"type":"Point","coordinates":[90.40863500000006,23.71449600000005]},"properties":{"name":"Noyabaza","route_id":"A-264"}},{"type":"Feature","geometry":{"type":"Point","coordinates":[90.35326400000008,23.798568000000042]},"properties":{"name":"Mirpur 1","route_id":"A-264"}},{"type":"Feature","geometry":{"type":"Point","coordinates":[90.37432805776844,23.758144633617494]},"properties":{"name":"Lalmatia","route_id":"A-264"}},{"type":"Feature","geometry":{"type":"Point","coordinates":[90.36102600000004,23.778049000000067]},"properties":{"name":"Kallyanpur","route_id":"A-264"}},{"type":"Feature","geometry":{"type":"Point","coordinates":[90.40227800000008,23.709808000000063]},"properties":{"name":"Babu Bazar","route_id":"A-264"}},{"type":"Feature","geometry":{"type":"Point","coordinates":[90.39003700000008,23.66342400000008]},"properties":{"name":"Keraniganj Jailkhana","route_id":"A-264"}},{"type":"Feature","geometry":{"type":"Point","coordinates":[90.398024,23.778337999999998]},"properties":{"name":"Mohakhali","route_id":"A-266"}},{"type":"Feature","geometry":{"type":"Point","coordinates":[90.410725,23.72297499999999]},"properties":{"name":"Fulbaria","route_id":"A-266"}},{"type":"Feature","geometry":{"type":"Point","coordinates":[90.403642,23.748675999999996]},"properties":{"name":"Mogbajar","route_id":"A-266"}},{"type":"Feature","geometry":{"type":"Point","coordinates":[90.400675,23.794334]},"properties":{"name":"Kakoli","route_id":"A-266"}},{"type":"Feature","geometry":{"type":"Point","coordinates":[90.407992,23.851165999999996]},"properties":{"name":"Airport","route_id":"A-266"}},{"type":"Feature","geometry":{"type":"Point","coordinates":[90.401161,23.87746599999999]},"properties":{"name":"Abdullahpur","route_id":"A-266"}},{"type":"Feature","geometry":{"type":"Point","coordinates":[90.39374595400267,23.917997125790485]},"properties":{"name":"Gazipura","route_id":"A-266"}},{"type":"Feature","geometry":{"type":"Point","coordinates":[90.410143,23.730119999999996]},"properties":{"name":"Paltan","route_id":"A-266"}},{"type":"Feature","geometry":{"type":"Point","coordinates":[90.38052542971992,23.977566289819478]},"properties":{"name":"Vogra","route_id":"A-266"}},{"type":"Feature","geometry":{"type":"Point","coordinates":[90.410995,23.707945999999996]},"properties":{"name":"Jagannath University","route_id":"A-266"}},{"type":"Feature","geometry":{"type":"Point","coordinates":[90.238932,24.04759]},"properties":{"name":"Chandra","route_id":"A-266"}},{"type":"Feature","geometry":{"type":"Point","coordinates":[90.36557499998634,23.774913999881218]},"properties":{"name":"Shyamoli","route_id":"A-302"}},{"type":"Feature","geometry":{"type":"Point","coordinates":[90.38990799975443,23.77536499999479]},"properties":{"name":"Jahangir Gate","route_id":"A-302"}},{"type":"Feature","geometry":{"type":"Point","coordinates":[90.42563499975552,23.78061800032048]},"properties":{"name":"Badda","route_id":"A-302"}},{"type":"Feature","geometry":{"type":"Point","coordinates":[90.33940600008691,23.78300299968873]},"properties":{"name":"Gabtoli","route_id":"A-302"}},{"type":"Feature","geometry":{"type":"Point","coordinates":[90.27094599965824,23.79319800038746]},"properties":{"name":"Hemayetpur","route_id":"A-302"}},{"type":"Feature","geometry":{"type":"Point","coordinates":[90.25733100042538,23.8472819997645]},"properties":{"name":"Savar","route_id":"A-302"}},{"type":"Feature","geometry":{"type":"Point","coordinates":[90.41674399983579,23.780433999929187]},"properties":{"name":"Gulshan 1","route_id":"A-302"}},{"type":"Feature","geometry":{"type":"Point","coordinates":[90.3980239999077,23.77833800039843]},"properties":{"name":"Mohakhali","route_id":"A-302"}},{"type":"Feature","geometry":{"type":"Point","coordinates":[90.4234659995563,23.797687999701452]},"properties":{"name":"Notun Bazar","route_id":"A-302"}},{"type":"Feature","geometry":{"type":"Point","coordinates":[90.38057099995177,23.776876000427134]},"properties":{"name":"Agargaon","route_id":"A-302"}},{"type":"Feature","geometry":{"type":"Point","coordinates":[90.42007299956936,23.820141000007197]},"properties":{"name":"Kuril","route_id":"A-302"}},{"type":"Feature","geometry":{"type":"Point","coordinates":[90.36859400000003,23.807091000000067]},"properties":{"name":"Mirpur 10","route_id":"A-307"}},{"type":"Feature","geometry":{"type":"Point","coordinates":[90.35174000000006,23.781662000000036]},"properties":{"name":"Technical Mor","route_id":"A-307"}},{"type":"Feature","geometry":{"type":"Point","coordinates":[90.35326400000008,23.798568000000042]},"properties":{"name":"Mirpur 1","route_id":"A-307"}},{"type":"Feature","geometry":{"type":"Point","coordinates":[90.38726300000008,23.798452000000054]},"properties":{"name":"Mirpur 14","route_id":"A-307"}},{"type":"Feature","geometry":{"type":"Point","coordinates":[90.33940600000005,23.783003000000065]},"properties":{"name":"Gabtoli","route_id":"A-307"}},{"type":"Feature","geometry":{"type":"Point","coordinates":[90.25733100000008,23.847282000000064]},"properties":{"name":"Savar","route_id":"A-307"}},{"type":"Feature","geometry":{"type":"Point","coordinates":[90.27420100000006,23.950728000000026]},"properties":{"name":"EPZ","route_id":"A-307"}},{"type":"Feature","geometry":{"type":"Point","coordinates":[90.24190400000003,24.03133100000002]},"properties":{"name":"Nandan Park","route_id":"A-307"}},{"type":"Feature","geometry":{"type":"Point","coordinates":[90.25485000000003,23.99546300000003]},"properties":{"name":"Zirani","route_id":"A-307"}},{"type":"Feature","geometry":{"type":"Point","coordinates":[90.25852000000003,23.913579000000027]},"properties":{"name":"Nabinagar","route_id":"A-307"}},{"type":"Feature","geometry":{"type":"Point","coordinates":[90.39586500000007,23.738162000000045]},"properties":{"name":"Shahbagh","route_id":"A-309"}},{"type":"Feature","geometry":{"type":"Point","coordinates":[90.41054600000007,23.727658000000076]},"properties":{"name":"Gulistan","route_id":"A-309"}},{"type":"Feature","geometry":{"type":"Point","coordinates":[90.25733100000008,23.847282000000064]},"properties":{"name":"Savar","route_id":"A-309"}},{"type":"Feature","geometry":{"type":"Point","coordinates":[90.25852000000003,23.913579000000027]},"properties":{"name":"Nabinagar","route_id":"A-309"}},{"type":"Feature","geometry":{"type":"Point","coordinates":[90.37303594948395,23.76019110086258]},"properties":{"name":"Asad Gate","route_id":"A-309"}},{"type":"Feature","geometry":{"type":"Point","coordinates":[90.41099500000007,23.707946000000053]},"properties":{"name":"Sadarghat","route_id":"A-309"}},{"type":"Feature","geometry":{"type":"Point","coordinates":[90.27420100000006,23.950728000000026]},"properties":{"name":"EPZ","route_id":"A-309"}},{"type":"Feature","geometry":{"type":"Point","coordinates":[90.33940600000005,23.783003000000065]},"properties":{"name":"Gabtoli","route_id":"A-309"}},{"type":"Feature","geometry":{"type":"Point","coordinates":[90.41014300000006,23.730120000000053]},"properties":{"name":"Paltan","route_id":"A-309"}},{"type":"Feature","geometry":{"type":"Point","coordinates":[90.38349500000004,23.738865000000033]},"properties":{"name":"Science Lab","route_id":"A-309"}},{"type":"Feature","geometry":{"type":"Point","coordinates":[90.37789900000008,23.823029000000073]},"properties":{"name":"Kalshi","route_id":"A-314"}},{"type":"Feature","geometry":{"type":"Point","coordinates":[90.36610100000007,23.815859000000042]},"properties":{"name":"Mirpur 11","route_id":"A-314"}},{"type":"Feature","geometry":{"type":"Point","coordinates":[90.36762800000008,23.810427000000054]},"properties":{"name":"Yentai Restaurant","route_id":"A-314"}},{"type":"Feature","geometry":{"type":"Point","coordinates":[90.36540700000006,23.81903600000004]},"properties":{"name":"Purobi","route_id":"A-314"}},{"type":"Feature","geometry":{"type":"Point","coordinates":[90.35174000000006,23.781662000000036]},"properties":{"name":"Technical Mor","route_id":"A-314"}},{"type":"Feature","geometry":{"type":"Point","coordinates":[90.35326400000008,23.798568000000042]},"properties":{"name":"Mirpur 1","route_id":"A-314"}},{"type":"Feature","geometry":{"type":"Point","coordinates":[90.36343100000005,23.805058000000027]},"properties":{"name":"Mirpur 2/ Mirpur Thana","route_id":"A-314"}},{"type":"Feature","geometry":{"type":"Point","coordinates":[90.36117400000006,23.80939600000004]},"properties":{"name":"Proshika Mor/ Mirpur 6","route_id":"A-314"}},{"type":"Feature","geometry":{"type":"Point","coordinates":[90.27094600000004,23.79319800000008]},"properties":{"name":"Hamayetpur","route_id":"A-314"}},{"type":"Feature","geometry":{"type":"Point","coordinates":[90.39330500000005,23.82257800000008]},"properties":{"name":"ECB Chattar","route_id":"A-314"}},{"type":"Feature","geometry":{"type":"Point","coordinates":[90.41853890000004,23.821330300000053]},"properties":{"name":"Kuril Bishwa Road","route_id":"A-314"}},{"type":"Feature","geometry":{"type":"Point","coordinates":[90.42346600000008,23.797688000000047]},"properties":{"name":"Notun Bazar","route_id":"A-314"}},{"type":"Feature","geometry":{"type":"Point","coordinates":[90.42326500000007,23.768208000000072]},"properties":{"name":"Rampura","route_id":"A-314"}},{"type":"Feature","geometry":{"type":"Point","coordinates":[90.43119500000007,23.76380600000005]},"properties":{"name":"Banasree Idea","route_id":"A-314"}},{"type":"Feature","geometry":{"type":"Point","coordinates":[90.44447700000006,23.762009000000035]},"properties":{"name":"Meradia haat","route_id":"A-314"}},{"type":"Feature","geometry":{"type":"Point","coordinates":[90.33940600000005,23.783003000000065]},"properties":{"name":"Gabtoli","route_id":"A-314"}},{"type":"Feature","geometry":{"type":"Point","coordinates":[90.49048400000004,23.719881000000044]},"properties":{"name":"Demra Staff Quarter","route_id":"A-314"}},{"type":"Feature","geometry":{"type":"Point","coordinates":[90.43441056292718,23.71001607504963]},"properties":{"name":"Jatrabari","route_id":"A-317"}},{"type":"Feature","geometry":{"type":"Point","coordinates":[90.42353700000007,23.748031000000026]},"properties":{"name":"Khilgaon","route_id":"A-317"}},{"type":"Feature","geometry":{"type":"Point","coordinates":[90.42869700000006,23.724970000000045]},"properties":{"name":"TT para","route_id":"A-317"}},{"type":"Feature","geometry":{"type":"Point","coordinates":[90.40027500000008,23.867877000000075]},"properties":{"name":"Azampur","route_id":"A-317"}},{"type":"Feature","geometry":{"type":"Point","coordinates":[90.40799200000004,23.851166000000028]},"properties":{"name":"Airport","route_id":"A-317"}},{"type":"Feature","geometry":{"type":"Point","coordinates":[90.40042100000005,23.87458100000004]},"properties":{"name":"Maskot Plaza","route_id":"A-317"}},{"type":"Feature","geometry":{"type":"Point","coordinates":[90.39083959443117,23.874197164627596]},"properties":{"name":"Sector 13","route_id":"A-317"}},{"type":"Feature","geometry":{"type":"Point","coordinates":[90.42007300000006,23.82014100000003]},"properties":{"name":"Kuril","route_id":"A-317"}},{"type":"Feature","geometry":{"type":"Point","coordinates":[90.42346600000008,23.797688000000047]},"properties":{"name":"Notun Bazar","route_id":"A-317"}},{"type":"Feature","geometry":{"type":"Point","coordinates":[90.42326500000007,23.768208000000072]},"properties":{"name":"Rampura","route_id":"A-317"}},{"type":"Feature","geometry":{"type":"Point","coordinates":[90.42563500000006,23.780618000000054]},"properties":{"name":"Badda","route_id":"A-317"}},{"type":"Feature","geometry":{"type":"Point","coordinates":[90.43210300000004,23.691662000000072]},"properties":{"name":"Postogola","route_id":"A-317"}},{"type":"Feature","geometry":{"type":"Point","coordinates":[90.39003700000008,23.66342400000008]},"properties":{"name":"Abdullahpur Rail Gate","route_id":"A-317"}},{"type":"Feature","geometry":{"type":"Point","coordinates":[90.42943282981054,23.711831830623225]},"properties":{"name":"Saydabad Bus Stand","route_id":"A-317"}},{"type":"Feature","geometry":{"type":"Point","coordinates":[90.37957576460465,23.873973002860858]},"properties":{"name":"Diyabari, Uttara","route_id":"A-317"}},{"type":"Feature","geometry":{"type":"Point","coordinates":[90.41203799955412,23.724994000073075]},"properties":{"name":"Gulistan","route_id":"A-327"}},{"type":"Feature","geometry":{"type":"Point","coordinates":[90.38996699977731,23.758521000244]},"properties":{"name":"Farmgate","route_id":"A-327"}},{"type":"Feature","geometry":{"type":"Point","coordinates":[90.39316799990333,23.749849999677792]},"properties":{"name":"Kawran Bajar","route_id":"A-327"}},{"type":"Feature","geometry":{"type":"Point","coordinates":[90.3958650001697,23.738162000276134]},"properties":{"name":"Shahbagh","route_id":"A-327"}},{"type":"Feature","geometry":{"type":"Point","coordinates":[90.4216149996326,23.726604999721015]},"properties":{"name":"Motijheel","route_id":"A-327"}},{"type":"Feature","geometry":{"type":"Point","coordinates":[90.38726300008744,23.798451999859925]},"properties":{"name":"Mirpur 14","route_id":"A-327"}},{"type":"Feature","geometry":{"type":"Point","coordinates":[90.38990799975443,23.77536499999479]},"properties":{"name":"Jahangir Gate","route_id":"A-327"}},{"type":"Feature","geometry":{"type":"Point","coordinates":[90.39070200039708,23.786841000411865]},"properties":{"name":"Workshop (Shaheed Sarani)","route_id":"A-327"}},{"type":"Feature","geometry":{"type":"Point","coordinates":[90.38791999980822,23.793722000270122]},"properties":{"name":"Kachukhet","route_id":"A-327"}},{"type":"Feature","geometry":{"type":"Point","coordinates":[90.4344620003211,23.710080000291843]},"properties":{"name":"Jatrabari","route_id":"A-331"}},{"type":"Feature","geometry":{"type":"Point","coordinates":[90.48067199991294,23.693759000377607]},"properties":{"name":"Signborad","route_id":"A-331"}},{"type":"Feature","geometry":{"type":"Point","coordinates":[90.44964701979423,23.703092629521272]},"properties":{"name":"Sonir Akhra","route_id":"A-331"}},{"type":"Feature","geometry":{"type":"Point","coordinates":[90.42514980022315,23.71461580027903]},"properties":{"name":"Saydabad Bus Stand","route_id":"A-331"}},{"type":"Feature","geometry":{"type":"Point","coordinates":[90.42044499963708,23.71867500005123]},"properties":{"name":"Tikatuli","route_id":"A-331"}},{"type":"Feature","geometry":{"type":"Point","coordinates":[90.24091587656653,24.031383343566517]},"properties":{"name":"Nandon Park","route_id":"A-331"}},{"type":"Feature","geometry":{"type":"Point","coordinates":[90.27420099957652,23.950728000197106]},"properties":{"name":"EPZ","route_id":"A-331"}},{"type":"Feature","geometry":{"type":"Point","coordinates":[90.26972299991655,23.938089000107304]},"properties":{"name":"Baipail","route_id":"A-331"}},{"type":"Feature","geometry":{"type":"Point","coordinates":[90.25852000039777,23.91357900027072]},"properties":{"name":"Nabinagar","route_id":"A-331"}},{"type":"Feature","geometry":{"type":"Point","coordinates":[90.25733100042538,23.8472819997645]},"properties":{"name":"Savar","route_id":"A-331"}},{"type":"Feature","geometry":{"type":"Point","coordinates":[90.27094599965824,23.79319800038746]},"properties":{"name":"Hemayetpur","route_id":"A-331"}},{"type":"Feature","geometry":{"type":"Point","coordinates":[90.33940600008691,23.78300299968873]},"properties":{"name":"Gabtoli","route_id":"A-331"}},{"type":"Feature","geometry":{"type":"Point","coordinates":[90.36557499998634,23.774913999881218]},"properties":{"name":"Shyamoli","route_id":"A-331"}},{"type":"Feature","geometry":{"type":"Point","coordinates":[90.37303594924971,23.760191100638846]},"properties":{"name":"Asad Gate","route_id":"A-331"}},{"type":"Feature","geometry":{"type":"Point","coordinates":[90.38374199959367,23.758702999643784]},"properties":{"name":"Manik Mia Avenue","route_id":"A-331"}},{"type":"Feature","geometry":{"type":"Point","coordinates":[90.38996699977731,23.758521000244]},"properties":{"name":"Farmgate","route_id":"A-331"}},{"type":"Feature","geometry":{"type":"Point","coordinates":[90.39464100038191,23.74589299976219]},"properties":{"name":"Bangla Motor","route_id":"A-331"}},{"type":"Feature","geometry":{"type":"Point","coordinates":[90.3958650001697,23.738162000276134]},"properties":{"name":"Shahbagh","route_id":"A-331"}},{"type":"Feature","geometry":{"type":"Point","coordinates":[90.40736699998712,23.730029000238236]},"properties":{"name":"Press Club","route_id":"A-331"}},{"type":"Feature","geometry":{"type":"Point","coordinates":[90.41014300029929,23.730119999938097]},"properties":{"name":"Paltan","route_id":"A-331"}},{"type":"Feature","geometry":{"type":"Point","coordinates":[90.41054599999796,23.72765799971694]},"properties":{"name":"Zero Point/ GPO Box","route_id":"A-331"}},{"type":"Feature","geometry":{"type":"Point","coordinates":[90.4216149996326,23.726604999721015]},"properties":{"name":"Motijheel/ Shapla Chottor/ Bangladesh Bank","route_id":"A-331"}},{"type":"Feature","geometry":{"type":"Point","coordinates":[90.48067199991294,23.693759000377607]},"properties":{"name":"Signborad","route_id":"A-341"}},{"type":"Feature","geometry":{"type":"Point","coordinates":[90.44964701979423,23.703092629521272]},"properties":{"name":"Sonir Akhra","route_id":"A-341"}},{"type":"Feature","geometry":{"type":"Point","coordinates":[90.40027700038331,23.723860999985217]},"properties":{"name":"Chankharpul","route_id":"A-341"}},{"type":"Feature","geometry":{"type":"Point","coordinates":[90.39567899968614,23.722388999552724]},"properties":{"name":"Bokshi Bazar","route_id":"A-341"}},{"type":"Feature","geometry":{"type":"Point","coordinates":[90.38996699977731,23.758521000244]},"properties":{"name":"Farmgate","route_id":"A-341"}},{"type":"Feature","geometry":{"type":"Point","coordinates":[90.38374199959367,23.758702999643784]},"properties":{"name":"Manik Mia Avenue","route_id":"A-341"}},{"type":"Feature","geometry":{"type":"Point","coordinates":[90.3803390000449,23.74762100030898]},"properties":{"name":"Kolabagan","route_id":"A-341"}},{"type":"Feature","geometry":{"type":"Point","coordinates":[90.384544999752,23.7342600001989]},"properties":{"name":"New Market/ Gausia","route_id":"A-341"}},{"type":"Feature","geometry":{"type":"Point","coordinates":[90.38964100003216,23.72234600026774]},"properties":{"name":"Dhakeshwari Mandir","route_id":"A-341"}},{"type":"Feature","geometry":{"type":"Point","coordinates":[90.3889319997121,23.764550000382258]},"properties":{"name":"Bijoy Shoroni","route_id":"A-341"}},{"type":"Feature","geometry":{"type":"Point","coordinates":[90.3980239999077,23.77833800039843]},"properties":{"name":"Mohakhali","route_id":"A-341"}},{"type":"Feature","geometry":{"type":"Point","coordinates":[90.40027500029112,23.86787699982375]},"properties":{"name":"Azampur","route_id":"A-341"}},{"type":"Feature","geometry":{"type":"Point","coordinates":[90.40067499985145,23.794333999714354]},"properties":{"name":"Kakoli/ Banani","route_id":"A-341"}},{"type":"Feature","geometry":{"type":"Point","coordinates":[90.40799200003084,23.851165999911014]},"properties":{"name":"Airport","route_id":"A-341"}},{"type":"Feature","geometry":{"type":"Point","coordinates":[90.38861600042817,23.891160999780368]},"properties":{"name":"Kamarpara","route_id":"A-341"}},{"type":"Feature","geometry":{"type":"Point","coordinates":[90.36182899990848,23.892175999822605]},"properties":{"name":"Dhour","route_id":"A-341"}},{"type":"Feature","geometry":{"type":"Point","coordinates":[90.29168820420513,23.93661321159875]},"properties":{"name":"Fantasy Kingdom","route_id":"A-341"}},{"type":"Feature","geometry":{"type":"Point","coordinates":[90.41060700011303,23.816791000204542]},"properties":{"name":"Kurmitola Hospital","route_id":"A-341"}},{"type":"Feature","geometry":{"type":"Point","coordinates":[90.26948321152088,23.937622037576155]},"properties":{"name":"Bailpail","route_id":"A-341"}},{"type":"Feature","geometry":{"type":"Point","coordinates":[90.3484750001212,23.81136299990259]},"properties":{"name":"Mirpur Zoo","route_id":"A-344"}},{"type":"Feature","geometry":{"type":"Point","coordinates":[90.3685939998133,23.80709099984983]},"properties":{"name":"Mirpur 10","route_id":"A-344"}},{"type":"Feature","geometry":{"type":"Point","coordinates":[90.35528999963384,23.799889999623808]},"properties":{"name":"Mirpur 1","route_id":"A-344"}},{"type":"Feature","geometry":{"type":"Point","coordinates":[90.36343100004069,23.80505799962702]},"properties":{"name":"Mirpur 2","route_id":"A-344"}},{"type":"Feature","geometry":{"type":"Point","coordinates":[90.37205000000756,23.799127000410806]},"properties":{"name":"Kazipara","route_id":"A-344"}},{"type":"Feature","geometry":{"type":"Point","coordinates":[90.3755139996714,23.79091500032706]},"properties":{"name":"Shewrapara","route_id":"A-344"}},{"type":"Feature","geometry":{"type":"Point","coordinates":[90.38996699977731,23.758521000244]},"properties":{"name":"Farmgate","route_id":"A-344"}},{"type":"Feature","geometry":{"type":"Point","coordinates":[90.39464100038191,23.74589299976219]},"properties":{"name":"Bangla Motor","route_id":"A-344"}},{"type":"Feature","geometry":{"type":"Point","coordinates":[90.40364199997839,23.748676000397154]},"properties":{"name":"Mogbajar","route_id":"A-344"}},{"type":"Feature","geometry":{"type":"Point","coordinates":[90.41228099996823,23.745728000247084]},"properties":{"name":"Mouchak Bus Stop","route_id":"A-344"}},{"type":"Feature","geometry":{"type":"Point","coordinates":[90.42329999999505,23.73658699959043]},"properties":{"name":"Pir Jangi Mazar","route_id":"A-344"}},{"type":"Feature","geometry":{"type":"Point","coordinates":[90.42522299964179,23.732350000252385]},"properties":{"name":"Kamalapur Rail Station","route_id":"A-344"}},{"type":"Feature","geometry":{"type":"Point","coordinates":[90.4344620003211,23.710080000291843]},"properties":{"name":"Jatrabari","route_id":"A-344"}},{"type":"Feature","geometry":{"type":"Point","coordinates":[90.4216149996326,23.726604999721015]},"properties":{"name":"Motijheel/ Shapla Chottor/ Bangladesh Bank","route_id":"A-344"}},{"type":"Feature","geometry":{"type":"Point","coordinates":[90.43210300035327,23.69166199990144]},"properties":{"name":"Postogola","route_id":"A-344"}},{"type":"Feature","geometry":{"type":"Point","coordinates":[90.42514980022315,23.71461580027903]},"properties":{"name":"Saydabad Bus Stand","route_id":"A-344"}},{"type":"Feature","geometry":{"type":"Point","coordinates":[90.41970399963992,23.682840999612495]},"properties":{"name":"Ekuria","route_id":"A-344"}},{"type":"Feature","geometry":{"type":"Point","coordinates":[90.38996700000007,23.758521000000027]},"properties":{"name":"Farmgate","route_id":"A-355"}},{"type":"Feature","geometry":{"type":"Point","coordinates":[90.39586500000007,23.738162000000045]},"properties":{"name":"Shahbagh","route_id":"A-355"}},{"type":"Feature","geometry":{"type":"Point","coordinates":[90.38349500000004,23.738865000000033]},"properties":{"name":"Science Lab","route_id":"A-355"}},{"type":"Feature","geometry":{"type":"Point","coordinates":[90.38630500000005,23.726906000000035]},"properties":{"name":"Azimpur","route_id":"A-355"}},{"type":"Feature","geometry":{"type":"Point","coordinates":[90.38454500000006,23.734260000000056]},"properties":{"name":"New Market/ Gausia","route_id":"A-355"}},{"type":"Feature","geometry":{"type":"Point","coordinates":[90.39802400000008,23.778338000000087]},"properties":{"name":"Mohakhali","route_id":"A-355"}},{"type":"Feature","geometry":{"type":"Point","coordinates":[90.42346600000008,23.797688000000047]},"properties":{"name":"Notun Bazar","route_id":"A-355"}},{"type":"Feature","geometry":{"type":"Point","coordinates":[90.42563500000006,23.780618000000054]},"properties":{"name":"Badda","route_id":"A-355"}},{"type":"Feature","geometry":{"type":"Point","coordinates":[90.41674400000005,23.780434000000064]},"properties":{"name":"Gulshan 1","route_id":"A-355"}},{"type":"Feature","geometry":{"type":"Point","coordinates":[90.40411100000006,23.780800000000056]},"properties":{"name":"Amtoli","route_id":"A-355"}},{"type":"Feature","geometry":{"type":"Point","coordinates":[90.40799200000004,23.851166000000028]},"properties":{"name":"Airport","route_id":"A-362"}},{"type":"Feature","geometry":{"type":"Point","coordinates":[90.40116100000006,23.877466000000027]},"properties":{"name":"Abdullahpur","route_id":"A-362"}},{"type":"Feature","geometry":{"type":"Point","coordinates":[90.36182900000006,23.892176000000063]},"properties":{"name":"Dhour","route_id":"A-362"}},{"type":"Feature","geometry":{"type":"Point","coordinates":[90.42007300000006,23.82014100000003]},"properties":{"name":"Kuril","route_id":"A-362"}},{"type":"Feature","geometry":{"type":"Point","coordinates":[90.42326500000007,23.768208000000072]},"properties":{"name":"Rampura","route_id":"A-362"}},{"type":"Feature","geometry":{"type":"Point","coordinates":[90.42563500000006,23.780618000000054]},"properties":{"name":"Badda","route_id":"A-362"}},{"type":"Feature","geometry":{"type":"Point","coordinates":[90.44447700000006,23.762009000000035]},"properties":{"name":"Meradia haat","route_id":"A-362"}},{"type":"Feature","geometry":{"type":"Point","coordinates":[90.47205501430398,23.74671503541823]},"properties":{"name":"Amulia Road","route_id":"A-362"}},{"type":"Feature","geometry":{"type":"Point","coordinates":[90.49048400000004,23.719881000000044]},"properties":{"name":"Demra Staff Quarter","route_id":"A-362"}},{"type":"Feature","geometry":{"type":"Point","coordinates":[90.54658000000006,23.690329000000077]},"properties":{"name":"Madanpur","route_id":"A-362"}},{"type":"Feature","geometry":{"type":"Point","coordinates":[90.51362400000005,23.72496600000005]},"properties":{"name":"Tarabo Bisshoroad","route_id":"A-362"}},{"type":"Feature","geometry":{"type":"Point","coordinates":[90.5030970000001,23.721921000000062]},"properties":{"name":"Sultana Kamal Bridge","route_id":"A-362"}},{"type":"Feature","geometry":{"type":"Point","coordinates":[90.52168781800003,23.705890512000053]},"properties":{"name":"kanchpur","route_id":"A-362"}},{"type":"Feature","geometry":{"type":"Point","coordinates":[90.37789900000008,23.823029000000073]},"properties":{"name":"Kalshi","route_id":"A-365"}},{"type":"Feature","geometry":{"type":"Point","coordinates":[90.36762800000008,23.810427000000054]},"properties":{"name":"Original 10","route_id":"A-365"}},{"type":"Feature","geometry":{"type":"Point","coordinates":[90.35326400000008,23.798568000000042]},"properties":{"name":"Mirpur 1","route_id":"A-365"}},{"type":"Feature","geometry":{"type":"Point","coordinates":[90.36117400000006,23.80939600000004]},"properties":{"name":"Proshika Mor/ Mirpur 6","route_id":"A-365"}},{"type":"Feature","geometry":{"type":"Point","coordinates":[90.40799200000004,23.851166000000028]},"properties":{"name":"Airport","route_id":"A-365"}},{"type":"Feature","geometry":{"type":"Point","coordinates":[90.40116100000006,23.877466000000027]},"properties":{"name":"Abdullahpur","route_id":"A-365"}},{"type":"Feature","geometry":{"type":"Point","coordinates":[90.38861600000007,23.89116100000007]},"properties":{"name":"Kamarpara","route_id":"A-365"}},{"type":"Feature","geometry":{"type":"Point","coordinates":[90.41060700000008,23.816791000000023]},"properties":{"name":"Kurmitola Hospital","route_id":"A-365"}},{"type":"Feature","geometry":{"type":"Point","coordinates":[90.41370000000006,23.818098000000074]},"properties":{"name":"Shewra","route_id":"A-365"}},{"type":"Feature","geometry":{"type":"Point","coordinates":[90.36182900000006,23.892176000000063]},"properties":{"name":"Dhour","route_id":"A-365"}},{"type":"Feature","geometry":{"type":"Point","coordinates":[90.33940600000005,23.783003000000065]},"properties":{"name":"Gabtoli","route_id":"A-365"}},{"type":"Feature","geometry":{"type":"Point","coordinates":[90.26095226377555,23.910981319788675]},"properties":{"name":"Nobinagar","route_id":"A-365"}},{"type":"Feature","geometry":{"type":"Point","coordinates":[90.25728363152342,23.84819778615161]},"properties":{"name":"Savar","route_id":"A-365"}},{"type":"Feature","geometry":{"type":"Point","coordinates":[90.37789900000008,23.823029000000073]},"properties":{"name":"Kalshi","route_id":"A-366"}},{"type":"Feature","geometry":{"type":"Point","coordinates":[90.36610100000007,23.815859000000042]},"properties":{"name":"Mirpur 11","route_id":"A-366"}},{"type":"Feature","geometry":{"type":"Point","coordinates":[90.36859400000003,23.807091000000067]},"properties":{"name":"Mirpur 10","route_id":"A-366"}},{"type":"Feature","geometry":{"type":"Point","coordinates":[90.36557500000004,23.774914000000027]},"properties":{"name":"Shyamoli","route_id":"A-366"}},{"type":"Feature","geometry":{"type":"Point","coordinates":[90.35174000000006,23.781662000000036]},"properties":{"name":"Technical Mor","route_id":"A-366"}},{"type":"Feature","geometry":{"type":"Point","coordinates":[90.35375100000005,23.79106200000006]},"properties":{"name":"Ansar Camp","route_id":"A-366"}},{"type":"Feature","geometry":{"type":"Point","coordinates":[90.35326400000008,23.798568000000042]},"properties":{"name":"Mirpur 1","route_id":"A-366"}},{"type":"Feature","geometry":{"type":"Point","coordinates":[90.40027500000008,23.867877000000075]},"properties":{"name":"Azampur","route_id":"A-366"}},{"type":"Feature","geometry":{"type":"Point","coordinates":[90.40799200000004,23.851166000000028]},"properties":{"name":"Airport","route_id":"A-366"}},{"type":"Feature","geometry":{"type":"Point","coordinates":[90.36182900000006,23.892176000000063]},"properties":{"name":"Dhour","route_id":"A-366"}},{"type":"Feature","geometry":{"type":"Point","coordinates":[90.41060700000008,23.816791000000023]},"properties":{"name":"Kurmitola Hospital","route_id":"A-366"}},{"type":"Feature","geometry":{"type":"Point","coordinates":[90.41370000000006,23.818098000000074]},"properties":{"name":"Shewra","route_id":"A-366"}},{"type":"Feature","geometry":{"type":"Point","coordinates":[90.36128000000008,23.757075000000047]},"properties":{"name":"Mohammadpur Bus Stand","route_id":"A-366"}},{"type":"Feature","geometry":{"type":"Point","coordinates":[90.34792900000008,23.74523500000003]},"properties":{"name":"Basilla","route_id":"A-366"}},{"type":"Feature","geometry":{"type":"Point","coordinates":[90.3640117349965,23.82799337228764]},"properties":{"name":"Mirpur-12","route_id":"A-366"}},{"type":"Feature","geometry":{"type":"Point","coordinates":[90.37303594948395,23.76019110086258]},"properties":{"name":"Asad Gate","route_id":"A-366"}},{"type":"Feature","geometry":{"type":"Point","coordinates":[90.43446200000005,23.71008000000006]},"properties":{"name":"Jatrabari","route_id":"A-368"}},{"type":"Feature","geometry":{"type":"Point","coordinates":[90.41203800000005,23.724994000000034]},"properties":{"name":"Gulistan","route_id":"A-368"}},{"type":"Feature","geometry":{"type":"Point","coordinates":[90.48067200000008,23.693759000000053]},"properties":{"name":"Signborad","route_id":"A-368"}},{"type":"Feature","geometry":{"type":"Point","coordinates":[90.41014300000006,23.730120000000053]},"properties":{"name":"Paltan","route_id":"A-368"}},{"type":"Feature","geometry":{"type":"Point","coordinates":[90.39802400000008,23.778338000000087]},"properties":{"name":"Mohakhali","route_id":"A-368"}},{"type":"Feature","geometry":{"type":"Point","coordinates":[90.40067500000004,23.794334000000045]},"properties":{"name":"Kakoli/ Banani","route_id":"A-368"}},{"type":"Feature","geometry":{"type":"Point","coordinates":[90.40799200000004,23.851166000000028]},"properties":{"name":"Airport","route_id":"A-368"}},{"type":"Feature","geometry":{"type":"Point","coordinates":[90.40116100000006,23.877466000000027]},"properties":{"name":"Abdullahpur","route_id":"A-368"}},{"type":"Feature","geometry":{"type":"Point","coordinates":[90.40042100000005,23.87458100000004]},"properties":{"name":"House Building","route_id":"A-368"}},{"type":"Feature","geometry":{"type":"Point","coordinates":[90.38861600000007,23.89116100000007]},"properties":{"name":"Kamarpara","route_id":"A-368"}},{"type":"Feature","geometry":{"type":"Point","coordinates":[90.41980500000005,23.82979000000006]},"properties":{"name":"Khilkhet","route_id":"A-368"}},{"type":"Feature","geometry":{"type":"Point","coordinates":[90.41370000000006,23.818098000000074]},"properties":{"name":"Shewra","route_id":"A-368"}},{"type":"Feature","geometry":{"type":"Point","coordinates":[90.29034100000007,23.936892000000054]},"properties":{"name":"Fantasy/ Jamgara","route_id":"A-368"}},{"type":"Feature","geometry":{"type":"Point","coordinates":[90.41228100000006,23.74572800000005]},"properties":{"name":"Mouchak Bus Stop","route_id":"A-368"}},{"type":"Feature","geometry":{"type":"Point","coordinates":[90.40863100000007,23.737496000000075]},"properties":{"name":"Kakrail","route_id":"A-368"}},{"type":"Feature","geometry":{"type":"Point","coordinates":[90.41016600000006,23.733409000000048]},"properties":{"name":"Bijoynogor","route_id":"A-368"}},{"type":"Feature","geometry":{"type":"Point","coordinates":[90.40364200000005,23.748676000000046]},"properties":{"name":"Mogbajar","route_id":"A-368"}},{"type":"Feature","geometry":{"type":"Point","coordinates":[90.39897700000006,23.75692200000003]},"properties":{"name":"Shat Rasta","route_id":"A-368"}},{"type":"Feature","geometry":{"type":"Point","coordinates":[90.490484,23.71988099999999]},"properties":{"name":"Demra Staff Quarter","route_id":"A-377"}},{"type":"Feature","geometry":{"type":"Point","coordinates":[90.444477,23.762008999999995]},"properties":{"name":"Meradia haat","route_id":"A-377"}},{"type":"Feature","geometry":{"type":"Point","coordinates":[90.42326500000001,23.768207999999994]},"properties":{"name":"Rampura","route_id":"A-377"}},{"type":"Feature","geometry":{"type":"Point","coordinates":[90.412281,23.745728]},"properties":{"name":"Mouchak Bus Stop","route_id":"A-377"}},{"type":"Feature","geometry":{"type":"Point","coordinates":[90.414262,23.744097]},"properties":{"name":"Malibagh Mor","route_id":"A-377"}},{"type":"Feature","geometry":{"type":"Point","coordinates":[90.408631,23.737496]},"properties":{"name":"Kakrail","route_id":"A-377"}},{"type":"Feature","geometry":{"type":"Point","coordinates":[90.403731,23.733704]},"properties":{"name":"Motshya Vaban","route_id":"A-377"}},{"type":"Feature","geometry":{"type":"Point","coordinates":[90.395865,23.738162]},"properties":{"name":"Shahbagh","route_id":"A-377"}},{"type":"Feature","geometry":{"type":"Point","coordinates":[90.38349500000001,23.738865]},"properties":{"name":"Science Lab","route_id":"A-377"}},{"type":"Feature","geometry":{"type":"Point","coordinates":[90.375717,23.738715]},"properties":{"name":"Jigatola","route_id":"A-377"}},{"type":"Feature","geometry":{"type":"Point","coordinates":[90.372701,23.744203]},"properties":{"name":"Dhanmondi 15","route_id":"A-377"}},{"type":"Feature","geometry":{"type":"Point","coordinates":[90.368315,23.750645]},"properties":{"name":"Shankar","route_id":"A-377"}},{"type":"Feature","geometry":{"type":"Point","coordinates":[90.36128,23.757075000000004]},"properties":{"name":"Mohammadpur Bus Stand","route_id":"A-377"}},{"type":"Feature","geometry":{"type":"Point","coordinates":[90.356485,23.755941999999997]},"properties":{"name":"Beribad","route_id":"A-377"}},{"type":"Feature","geometry":{"type":"Point","coordinates":[90.339406,23.783002999999997]},"properties":{"name":"Gabtoli","route_id":"A-377"}},{"type":"Feature","geometry":{"type":"Point","coordinates":[90.257331,23.847281999999996]},"properties":{"name":"Savar","route_id":"A-377"}},{"type":"Feature","geometry":{"type":"Point","coordinates":[90.25852,23.913579]},"properties":{"name":"Nabinagar","route_id":"A-377"}},{"type":"Feature","geometry":{"type":"Point","coordinates":[90.41203800000005,23.724994000000034]},"properties":{"name":"Gulistan","route_id":"A-381"}},{"type":"Feature","geometry":{"type":"Point","coordinates":[90.49048400000004,23.719881000000044]},"properties":{"name":"Demra Staff Quarter","route_id":"A-381"}},{"type":"Feature","geometry":{"type":"Point","coordinates":[90.56515100000007,23.784692000000064]},"properties":{"name":"Vulta","route_id":"A-381"}},{"type":"Feature","geometry":{"type":"Point","coordinates":[90.54006300000003,23.746476000000023]},"properties":{"name":"Borpa","route_id":"A-381"}},{"type":"Feature","geometry":{"type":"Point","coordinates":[90.52513700000009,23.74005200000004]},"properties":{"name":"Rupshi","route_id":"A-381"}},{"type":"Feature","geometry":{"type":"Point","coordinates":[90.48067200000008,23.693759000000053]},"properties":{"name":"Signborad","route_id":"A-384"}},{"type":"Feature","geometry":{"type":"Point","coordinates":[90.38630500000005,23.726906000000035]},"properties":{"name":"Azimpur","route_id":"A-384"}},{"type":"Feature","geometry":{"type":"Point","coordinates":[90.38454500000006,23.734260000000056]},"properties":{"name":"New Market/ Gausia","route_id":"A-384"}},{"type":"Feature","geometry":{"type":"Point","coordinates":[90.40027700000007,23.723861000000053]},"properties":{"name":"Chankharpul","route_id":"A-384"}},{"type":"Feature","geometry":{"type":"Point","coordinates":[90.33940600000005,23.783003000000065]},"properties":{"name":"Gabtoli","route_id":"A-384"}},{"type":"Feature","geometry":{"type":"Point","coordinates":[90.25733100000008,23.847282000000064]},"properties":{"name":"Savar","route_id":"A-384"}},{"type":"Feature","geometry":{"type":"Point","coordinates":[90.27420100000006,23.950728000000026]},"properties":{"name":"EPZ","route_id":"A-384"}},{"type":"Feature","geometry":{"type":"Point","coordinates":[90.24190400000003,24.03133100000002]},"properties":{"name":"Nandan Park","route_id":"A-384"}},{"type":"Feature","geometry":{"type":"Point","coordinates":[90.25485000000003,23.99546300000003]},"properties":{"name":"Zirani","route_id":"A-384"}},{"type":"Feature","geometry":{"type":"Point","coordinates":[90.25852000000003,23.913579000000027]},"properties":{"name":"Nabinagar","route_id":"A-384"}},{"type":"Feature","geometry":{"type":"Point","coordinates":[90.37789900000008,23.823029000000073]},"properties":{"name":"Kalshi","route_id":"A-386"}},{"type":"Feature","geometry":{"type":"Point","coordinates":[90.36859400000003,23.807091000000067]},"properties":{"name":"Mirpur 10","route_id":"A-386"}},{"type":"Feature","geometry":{"type":"Point","coordinates":[90.35174000000006,23.781662000000036]},"properties":{"name":"Technical Mor","route_id":"A-386"}},{"type":"Feature","geometry":{"type":"Point","coordinates":[90.35326400000008,23.798568000000042]},"properties":{"name":"Mirpur 1","route_id":"A-386"}},{"type":"Feature","geometry":{"type":"Point","coordinates":[90.39330500000005,23.82257800000008]},"properties":{"name":"ECB Chattar","route_id":"A-386"}},{"type":"Feature","geometry":{"type":"Point","coordinates":[90.26972300000006,23.93808900000004]},"properties":{"name":"Baipail","route_id":"A-386"}},{"type":"Feature","geometry":{"type":"Point","coordinates":[90.42007300000006,23.82014100000003]},"properties":{"name":"Kuril","route_id":"A-386"}},{"type":"Feature","geometry":{"type":"Point","coordinates":[90.42326500000007,23.768208000000072]},"properties":{"name":"Rampura","route_id":"A-386"}},{"type":"Feature","geometry":{"type":"Point","coordinates":[90.42122900000004,23.81189100000006]},"properties":{"name":"Bashundhara/ Jamuna Future Park","route_id":"A-386"}},{"type":"Feature","geometry":{"type":"Point","coordinates":[90.43119500000007,23.76380600000005]},"properties":{"name":"Banasree Idea","route_id":"A-386"}},{"type":"Feature","geometry":{"type":"Point","coordinates":[90.44447700000006,23.762009000000035]},"properties":{"name":"Meradia haat","route_id":"A-386"}},{"type":"Feature","geometry":{"type":"Point","coordinates":[90.33940600000005,23.783003000000065]},"properties":{"name":"Gabtoli","route_id":"A-386"}},{"type":"Feature","geometry":{"type":"Point","coordinates":[90.27094600000004,23.79319800000008]},"properties":{"name":"Hemayetpur","route_id":"A-386"}},{"type":"Feature","geometry":{"type":"Point","coordinates":[90.25733100000008,23.847282000000064]},"properties":{"name":"Savar","route_id":"A-386"}},{"type":"Feature","geometry":{"type":"Point","coordinates":[90.27420100000006,23.950728000000026]},"properties":{"name":"EPZ","route_id":"A-386"}},{"type":"Feature","geometry":{"type":"Point","coordinates":[90.24190400000003,24.03133100000002]},"properties":{"name":"Nandan Park","route_id":"A-386"}},{"type":"Feature","geometry":{"type":"Point","coordinates":[90.25852000000003,23.913579000000027]},"properties":{"name":"Nabinagar","route_id":"A-386"}},{"type":"Feature","geometry":{"type":"Point","coordinates":[90.49048400000004,23.719881000000044]},"properties":{"name":"Demra Staff Quarter","route_id":"A-386"}},{"type":"Feature","geometry":{"type":"Point","coordinates":[90.54658000000006,23.690329000000077]},"properties":{"name":"Madanpur","route_id":"A-386"}},{"type":"Feature","geometry":{"type":"Point","coordinates":[90.51362400000005,23.72496600000005]},"properties":{"name":"Tarabo Bisshoroad","route_id":"A-386"}},{"type":"Feature","geometry":{"type":"Point","coordinates":[90.52168781800003,23.705890512000053]},"properties":{"name":"kanchpur","route_id":"A-386"}},{"type":"Feature","geometry":{"type":"Point","coordinates":[90.41203800000005,23.724994000000034]},"properties":{"name":"Gulistan","route_id":"A-406"}},{"type":"Feature","geometry":{"type":"Point","coordinates":[90.52153800000008,23.705858000000042]},"properties":{"name":"Kanchpur","route_id":"A-406"}},{"type":"Feature","geometry":{"type":"Point","coordinates":[90.39586500000007,23.738162000000045]},"properties":{"name":"Shahbagh","route_id":"A-406"}},{"type":"Feature","geometry":{"type":"Point","coordinates":[90.44964702007513,23.70309262960734]},"properties":{"name":"Sonir Akhra","route_id":"A-406"}},{"type":"Feature","geometry":{"type":"Point","coordinates":[90.40736700000008,23.730029000000055]},"properties":{"name":"Press Club","route_id":"A-406"}},{"type":"Feature","geometry":{"type":"Point","coordinates":[90.41072000000008,23.72493200000002]},"properties":{"name":"Gulistan Majar/ Golap Shah Majar","route_id":"A-406"}},{"type":"Feature","geometry":{"type":"Point","coordinates":[90.38349500000004,23.738865000000033]},"properties":{"name":"Science Lab","route_id":"A-406"}},{"type":"Feature","geometry":{"type":"Point","coordinates":[90.45745500000004,23.699330000000035]},"properties":{"name":"Rayerbagh","route_id":"A-406"}},{"type":"Feature","geometry":{"type":"Point","coordinates":[90.36128000000008,23.757075000000047]},"properties":{"name":"Mohammadpur Bus Stand","route_id":"A-406"}},{"type":"Feature","geometry":{"type":"Point","coordinates":[90.37571700000007,23.738715000000067]},"properties":{"name":"Jigatola","route_id":"A-406"}},{"type":"Feature","geometry":{"type":"Point","coordinates":[90.36831500000005,23.750645000000077]},"properties":{"name":"Shankar","route_id":"A-406"}},{"type":"Feature","geometry":{"type":"Point","coordinates":[90.37270100000006,23.74420300000003]},"properties":{"name":"Dhanmondi 15","route_id":"A-406"}},{"type":"Feature","geometry":{"type":"Point","coordinates":[90.33540100000005,23.73359000000005]},"properties":{"name":"Ghatarchar","route_id":"A-406"}},{"type":"Feature","geometry":{"type":"Point","coordinates":[90.34792900000008,23.74523500000003]},"properties":{"name":"Basilla","route_id":"A-406"}},{"type":"Feature","geometry":{"type":"Point","coordinates":[90.59485400000005,23.635919000000058]},"properties":{"name":"Mograpara Bus Stand/ Sonargaon","route_id":"A-406"}},{"type":"Feature","geometry":{"type":"Point","coordinates":[90.48067200000008,23.693759000000053]},"properties":{"name":"Signborad","route_id":"A-412"}},{"type":"Feature","geometry":{"type":"Point","coordinates":[90.36859400000003,23.807091000000067]},"properties":{"name":"Mirpur 10","route_id":"A-412"}},{"type":"Feature","geometry":{"type":"Point","coordinates":[90.37205000000006,23.799127000000052]},"properties":{"name":"Kazipara","route_id":"A-412"}},{"type":"Feature","geometry":{"type":"Point","coordinates":[90.37551400000007,23.790915000000037]},"properties":{"name":"Shewrapara","route_id":"A-412"}},{"type":"Feature","geometry":{"type":"Point","coordinates":[90.38996700000007,23.758521000000027]},"properties":{"name":"Farmgate","route_id":"A-412"}},{"type":"Feature","geometry":{"type":"Point","coordinates":[90.39586500000007,23.738162000000045]},"properties":{"name":"Shahbagh","route_id":"A-412"}},{"type":"Feature","geometry":{"type":"Point","coordinates":[90.41014300000006,23.730120000000053]},"properties":{"name":"Paltan","route_id":"A-412"}},{"type":"Feature","geometry":{"type":"Point","coordinates":[90.41054600000007,23.727658000000076]},"properties":{"name":"Zero Point/ GPO Box","route_id":"A-412"}},{"type":"Feature","geometry":{"type":"Point","coordinates":[90.35529000000008,23.79989000000006]},"properties":{"name":"Sony Cinema","route_id":"A-412"}},{"type":"Feature","geometry":{"type":"Point","coordinates":[90.34847500000006,23.811363000000025]},"properties":{"name":"Mirpur Zoo","route_id":"A-412"}},{"type":"Feature","geometry":{"type":"Point","coordinates":[90.37298300000003,23.760172000000065]},"properties":{"name":"Asadgate","route_id":"A-414"}},{"type":"Feature","geometry":{"type":"Point","coordinates":[90.36557500000004,23.774914000000027]},"properties":{"name":"Shyamoli","route_id":"A-414"}},{"type":"Feature","geometry":{"type":"Point","coordinates":[90.35174000000006,23.781662000000036]},"properties":{"name":"Technical Mor","route_id":"A-414"}},{"type":"Feature","geometry":{"type":"Point","coordinates":[90.35375100000005,23.79106200000006]},"properties":{"name":"Ansar Camp","route_id":"A-414"}},{"type":"Feature","geometry":{"type":"Point","coordinates":[90.35326400000008,23.798568000000042]},"properties":{"name":"Mirpur 1","route_id":"A-414"}},{"type":"Feature","geometry":{"type":"Point","coordinates":[90.36102600000004,23.778049000000067]},"properties":{"name":"Kallyanpur","route_id":"A-414"}},{"type":"Feature","geometry":{"type":"Point","coordinates":[90.34843000000006,23.795153000000038]},"properties":{"name":"Diyabari Mor","route_id":"A-414"}},{"type":"Feature","geometry":{"type":"Point","coordinates":[90.40116100000006,23.877466000000027]},"properties":{"name":"Abdullahpur","route_id":"A-414"}},{"type":"Feature","geometry":{"type":"Point","coordinates":[90.40042100000005,23.87458100000004]},"properties":{"name":"House Building","route_id":"A-414"}},{"type":"Feature","geometry":{"type":"Point","coordinates":[90.38861600000007,23.89116100000007]},"properties":{"name":"Kamarpara","route_id":"A-414"}},{"type":"Feature","geometry":{"type":"Point","coordinates":[90.36182900000006,23.892176000000063]},"properties":{"name":"Dhour","route_id":"A-414"}},{"type":"Feature","geometry":{"type":"Point","coordinates":[90.36128000000008,23.757075000000047]},"properties":{"name":"Mohammadpur Bus Stand","route_id":"A-414"}},{"type":"Feature","geometry":{"type":"Point","coordinates":[90.33540100000005,23.73359000000005]},"properties":{"name":"Ghatarchar","route_id":"A-414"}},{"type":"Feature","geometry":{"type":"Point","coordinates":[90.34792900000008,23.74523500000003]},"properties":{"name":"Basilla","route_id":"A-414"}},{"type":"Feature","geometry":{"type":"Point","coordinates":[90.34085008130472,23.85049427235793]},"properties":{"name":"Beribad","route_id":"A-414"}},{"type":"Feature","geometry":{"type":"Point","coordinates":[90.36750000000006,23.869571000000075]},"properties":{"name":"Diyabari, Uttara","route_id":"A-414"}},{"type":"Feature","geometry":{"type":"Point","coordinates":[89.872075,23.851633]},"properties":{"name":"Horirampur","route_id":"A-416"}},{"type":"Feature","geometry":{"type":"Point","coordinates":[90.106078,23.660785999999998]},"properties":{"name":"Bandura","route_id":"A-416"}},{"type":"Feature","geometry":{"type":"Point","coordinates":[90.132574,23.653658000000004]},"properties":{"name":"Majhir Kanda","route_id":"A-416"}},{"type":"Feature","geometry":{"type":"Point","coordinates":[90.162032,23.661130000000004]},"properties":{"name":"Nawabganj","route_id":"A-416"}},{"type":"Feature","geometry":{"type":"Point","coordinates":[90.19444,23.656919000000002]},"properties":{"name":"Komorganj","route_id":"A-416"}},{"type":"Feature","geometry":{"type":"Point","coordinates":[90.209407,23.642199000000005]},"properties":{"name":"Tikarpur","route_id":"A-416"}},{"type":"Feature","geometry":{"type":"Point","coordinates":[90.397519,23.701161]},"properties":{"name":"Kodomtoli","route_id":"A-416"}},{"type":"Feature","geometry":{"type":"Point","coordinates":[90.402278,23.709808]},"properties":{"name":"Babu Bazar","route_id":"A-416"}},{"type":"Feature","geometry":{"type":"Point","coordinates":[90.412038,23.724994000000002]},"properties":{"name":"Gulistan","route_id":"A-416"}},{"type":"Feature","geometry":{"type":"Point","coordinates":[90.395865,23.738162]},"properties":{"name":"Shahbagh","route_id":"A-416"}},{"type":"Feature","geometry":{"type":"Point","coordinates":[90.38349500000001,23.738865]},"properties":{"name":"Science Lab","route_id":"A-416"}},{"type":"Feature","geometry":{"type":"Point","coordinates":[90.365575,23.774913999999995]},"properties":{"name":"Shyamoli","route_id":"A-416"}},{"type":"Feature","geometry":{"type":"Point","coordinates":[90.353264,23.798568]},"properties":{"name":"Mirpur 1","route_id":"A-416"}},{"type":"Feature","geometry":{"type":"Point","coordinates":[90.348475,23.811363]},"properties":{"name":"Mirpur Zoo","route_id":"A-416"}},{"type":"Feature","geometry":{"type":"Point","coordinates":[90.43446200000005,23.71008000000006]},"properties":{"name":"Jatrabari","route_id":"A-421"}},{"type":"Feature","geometry":{"type":"Point","coordinates":[90.42824300000008,23.712643000000064]},"properties":{"name":"Saydabad Janapath Mor","route_id":"A-421"}},{"type":"Feature","geometry":{"type":"Point","coordinates":[90.48067200000008,23.693759000000053]},"properties":{"name":"Signborad","route_id":"A-421"}},{"type":"Feature","geometry":{"type":"Point","coordinates":[90.38996700000007,23.758521000000027]},"properties":{"name":"Farmgate","route_id":"A-421"}},{"type":"Feature","geometry":{"type":"Point","coordinates":[90.39464100000004,23.74589300000002]},"properties":{"name":"Bangla Motor","route_id":"A-421"}},{"type":"Feature","geometry":{"type":"Point","coordinates":[90.37298300000003,23.760172000000065]},"properties":{"name":"Asadgate","route_id":"A-421"}},{"type":"Feature","geometry":{"type":"Point","coordinates":[90.36102600000004,23.778049000000067]},"properties":{"name":"Kallyanpur","route_id":"A-421"}},{"type":"Feature","geometry":{"type":"Point","coordinates":[90.42848100000003,23.73124000000007]},"properties":{"name":"Mugda","route_id":"A-421"}},{"type":"Feature","geometry":{"type":"Point","coordinates":[90.42659300000008,23.74422700000002]},"properties":{"name":"Khilgaon Railgate","route_id":"A-421"}},{"type":"Feature","geometry":{"type":"Point","coordinates":[90.41426200000006,23.744097000000068]},"properties":{"name":"Malibagh Mor","route_id":"A-421"}},{"type":"Feature","geometry":{"type":"Point","coordinates":[90.40364200000005,23.748676000000046]},"properties":{"name":"Mogbajar","route_id":"A-421"}},{"type":"Feature","geometry":{"type":"Point","coordinates":[90.33940600000005,23.783003000000065]},"properties":{"name":"Gabtoli","route_id":"A-421"}},{"type":"Feature","geometry":{"type":"Point","coordinates":[90.25733100000008,23.847282000000064]},"properties":{"name":"Savar","route_id":"A-421"}},{"type":"Feature","geometry":{"type":"Point","coordinates":[90.25852000000003,23.913579000000027]},"properties":{"name":"Nabinagar","route_id":"A-421"}},{"type":"Feature","geometry":{"type":"Point","coordinates":[90.41986600000007,23.739979000000066]},"properties":{"name":"Rajarbagh/ Shahjahanpur","route_id":"A-421"}},{"type":"Feature","geometry":{"type":"Point","coordinates":[90.41014300000006,23.730120000000053]},"properties":{"name":"Paltan","route_id":"A-430"}},{"type":"Feature","geometry":{"type":"Point","coordinates":[90.41072000000008,23.72493200000002]},"properties":{"name":"Gulistan Majar/ Golap Shah Majar","route_id":"A-430"}},{"type":"Feature","geometry":{"type":"Point","coordinates":[90.40799200000004,23.851166000000028]},"properties":{"name":"Airport","route_id":"A-430"}},{"type":"Feature","geometry":{"type":"Point","coordinates":[90.40042100000005,23.87458100000004]},"properties":{"name":"House Building","route_id":"A-430"}},{"type":"Feature","geometry":{"type":"Point","coordinates":[90.41980500000005,23.82979000000006]},"properties":{"name":"Khilkhet","route_id":"A-430"}},{"type":"Feature","geometry":{"type":"Point","coordinates":[90.40227800000008,23.709808000000063]},"properties":{"name":"Babu Bazar","route_id":"A-430"}},{"type":"Feature","geometry":{"type":"Point","coordinates":[90.39003700000008,23.66342400000008]},"properties":{"name":"Keraniganj Jailkhana/ Rajendrapur","route_id":"A-430"}},{"type":"Feature","geometry":{"type":"Point","coordinates":[90.39751900000005,23.701161000000063]},"properties":{"name":"Kodomtoli","route_id":"A-430"}},{"type":"Feature","geometry":{"type":"Point","coordinates":[90.40147600000006,23.688282000000065]},"properties":{"name":"Chunkutia","route_id":"A-430"}},{"type":"Feature","geometry":{"type":"Point","coordinates":[90.41228100000006,23.74572800000005]},"properties":{"name":"Mouchak Bus Stop","route_id":"A-430"}},{"type":"Feature","geometry":{"type":"Point","coordinates":[90.40863100000007,23.737496000000075]},"properties":{"name":"Kakrail","route_id":"A-430"}},{"type":"Feature","geometry":{"type":"Point","coordinates":[90.41426200000006,23.744097000000068]},"properties":{"name":"Malibagh Mor","route_id":"A-430"}},{"type":"Feature","geometry":{"type":"Point","coordinates":[90.42007300000006,23.82014100000003]},"properties":{"name":"Kuril","route_id":"A-430"}},{"type":"Feature","geometry":{"type":"Point","coordinates":[90.42346600000008,23.797688000000047]},"properties":{"name":"Notun Bazar","route_id":"A-430"}},{"type":"Feature","geometry":{"type":"Point","coordinates":[90.42326500000007,23.768208000000072]},"properties":{"name":"Rampura","route_id":"A-430"}},{"type":"Feature","geometry":{"type":"Point","coordinates":[90.42563500000006,23.780618000000054]},"properties":{"name":"Badda","route_id":"A-430"}},{"type":"Feature","geometry":{"type":"Point","coordinates":[90.34913000000006,23.64627000000007]},"properties":{"name":"Bhawar Viti","route_id":"A-430"}},{"type":"Feature","geometry":{"type":"Point","coordinates":[90.35903900000005,23.66041500000006]},"properties":{"name":"Abdullahpur, Kalakandi","route_id":"A-430"}},{"type":"Feature","geometry":{"type":"Point","coordinates":[90.36750000000006,23.869571000000075]},"properties":{"name":"Diyabari, Uttara","route_id":"A-430"}},{"type":"Feature","geometry":{"type":"Point","coordinates":[90.41072500000007,23.72297500000008]},"properties":{"name":"Fulbaria","route_id":"A-431"}},{"type":"Feature","geometry":{"type":"Point","coordinates":[90.40863500000006,23.71449600000005]},"properties":{"name":"Noyabazar/ Tati Bazar","route_id":"A-431"}},{"type":"Feature","geometry":{"type":"Point","coordinates":[90.38349500000004,23.738865000000033]},"properties":{"name":"Science Lab","route_id":"A-431"}},{"type":"Feature","geometry":{"type":"Point","coordinates":[90.37298300000003,23.760172000000065]},"properties":{"name":"Asadgate","route_id":"A-431"}},{"type":"Feature","geometry":{"type":"Point","coordinates":[90.38630500000005,23.726906000000035]},"properties":{"name":"Azimpur","route_id":"A-431"}},{"type":"Feature","geometry":{"type":"Point","coordinates":[90.35174000000006,23.781662000000036]},"properties":{"name":"Technical Mor","route_id":"A-431"}},{"type":"Feature","geometry":{"type":"Point","coordinates":[90.40027700000007,23.723861000000053]},"properties":{"name":"Chankharpul","route_id":"A-431"}},{"type":"Feature","geometry":{"type":"Point","coordinates":[90.35326400000008,23.798568000000042]},"properties":{"name":"Mirpur 1","route_id":"A-431"}},{"type":"Feature","geometry":{"type":"Point","coordinates":[90.34847500000006,23.811363000000025]},"properties":{"name":"Mirpur Zoo","route_id":"A-431"}},{"type":"Feature","geometry":{"type":"Point","coordinates":[90.40227800000008,23.709808000000063]},"properties":{"name":"Babu Bazar","route_id":"A-431"}},{"type":"Feature","geometry":{"type":"Point","coordinates":[90.39751900000005,23.701161000000063]},"properties":{"name":"Kodomtoli","route_id":"A-431"}},{"type":"Feature","geometry":{"type":"Point","coordinates":[90.34501000000006,23.69797500000004]},"properties":{"name":"Konakhola","route_id":"A-431"}},{"type":"Feature","geometry":{"type":"Point","coordinates":[90.30794600000007,23.685494000000066]},"properties":{"name":"Ruhitpur","route_id":"A-431"}},{"type":"Feature","geometry":{"type":"Point","coordinates":[90.19444000000006,23.65691900000007]},"properties":{"name":"Komorganj","route_id":"A-431"}},{"type":"Feature","geometry":{"type":"Point","coordinates":[90.20940700000006,23.64219900000006]},"properties":{"name":"Tikarpur","route_id":"A-431"}},{"type":"Feature","geometry":{"type":"Point","coordinates":[90.10607800000008,23.660786000000027]},"properties":{"name":"Bandura","route_id":"A-431"}},{"type":"Feature","geometry":{"type":"Point","coordinates":[90.06615100000005,23.67543300000006]},"properties":{"name":"Baruakhali","route_id":"A-431"}},{"type":"Feature","geometry":{"type":"Point","coordinates":[90.41072000000008,23.72493200000002]},"properties":{"name":"Gulistan Majar/ Golap Shah Majar","route_id":"A-436"}},{"type":"Feature","geometry":{"type":"Point","coordinates":[90.41099500000007,23.70794600000005]},"properties":{"name":"Jagannath University/ Sadarghat","route_id":"A-436"}},{"type":"Feature","geometry":{"type":"Point","coordinates":[90.40799200000004,23.851166000000028]},"properties":{"name":"Airport","route_id":"A-436"}},{"type":"Feature","geometry":{"type":"Point","coordinates":[90.40116100000006,23.877466000000027]},"properties":{"name":"Abdullahpur","route_id":"A-436"}},{"type":"Feature","geometry":{"type":"Point","coordinates":[90.36182900000006,23.892176000000063]},"properties":{"name":"Dhour","route_id":"A-436"}},{"type":"Feature","geometry":{"type":"Point","coordinates":[90.33121700000005,23.897596000000078]},"properties":{"name":"Ashulia","route_id":"A-436"}},{"type":"Feature","geometry":{"type":"Point","coordinates":[90.26972300000006,23.93808900000004]},"properties":{"name":"Baipail","route_id":"A-436"}},{"type":"Feature","geometry":{"type":"Point","coordinates":[90.31897600000008,23.91306600000008]},"properties":{"name":"Zirabo","route_id":"A-436"}},{"type":"Feature","geometry":{"type":"Point","coordinates":[90.40863100000007,23.737496000000075]},"properties":{"name":"Kakrail","route_id":"A-436"}},{"type":"Feature","geometry":{"type":"Point","coordinates":[90.41426200000006,23.744097000000068]},"properties":{"name":"Malibagh Mor","route_id":"A-436"}},{"type":"Feature","geometry":{"type":"Point","coordinates":[90.42007300000006,23.82014100000003]},"properties":{"name":"Kuril","route_id":"A-436"}},{"type":"Feature","geometry":{"type":"Point","coordinates":[90.42326500000007,23.768208000000072]},"properties":{"name":"Rampura","route_id":"A-436"}},{"type":"Feature","geometry":{"type":"Point","coordinates":[90.41203800000005,23.724994000000034]},"properties":{"name":"Gulistan","route_id":"A-439"}},{"type":"Feature","geometry":{"type":"Point","coordinates":[90.39586500000007,23.738162000000045]},"properties":{"name":"Shahbagh","route_id":"A-439"}},{"type":"Feature","geometry":{"type":"Point","coordinates":[90.38349500000004,23.738865000000033]},"properties":{"name":"Science Lab","route_id":"A-439"}},{"type":"Feature","geometry":{"type":"Point","coordinates":[90.42161500000003,23.72660500000006]},"properties":{"name":"Motijheel/ Shapla Chottor/ Bangladesh Bank","route_id":"A-439"}},{"type":"Feature","geometry":{"type":"Point","coordinates":[90.42522300000007,23.732350000000064]},"properties":{"name":"Kamalapur Rail Station","route_id":"A-439"}},{"type":"Feature","geometry":{"type":"Point","coordinates":[90.42353700000007,23.748031000000026]},"properties":{"name":"Khilgaon","route_id":"A-439"}},{"type":"Feature","geometry":{"type":"Point","coordinates":[90.42848100000003,23.73124000000007]},"properties":{"name":"Mugda","route_id":"A-439"}},{"type":"Feature","geometry":{"type":"Point","coordinates":[90.42752100000007,23.73978600000003]},"properties":{"name":"Basabo","route_id":"A-439"}},{"type":"Feature","geometry":{"type":"Point","coordinates":[90.42659300000008,23.74422700000002]},"properties":{"name":"Khilgaon Railgate","route_id":"A-439"}},{"type":"Feature","geometry":{"type":"Point","coordinates":[90.36128000000008,23.757075000000047]},"properties":{"name":"Mohammadpur Bus Stand","route_id":"A-439"}},{"type":"Feature","geometry":{"type":"Point","coordinates":[90.37571700000007,23.738715000000067]},"properties":{"name":"Jigatola","route_id":"A-439"}},{"type":"Feature","geometry":{"type":"Point","coordinates":[90.37270100000006,23.74420300000003]},"properties":{"name":"Dhanmondi 15","route_id":"A-439"}},{"type":"Feature","geometry":{"type":"Point","coordinates":[90.33540100000005,23.73359000000005]},"properties":{"name":"Ghatarchar","route_id":"A-439"}},{"type":"Feature","geometry":{"type":"Point","coordinates":[90.34792900000008,23.74523500000003]},"properties":{"name":"Basilla","route_id":"A-439"}},{"type":"Feature","geometry":{"type":"Point","coordinates":[90.38996700000007,23.758521000000027]},"properties":{"name":"Farmgate","route_id":"A-481"}},{"type":"Feature","geometry":{"type":"Point","coordinates":[90.39586500000007,23.738162000000045]},"properties":{"name":"Shahbagh","route_id":"A-453"}},{"type":"Feature","geometry":{"type":"Point","coordinates":[90.41072000000008,23.72493200000002]},"properties":{"name":"Gulistan Majar/ Golap Shah Majar","route_id":"A-453"}},{"type":"Feature","geometry":{"type":"Point","coordinates":[90.37298300000003,23.760172000000065]},"properties":{"name":"Asadgate","route_id":"A-453"}},{"type":"Feature","geometry":{"type":"Point","coordinates":[90.40227800000008,23.709808000000063]},"properties":{"name":"Babu Bazar","route_id":"A-453"}},{"type":"Feature","geometry":{"type":"Point","coordinates":[90.33940600000005,23.783003000000065]},"properties":{"name":"Gabtoli","route_id":"A-453"}},{"type":"Feature","geometry":{"type":"Point","coordinates":[90.27094600000004,23.79319800000008]},"properties":{"name":"Hemayetpur","route_id":"A-453"}},{"type":"Feature","geometry":{"type":"Point","coordinates":[90.25733100000008,23.847282000000064]},"properties":{"name":"Savar","route_id":"A-453"}},{"type":"Feature","geometry":{"type":"Point","coordinates":[90.23927800000007,24.04535600000002]},"properties":{"name":"Chandra","route_id":"A-453"}},{"type":"Feature","geometry":{"type":"Point","coordinates":[90.25852000000003,23.913579000000027]},"properties":{"name":"Nabinagar","route_id":"A-453"}},{"type":"Feature","geometry":{"type":"Point","coordinates":[90.28728500000005,23.465764000000036]},"properties":{"name":"Mawa Ghat","route_id":"A-453"}},{"type":"Feature","geometry":{"type":"Point","coordinates":[90.29113200000006,23.535780000000045]},"properties":{"name":"Bejgao","route_id":"A-453"}},{"type":"Feature","geometry":{"type":"Point","coordinates":[90.40067500000004,23.794334000000045]},"properties":{"name":"Kakoli/ Banani","route_id":"A-460"}},{"type":"Feature","geometry":{"type":"Point","coordinates":[90.40858008657074,23.793575326257322]},"properties":{"name":"Kamal Atituk Avenue","route_id":"A-460"}},{"type":"Feature","geometry":{"type":"Point","coordinates":[90.42346600000008,23.797688000000047]},"properties":{"name":"Notun Bazar","route_id":"A-460"}},{"type":"Feature","geometry":{"type":"Point","coordinates":[90.41422200000005,23.794851000000055]},"properties":{"name":"Gulshan 2","route_id":"A-460"}},{"type":"Feature","geometry":{"type":"Point","coordinates":[90.43446200000005,23.71008000000006]},"properties":{"name":"Jatrabari","route_id":"A-465"}},{"type":"Feature","geometry":{"type":"Point","coordinates":[90.42824300000008,23.712643000000064]},"properties":{"name":"Saydabad Janapath Mor","route_id":"A-465"}},{"type":"Feature","geometry":{"type":"Point","coordinates":[90.48067200000008,23.693759000000053]},"properties":{"name":"Signborad","route_id":"A-465"}},{"type":"Feature","geometry":{"type":"Point","coordinates":[90.428431,23.73270799999999]},"properties":{"name":"Kamalapur Rail Station","route_id":"A-465"}},{"type":"Feature","geometry":{"type":"Point","coordinates":[90.42353700000007,23.748031000000026]},"properties":{"name":"Khilgaon","route_id":"A-465"}},{"type":"Feature","geometry":{"type":"Point","coordinates":[90.42869700000006,23.724970000000045]},"properties":{"name":"TT para","route_id":"A-465"}},{"type":"Feature","geometry":{"type":"Point","coordinates":[90.40799200000004,23.851166000000028]},"properties":{"name":"Airport","route_id":"A-465"}},{"type":"Feature","geometry":{"type":"Point","coordinates":[90.40116100000006,23.877466000000027]},"properties":{"name":"Abdullahpur","route_id":"A-465"}},{"type":"Feature","geometry":{"type":"Point","coordinates":[90.38861600000007,23.89116100000007]},"properties":{"name":"Kamarpara","route_id":"A-465"}},{"type":"Feature","geometry":{"type":"Point","coordinates":[90.36182900000006,23.892176000000063]},"properties":{"name":"Dhour","route_id":"A-465"}},{"type":"Feature","geometry":{"type":"Point","coordinates":[90.42007300000006,23.82014100000003]},"properties":{"name":"Kuril","route_id":"A-465"}},{"type":"Feature","geometry":{"type":"Point","coordinates":[90.42326500000007,23.768208000000072]},"properties":{"name":"Rampura","route_id":"A-465"}},{"type":"Feature","geometry":{"type":"Point","coordinates":[90.41280100000006,23.74985600000002]},"properties":{"name":"Malibagh Railgate","route_id":"A-465"}},{"type":"Feature","geometry":{"type":"Point","coordinates":[90.42563500000006,23.780618000000054]},"properties":{"name":"Badda","route_id":"A-465"}},{"type":"Feature","geometry":{"type":"Point","coordinates":[90.41422200000005,23.794851000000055]},"properties":{"name":"Gulshan 2","route_id":"A-470"}},{"type":"Feature","geometry":{"type":"Point","coordinates":[90.41674400000005,23.780434000000064]},"properties":{"name":"Gulshan 1","route_id":"A-470"}},{"type":"Feature","geometry":{"type":"Point","coordinates":[90.416188,23.773973999999995]},"properties":{"name":"Police Plaza","route_id":"A-470"}},{"type":"Feature","geometry":{"type":"Point","coordinates":[90.41066,23.770105]},"properties":{"name":"GMG Mor","route_id":"A-470"}},{"type":"Feature","geometry":{"type":"Point","coordinates":[90.37789900000008,23.823029000000073]},"properties":{"name":"Kalshi","route_id":"A-481"}},{"type":"Feature","geometry":{"type":"Point","coordinates":[90.39586500000007,23.738162000000045]},"properties":{"name":"Shahbagh","route_id":"A-481"}},{"type":"Feature","geometry":{"type":"Point","coordinates":[90.40736700000008,23.730029000000055]},"properties":{"name":"Press Club","route_id":"A-481"}},{"type":"Feature","geometry":{"type":"Point","coordinates":[90.42161500000003,23.72660500000006]},"properties":{"name":"Motijheel","route_id":"A-481"}},{"type":"Feature","geometry":{"type":"Point","coordinates":[90.39271500000007,23.751312000000045]},"properties":{"name":"Karwan Bazar","route_id":"A-481"}},{"type":"Feature","geometry":{"type":"Point","coordinates":[90.39330500000005,23.82257800000008]},"properties":{"name":"ECB Chattar","route_id":"A-481"}},{"type":"Feature","geometry":{"type":"Point","coordinates":[90.39070200000003,23.786841000000027]},"properties":{"name":"Workshop (Shaheed Sarani)","route_id":"A-481"}},{"type":"Feature","geometry":{"type":"Point","coordinates":[90.37632900000006,23.836876000000075]},"properties":{"name":"Mirpur DOHS","route_id":"A-481"}},{"type":"Feature","geometry":{"type":"Point","coordinates":[90.36128000000008,23.757075000000047]},"properties":{"name":"Mohammadpur Bus Stand","route_id":"A-270"}},{"type":"Feature","geometry":{"type":"Point","coordinates":[90.39330500000005,23.82257800000008]},"properties":{"name":"ECB Chattar","route_id":"A-270"}},{"type":"Feature","geometry":{"type":"Point","coordinates":[90.35648500000008,23.75594200000006]},"properties":{"name":"Basila CNG","route_id":"A-270"}},{"type":"Feature","geometry":{"type":"Point","coordinates":[90.40027500000008,23.867877000000075]},"properties":{"name":"Azampur","route_id":"A-270"}},{"type":"Feature","geometry":{"type":"Point","coordinates":[90.40042100000005,23.87458100000004]},"properties":{"name":"House Building","route_id":"A-270"}},{"type":"Feature","geometry":{"type":"Point","coordinates":[90.35375100000005,23.79106200000006]},"properties":{"name":"Ansar Camp","route_id":"A-270"}},{"type":"Feature","geometry":{"type":"Point","coordinates":[90.35506800000009,23.77988900000002]},"properties":{"name":"Darussalam","route_id":"A-270"}},{"type":"Feature","geometry":{"type":"Point","coordinates":[90.41980500000005,23.82979000000006]},"properties":{"name":"Khilkhet","route_id":"A-270"}},{"type":"Feature","geometry":{"type":"Point","coordinates":[90.36731200000008,23.77304100000003]},"properties":{"name":"Shishumela","route_id":"A-270"}},{"type":"Feature","geometry":{"type":"Point","coordinates":[90.35529000000008,23.79989000000006]},"properties":{"name":"Sony Cinema","route_id":"A-270"}},{"type":"Feature","geometry":{"type":"Point","coordinates":[90.41060700000008,23.816791000000023]},"properties":{"name":"Kurmitola Hospital","route_id":"A-270"}},{"type":"Feature","geometry":{"type":"Point","coordinates":[90.36762800000008,23.810427000000054]},"properties":{"name":"Original 10","route_id":"A-270"}},{"type":"Feature","geometry":{"type":"Point","coordinates":[90.36870000000005,23.76944700000007]},"properties":{"name":"CollegeGate","route_id":"A-270"}},{"type":"Feature","geometry":{"type":"Point","coordinates":[90.36628500000006,23.75960100000004]},"properties":{"name":"Town Hall/ Asad Avenue","route_id":"A-270"}},{"type":"Feature","geometry":{"type":"Point","coordinates":[90.40008900000004,23.864396000000063]},"properties":{"name":"Rajlakshmi","route_id":"A-270"}},{"type":"Feature","geometry":{"type":"Point","coordinates":[90.36118100000004,23.80365500000004]},"properties":{"name":"Mirpur College","route_id":"A-270"}},{"type":"Feature","geometry":{"type":"Point","coordinates":[90.38240300000007,23.82218200000006]},"properties":{"name":"Matikata","route_id":"A-270"}},{"type":"Feature","geometry":{"type":"Point","coordinates":[90.40076697708808,23.880635925575447]},"properties":{"name":"Abdullahpur","route_id":"A-270"}},{"type":"Feature","geometry":{"type":"Point","coordinates":[90.38861959759976,23.89128870699469]},"properties":{"name":"Kamarpara","route_id":"A-270"}},{"type":"Feature","geometry":{"type":"Point","coordinates":[90.37789900000008,23.823029000000073]},"properties":{"name":"Kalshi","route_id":"A-271"}},{"type":"Feature","geometry":{"type":"Point","coordinates":[90.39330500000005,23.82257800000008]},"properties":{"name":"ECB Chattar","route_id":"A-271"}},{"type":"Feature","geometry":{"type":"Point","coordinates":[90.33940600000005,23.783003000000065]},"properties":{"name":"Gabtoli","route_id":"A-271"}},{"type":"Feature","geometry":{"type":"Point","coordinates":[90.40799200000004,23.851166000000028]},"properties":{"name":"Airport","route_id":"A-271"}},{"type":"Feature","geometry":{"type":"Point","coordinates":[90.38185000000004,23.98960300000004]},"properties":{"name":"Gazipur Chourasta","route_id":"A-271"}},{"type":"Feature","geometry":{"type":"Point","coordinates":[90.35174000000006,23.781662000000036]},"properties":{"name":"Technical Mor","route_id":"A-271"}},{"type":"Feature","geometry":{"type":"Point","coordinates":[90.38273600000008,23.945002000000034]},"properties":{"name":"Board bazar","route_id":"A-271"}},{"type":"Feature","geometry":{"type":"Point","coordinates":[90.40116100000006,23.877466000000027]},"properties":{"name":"Abdullahpur","route_id":"A-271"}},{"type":"Feature","geometry":{"type":"Point","coordinates":[90.35326400000008,23.798568000000042]},"properties":{"name":"Mirpur 1","route_id":"A-271"}},{"type":"Feature","geometry":{"type":"Point","coordinates":[90.36343100000005,23.805058000000027]},"properties":{"name":"Mirpur 2/ Mirpur Thana","route_id":"A-271"}},{"type":"Feature","geometry":{"type":"Point","coordinates":[90.36610100000007,23.815859000000042]},"properties":{"name":"Mirpur 11","route_id":"A-271"}},{"type":"Feature","geometry":{"type":"Point","coordinates":[90.36859400000003,23.807091000000067]},"properties":{"name":"Mirpur 10","route_id":"A-271"}},{"type":"Feature","geometry":{"type":"Point","coordinates":[90.41980500000005,23.82979000000006]},"properties":{"name":"Khilkhet","route_id":"A-271"}},{"type":"Feature","geometry":{"type":"Point","coordinates":[90.38240300000007,23.82218200000006]},"properties":{"name":"Matikata","route_id":"A-271"}},{"type":"Feature","geometry":{"type":"Point","coordinates":[90.44447700000006,23.762009000000035]},"properties":{"name":"Meradia haat","route_id":"A-273"}},{"type":"Feature","geometry":{"type":"Point","coordinates":[90.41674400000005,23.780434000000064]},"properties":{"name":"Gulshan 1","route_id":"A-273"}},{"type":"Feature","geometry":{"type":"Point","coordinates":[90.37789900000008,23.82302900000007]},"properties":{"name":"Kalshi","route_id":"A-273"}},{"type":"Feature","geometry":{"type":"Point","coordinates":[90.39330500000005,23.822578000000085]},"properties":{"name":"ECB Chattar","route_id":"A-273"}},{"type":"Feature","geometry":{"type":"Point","coordinates":[90.33940600000005,23.783003000000065]},"properties":{"name":"Gabtoli","route_id":"A-273"}},{"type":"Feature","geometry":{"type":"Point","coordinates":[90.40067500000004,23.794334000000045]},"properties":{"name":"Kakoli/ Banani","route_id":"A-273"}},{"type":"Feature","geometry":{"type":"Point","coordinates":[90.35174000000006,23.781662000000036]},"properties":{"name":"Technical Mor","route_id":"A-273"}},{"type":"Feature","geometry":{"type":"Point","coordinates":[90.35326400000008,23.798568000000042]},"properties":{"name":"Mirpur 1","route_id":"A-273"}},{"type":"Feature","geometry":{"type":"Point","coordinates":[90.36343100000005,23.805058000000027]},"properties":{"name":"Mirpur 2/ Mirpur Thana","route_id":"A-273"}},{"type":"Feature","geometry":{"type":"Point","coordinates":[90.36610100000007,23.815859000000042]},"properties":{"name":"Mirpur 11","route_id":"A-273"}},{"type":"Feature","geometry":{"type":"Point","coordinates":[90.36859400000003,23.807091000000067]},"properties":{"name":"Mirpur 10","route_id":"A-273"}},{"type":"Feature","geometry":{"type":"Point","coordinates":[90.40360500000008,23.811572000000066]},"properties":{"name":"Staff Road","route_id":"A-273"}},{"type":"Feature","geometry":{"type":"Point","coordinates":[90.42326500000007,23.768208000000072]},"properties":{"name":"Rampura","route_id":"A-273"}},{"type":"Feature","geometry":{"type":"Point","coordinates":[90.42563500000006,23.780618000000054]},"properties":{"name":"Badda","route_id":"A-273"}},{"type":"Feature","geometry":{"type":"Point","coordinates":[90.36540700000006,23.81903600000004]},"properties":{"name":"Purobi","route_id":"A-273"}},{"type":"Feature","geometry":{"type":"Point","coordinates":[90.38240300000007,23.82218200000006]},"properties":{"name":"Matikata","route_id":"A-273"}},{"type":"Feature","geometry":{"type":"Point","coordinates":[90.40998100000007,23.780306000000046]},"properties":{"name":"TB Gate Mohakhali","route_id":"A-273"}},{"type":"Feature","geometry":{"type":"Point","coordinates":[90.41674400000005,23.780434000000064]},"properties":{"name":"Gulshan 1","route_id":"A-278"}},{"type":"Feature","geometry":{"type":"Point","coordinates":[90.40013300000004,23.79060100000004]},"properties":{"name":"Shainik Club","route_id":"A-278"}},{"type":"Feature","geometry":{"type":"Point","coordinates":[90.35326400000008,23.798568000000042]},"properties":{"name":"Mirpur 1","route_id":"A-278"}},{"type":"Feature","geometry":{"type":"Point","coordinates":[90.36343100000005,23.805058000000027]},"properties":{"name":"Mirpur 2/ Mirpur Thana","route_id":"A-278"}},{"type":"Feature","geometry":{"type":"Point","coordinates":[90.38726300000008,23.798452000000054]},"properties":{"name":"Mirpur 14","route_id":"A-278"}},{"type":"Feature","geometry":{"type":"Point","coordinates":[90.36859400000003,23.807091000000067]},"properties":{"name":"Mirpur 10","route_id":"A-278"}},{"type":"Feature","geometry":{"type":"Point","coordinates":[90.42346600000008,23.797688000000047]},"properties":{"name":"Notun Bazar","route_id":"A-278"}},{"type":"Feature","geometry":{"type":"Point","coordinates":[90.40411100000006,23.780800000000056]},"properties":{"name":"Titumir College","route_id":"A-278"}},{"type":"Feature","geometry":{"type":"Point","coordinates":[90.42563500000006,23.780618000000054]},"properties":{"name":"Badda","route_id":"A-278"}},{"type":"Feature","geometry":{"type":"Point","coordinates":[90.47651600000006,23.804117000000062]},"properties":{"name":"Beraid","route_id":"A-278"}},{"type":"Feature","geometry":{"type":"Point","coordinates":[90.40057166863492,23.794369684900325]},"properties":{"name":"Kakoli/ Banani","route_id":"A-278"}},{"type":"Feature","geometry":{"type":"Point","coordinates":[90.42161500000003,23.72660500000006]},"properties":{"name":"Motijheel/ Shapla Chottor/ Bangladesh Bank","route_id":"A-280"}},{"type":"Feature","geometry":{"type":"Point","coordinates":[90.37789900000008,23.82302900000007]},"properties":{"name":"Kalshi","route_id":"A-280"}},{"type":"Feature","geometry":{"type":"Point","coordinates":[90.39330500000005,23.822578000000085]},"properties":{"name":"ECB Chattar","route_id":"A-280"}},{"type":"Feature","geometry":{"type":"Point","coordinates":[90.41203800000005,23.724994000000034]},"properties":{"name":"Gulistan","route_id":"A-280"}},{"type":"Feature","geometry":{"type":"Point","coordinates":[90.38996700000007,23.758521000000027]},"properties":{"name":"Farmgate","route_id":"A-280"}},{"type":"Feature","geometry":{"type":"Point","coordinates":[90.39586500000007,23.738162000000045]},"properties":{"name":"Shahbagh","route_id":"A-280"}},{"type":"Feature","geometry":{"type":"Point","coordinates":[90.40373100000005,23.733704000000042]},"properties":{"name":"Motshya Vaban","route_id":"A-280"}},{"type":"Feature","geometry":{"type":"Point","coordinates":[90.37632900000006,23.836876000000075]},"properties":{"name":"Mirpur DOHS","route_id":"A-280"}},{"type":"Feature","geometry":{"type":"Point","coordinates":[90.41014300000006,23.730120000000053]},"properties":{"name":"Paltan","route_id":"A-280"}},{"type":"Feature","geometry":{"type":"Point","coordinates":[90.39994100000007,23.82021900000007]},"properties":{"name":"Signal Gate","route_id":"A-280"}},{"type":"Feature","geometry":{"type":"Point","coordinates":[90.39070200000003,23.786841000000027]},"properties":{"name":"Workshop (Shaheed Sarani)","route_id":"A-280"}},{"type":"Feature","geometry":{"type":"Point","coordinates":[90.38990800000005,23.77536500000008]},"properties":{"name":"Jahangir Gate","route_id":"A-280"}},{"type":"Feature","geometry":{"type":"Point","coordinates":[90.37298300000003,23.760172000000065]},"properties":{"name":"Asadgate","route_id":"A-285"}},{"type":"Feature","geometry":{"type":"Point","coordinates":[90.36557500000004,23.774914000000027]},"properties":{"name":"Shyamoli","route_id":"A-285"}},{"type":"Feature","geometry":{"type":"Point","coordinates":[90.41072500000007,23.722975000000083]},"properties":{"name":"Fulbaria","route_id":"A-285"}},{"type":"Feature","geometry":{"type":"Point","coordinates":[90.35174000000006,23.781662000000036]},"properties":{"name":"Technical Mor","route_id":"A-285"}},{"type":"Feature","geometry":{"type":"Point","coordinates":[90.40736700000008,23.730029000000048]},"properties":{"name":"Press Club","route_id":"A-285"}},{"type":"Feature","geometry":{"type":"Point","coordinates":[90.34847500000006,23.811363000000025]},"properties":{"name":"Mirpur Zoo","route_id":"A-285"}},{"type":"Feature","geometry":{"type":"Point","coordinates":[90.40863500000006,23.71449600000005]},"properties":{"name":"Noyabazar/ Tati Bazar","route_id":"A-285"}},{"type":"Feature","geometry":{"type":"Point","coordinates":[90.35326400000008,23.798568000000042]},"properties":{"name":"Mirpur 1","route_id":"A-285"}},{"type":"Feature","geometry":{"type":"Point","coordinates":[90.38996700000007,23.758521000000027]},"properties":{"name":"Farmgate","route_id":"A-285"}},{"type":"Feature","geometry":{"type":"Point","coordinates":[90.39316800000006,23.749850000000034]},"properties":{"name":"Kawran Bajar","route_id":"A-285"}},{"type":"Feature","geometry":{"type":"Point","coordinates":[90.39586500000007,23.738162000000045]},"properties":{"name":"Shahbagh","route_id":"A-285"}},{"type":"Feature","geometry":{"type":"Point","coordinates":[90.35529000000008,23.79989000000006]},"properties":{"name":"Sony Cinema","route_id":"A-285"}},{"type":"Feature","geometry":{"type":"Point","coordinates":[90.40227800000008,23.709808000000063]},"properties":{"name":"Babu Bazar","route_id":"A-285"}},{"type":"Feature","geometry":{"type":"Point","coordinates":[90.39003700000008,23.66342400000008]},"properties":{"name":"Keraniganj Jailkhana/ Rajendrapur","route_id":"A-285"}},{"type":"Feature","geometry":{"type":"Point","coordinates":[90.40147600000006,23.688282000000065]},"properties":{"name":"Chunkutia","route_id":"A-285"}},{"type":"Feature","geometry":{"type":"Point","coordinates":[90.40514400000006,23.674913000000057]},"properties":{"name":"Keraniganj","route_id":"A-285"}},{"type":"Feature","geometry":{"type":"Point","coordinates":[90.35648510000001,23.755941699999997]},"properties":{"name":"Basila CNG","route_id":"A-289"}},{"type":"Feature","geometry":{"type":"Point","coordinates":[90.3394064,23.78300339999999]},"properties":{"name":"Gabtoli","route_id":"A-289"}},{"type":"Feature","geometry":{"type":"Point","coordinates":[90.3886159,23.891160899999992]},"properties":{"name":"Kamarpara","route_id":"A-289"}},{"type":"Feature","geometry":{"type":"Point","coordinates":[90.3618286,23.8921756]},"properties":{"name":"Dhour","route_id":"A-289"}},{"type":"Feature","geometry":{"type":"Point","coordinates":[90.4022775,23.7098075]},"properties":{"name":"Babu Bazar","route_id":"A-289"}},{"type":"Feature","geometry":{"type":"Point","coordinates":[90.3452798,23.827439699999985]},"properties":{"name":"Eastern Housing","route_id":"A-289"}},{"type":"Feature","geometry":{"type":"Point","coordinates":[90.3813908,23.7144861]},"properties":{"name":"Kamrangirchar","route_id":"A-289"}},{"type":"Feature","geometry":{"type":"Point","coordinates":[90.36557500000004,23.774914000000027]},"properties":{"name":"Shyamoli","route_id":"A-292"}},{"type":"Feature","geometry":{"type":"Point","coordinates":[90.39802400000008,23.77833800000009]},"properties":{"name":"Mohakhali","route_id":"A-292"}},{"type":"Feature","geometry":{"type":"Point","coordinates":[90.40027500000008,23.867877000000075]},"properties":{"name":"Azampur","route_id":"A-292"}},{"type":"Feature","geometry":{"type":"Point","coordinates":[90.40067500000004,23.794334000000045]},"properties":{"name":"Kakoli/ Banani","route_id":"A-292"}},{"type":"Feature","geometry":{"type":"Point","coordinates":[90.40799200000004,23.851166000000028]},"properties":{"name":"Airport","route_id":"A-292"}},{"type":"Feature","geometry":{"type":"Point","coordinates":[90.40116100000006,23.877466000000027]},"properties":{"name":"Abdullahpur","route_id":"A-292"}},{"type":"Feature","geometry":{"type":"Point","coordinates":[90.38057100000003,23.77687600000007]},"properties":{"name":"Agargaon","route_id":"A-292"}},{"type":"Feature","geometry":{"type":"Point","coordinates":[90.38861600000007,23.89116100000007]},"properties":{"name":"Kamarpara","route_id":"A-292"}},{"type":"Feature","geometry":{"type":"Point","coordinates":[90.41980500000005,23.82979000000006]},"properties":{"name":"Khilkhet","route_id":"A-292"}},{"type":"Feature","geometry":{"type":"Point","coordinates":[90.36731200000008,23.77304100000003]},"properties":{"name":"Shishumela","route_id":"A-292"}},{"type":"Feature","geometry":{"type":"Point","coordinates":[90.36182900000006,23.892176000000063]},"properties":{"name":"Dhour","route_id":"A-292"}},{"type":"Feature","geometry":{"type":"Point","coordinates":[90.33121700000005,23.89759600000007]},"properties":{"name":"Ashulia","route_id":"A-292"}},{"type":"Feature","geometry":{"type":"Point","coordinates":[90.25852000000003,23.913579000000027]},"properties":{"name":"Nabinagar","route_id":"A-292"}},{"type":"Feature","geometry":{"type":"Point","coordinates":[90.38893200000007,23.764550000000042]},"properties":{"name":"Bijoy Shoroni","route_id":"A-292"}},{"type":"Feature","geometry":{"type":"Point","coordinates":[90.35900600000008,23.76236900000003]},"properties":{"name":"Japan Garden City/ Mohammadpur Shia Mosjid","route_id":"A-292"}},{"type":"Feature","geometry":{"type":"Point","coordinates":[90.29034100000007,23.936892000000054]},"properties":{"name":"Fantasy/ Jamgara","route_id":"A-292"}},{"type":"Feature","geometry":{"type":"Point","coordinates":[90.36557500000004,23.774914000000027]},"properties":{"name":"Shyamoli","route_id":"A-294"}},{"type":"Feature","geometry":{"type":"Point","coordinates":[90.39802400000008,23.77833800000009]},"properties":{"name":"Mohakhali","route_id":"A-294"}},{"type":"Feature","geometry":{"type":"Point","coordinates":[90.40027500000008,23.867877000000075]},"properties":{"name":"Azampur","route_id":"A-294"}},{"type":"Feature","geometry":{"type":"Point","coordinates":[90.40067500000004,23.794334000000045]},"properties":{"name":"Kakoli/ Banani","route_id":"A-294"}},{"type":"Feature","geometry":{"type":"Point","coordinates":[90.40799200000004,23.851166000000028]},"properties":{"name":"Airport","route_id":"A-294"}},{"type":"Feature","geometry":{"type":"Point","coordinates":[90.40116100000006,23.877466000000027]},"properties":{"name":"Abdullahpur","route_id":"A-294"}},{"type":"Feature","geometry":{"type":"Point","coordinates":[90.38057100000003,23.77687600000007]},"properties":{"name":"Agargaon","route_id":"A-294"}},{"type":"Feature","geometry":{"type":"Point","coordinates":[90.38861600000007,23.89116100000007]},"properties":{"name":"Kamarpara","route_id":"A-294"}},{"type":"Feature","geometry":{"type":"Point","coordinates":[90.41980500000005,23.82979000000006]},"properties":{"name":"Khilkhet","route_id":"A-294"}},{"type":"Feature","geometry":{"type":"Point","coordinates":[90.36182900000006,23.892176000000063]},"properties":{"name":"Dhour","route_id":"A-294"}},{"type":"Feature","geometry":{"type":"Point","coordinates":[90.38893200000007,23.764550000000042]},"properties":{"name":"Bijoy Shoroni","route_id":"A-294"}},{"type":"Feature","geometry":{"type":"Point","coordinates":[90.35900600000008,23.76236900000003]},"properties":{"name":"Japan Garden City/ Mohammadpur Shia Mosjid","route_id":"A-294"}},{"type":"Feature","geometry":{"type":"Point","coordinates":[90.38990800000005,23.77536500000008]},"properties":{"name":"Jahangir Gate","route_id":"A-294"}},{"type":"Feature","geometry":{"type":"Point","coordinates":[90.41072000000008,23.72493200000002]},"properties":{"name":"Gulistan Majar/ Golap Shah Majar","route_id":"A-295"}},{"type":"Feature","geometry":{"type":"Point","coordinates":[90.36413600000003,23.827966000000057]},"properties":{"name":"Mirpur 12","route_id":"A-295"}},{"type":"Feature","geometry":{"type":"Point","coordinates":[90.36859400000003,23.807091000000067]},"properties":{"name":"Mirpur 10","route_id":"A-295"}},{"type":"Feature","geometry":{"type":"Point","coordinates":[90.38057100000003,23.77687600000007]},"properties":{"name":"Agargaon","route_id":"A-295"}},{"type":"Feature","geometry":{"type":"Point","coordinates":[90.38996700000007,23.758521000000027]},"properties":{"name":"Farmgate","route_id":"A-295"}},{"type":"Feature","geometry":{"type":"Point","coordinates":[90.39586500000007,23.738162000000045]},"properties":{"name":"Shahbagh","route_id":"A-295"}},{"type":"Feature","geometry":{"type":"Point","coordinates":[90.41014300000006,23.730120000000053]},"properties":{"name":"Paltan","route_id":"A-295"}},{"type":"Feature","geometry":{"type":"Point","coordinates":[90.38893200000007,23.764550000000042]},"properties":{"name":"Bijoy Shoroni","route_id":"A-295"}},{"type":"Feature","geometry":{"type":"Point","coordinates":[90.40227800000008,23.709808000000063]},"properties":{"name":"Babu Bazar","route_id":"A-295"}},{"type":"Feature","geometry":{"type":"Point","coordinates":[90.39003700000008,23.66342400000008]},"properties":{"name":"Keraniganj Jailkhana/ Rajendrapur","route_id":"A-295"}},{"type":"Feature","geometry":{"type":"Point","coordinates":[90.40147600000006,23.688282000000065]},"properties":{"name":"Chunkutia","route_id":"A-295"}},{"type":"Feature","geometry":{"type":"Point","coordinates":[90.28728500000005,23.465764000000036]},"properties":{"name":"Mawa Ghat","route_id":"A-295"}},{"type":"Feature","geometry":{"type":"Point","coordinates":[90.29113200000006,23.535780000000045]},"properties":{"name":"Bejgao","route_id":"A-295"}},{"type":"Feature","geometry":{"type":"Point","coordinates":[90.43446200000005,23.71008000000006]},"properties":{"name":"Jatrabari","route_id":"N01"}},{"type":"Feature","geometry":{"type":"Point","coordinates":[90.41203800000005,23.724994000000034]},"properties":{"name":"Gulistan","route_id":"N01"}},{"type":"Feature","geometry":{"type":"Point","coordinates":[90.42031100000008,23.717987000000047]},"properties":{"name":"Tikatuli","route_id":"N01"}},{"type":"Feature","geometry":{"type":"Point","coordinates":[90.42410500000005,23.710155000000043]},"properties":{"name":"Doyaganj Road","route_id":"N01"}},{"type":"Feature","geometry":{"type":"Point","coordinates":[90.49048400000004,23.719881000000044]},"properties":{"name":"Demra Staff Quarter","route_id":"N01"}},{"type":"Feature","geometry":{"type":"Point","coordinates":[90.46864100000005,23.71701600000006]},"properties":{"name":"Konapara","route_id":"N01"}},{"type":"Feature","geometry":{"type":"Point","coordinates":[90.36859400000003,23.807091000000067]},"properties":{"name":"Mirpur 10","route_id":"N02"}},{"type":"Feature","geometry":{"type":"Point","coordinates":[90.35326400000008,23.798568000000042]},"properties":{"name":"Mirpur 1","route_id":"N02"}},{"type":"Feature","geometry":{"type":"Point","coordinates":[90.36343100000005,23.805058000000027]},"properties":{"name":"Mirpur 2/ Mirpur Thana","route_id":"N02"}},{"type":"Feature","geometry":{"type":"Point","coordinates":[90.35529000000008,23.79989000000006]},"properties":{"name":"Sony Cinema","route_id":"N02"}},{"type":"Feature","geometry":{"type":"Point","coordinates":[90.36118100000004,23.80365500000004]},"properties":{"name":"Mirpur College","route_id":"N02"}},{"type":"Feature","geometry":{"type":"Point","coordinates":[90.34843000000006,23.795153000000038]},"properties":{"name":"Mirpur Mazar Road","route_id":"N02"}},{"type":"Feature","geometry":{"type":"Point","coordinates":[90.38726300000008,23.798452000000054]},"properties":{"name":"Mirpur 14","route_id":"N02"}},{"type":"Feature","geometry":{"type":"Point","coordinates":[90.37637600000005,23.80488700000007]},"properties":{"name":"Mirpur 13","route_id":"N02"}},{"type":"Feature","geometry":{"type":"Point","coordinates":[90.33940600000005,23.783003000000065]},"properties":{"name":"Gabtoli","route_id":"N02"}},{"type":"Feature","geometry":{"type":"Point","coordinates":[90.39303800000006,23.811751000000072]},"properties":{"name":"Vashantek","route_id":"N02"}},{"type":"Feature","geometry":{"type":"Point","coordinates":[90.43446200000005,23.71008000000006]},"properties":{"name":"Jatrabari","route_id":"N03"}},{"type":"Feature","geometry":{"type":"Point","coordinates":[90.41203800000005,23.724994000000034]},"properties":{"name":"Gulistan","route_id":"N03"}},{"type":"Feature","geometry":{"type":"Point","coordinates":[90.42514980000004,23.71461580000005]},"properties":{"name":"Saydabad Bus Stand","route_id":"N03"}},{"type":"Feature","geometry":{"type":"Point","coordinates":[90.49048400000004,23.719881000000044]},"properties":{"name":"Demra Staff Quarter","route_id":"N03"}},{"type":"Feature","geometry":{"type":"Point","coordinates":[90.56515100000007,23.784692000000064]},"properties":{"name":"Vulta","route_id":"N03"}},{"type":"Feature","geometry":{"type":"Point","coordinates":[90.52513700000009,23.74005200000004]},"properties":{"name":"Rupshi","route_id":"N03"}},{"type":"Feature","geometry":{"type":"Point","coordinates":[90.46864100000005,23.71701600000006]},"properties":{"name":"Konapara","route_id":"N03"}},{"type":"Feature","geometry":{"type":"Point","coordinates":[90.43446200000005,23.71008000000006]},"properties":{"name":"Jatrabari","route_id":"N04"}},{"type":"Feature","geometry":{"type":"Point","coordinates":[90.41203800000005,23.724994000000034]},"properties":{"name":"Gulistan","route_id":"N04"}},{"type":"Feature","geometry":{"type":"Point","coordinates":[90.48067200000008,23.693759000000053]},"properties":{"name":"Signborad","route_id":"N04"}},{"type":"Feature","geometry":{"type":"Point","coordinates":[90.42033300000008,23.721604000000067]},"properties":{"name":"Ittefaq","route_id":"N04"}},{"type":"Feature","geometry":{"type":"Point","coordinates":[90.45745500000004,23.699330000000035]},"properties":{"name":"Rayerbagh","route_id":"N04"}},{"type":"Feature","geometry":{"type":"Point","coordinates":[90.46617400000008,23.695135000000054]},"properties":{"name":"Matuail","route_id":"N04"}},{"type":"Feature","geometry":{"type":"Point","coordinates":[90.42514980000004,23.71461580000005]},"properties":{"name":"Saydabad Bus Stand","route_id":"N04"}},{"type":"Feature","geometry":{"type":"Point","coordinates":[90.50435600000009,23.61624300000005]},"properties":{"name":"Narayanganj","route_id":"N04"}},{"type":"Feature","geometry":{"type":"Point","coordinates":[90.41072500000007,23.72297500000008]},"properties":{"name":"Fulbaria","route_id":"N05"}},{"type":"Feature","geometry":{"type":"Point","coordinates":[90.41072000000008,23.72493200000002]},"properties":{"name":"Gulistan Majar/ Golap Shah Majar","route_id":"N05"}},{"type":"Feature","geometry":{"type":"Point","coordinates":[90.40863500000006,23.71449600000005]},"properties":{"name":"Noyabazar/ Tati Bazar","route_id":"N05"}},{"type":"Feature","geometry":{"type":"Point","coordinates":[90.40227800000008,23.709808000000063]},"properties":{"name":"Babu Bazar","route_id":"N05"}},{"type":"Feature","geometry":{"type":"Point","coordinates":[90.39751900000005,23.701161000000063]},"properties":{"name":"Kodomtoli","route_id":"N05"}},{"type":"Feature","geometry":{"type":"Point","coordinates":[90.40048800000005,23.707027000000036]},"properties":{"name":"Zinzira","route_id":"N05"}},{"type":"Feature","geometry":{"type":"Point","coordinates":[90.34501000000006,23.69797500000004]},"properties":{"name":"Konakhola","route_id":"N05"}},{"type":"Feature","geometry":{"type":"Point","coordinates":[90.30794600000007,23.685494000000066]},"properties":{"name":"Ruhitpur","route_id":"N05"}},{"type":"Feature","geometry":{"type":"Point","coordinates":[90.20940700000006,23.64219900000006]},"properties":{"name":"Tikarpur","route_id":"N05"}},{"type":"Feature","geometry":{"type":"Point","coordinates":[90.39025500000008,23.702522000000037]},"properties":{"name":"Keraniganj","route_id":"N05"}},{"type":"Feature","geometry":{"type":"Point","coordinates":[90.25042000000008,23.638036000000053]},"properties":{"name":"Kharshur","route_id":"N05"}},{"type":"Feature","geometry":{"type":"Point","coordinates":[90.30621900000006,23.666069000000046]},"properties":{"name":"Syedpur","route_id":"N05"}},{"type":"Feature","geometry":{"type":"Point","coordinates":[90.139,23.617372999999997]},"properties":{"name":"Dohar","route_id":"N05"}},{"type":"Feature","geometry":{"type":"Point","coordinates":[90.41203800000005,23.724994000000034]},"properties":{"name":"Gulistan","route_id":"N06"}},{"type":"Feature","geometry":{"type":"Point","coordinates":[90.41072500000007,23.72297500000008]},"properties":{"name":"Fulbaria","route_id":"N06"}},{"type":"Feature","geometry":{"type":"Point","coordinates":[90.40863500000006,23.71449600000005]},"properties":{"name":"Noyabazar/ Tati Bazar","route_id":"N06"}},{"type":"Feature","geometry":{"type":"Point","coordinates":[90.40227800000008,23.709808000000063]},"properties":{"name":"Babu Bazar","route_id":"N06"}},{"type":"Feature","geometry":{"type":"Point","coordinates":[90.39003700000008,23.66342400000008]},"properties":{"name":"Keraniganj Jailkhana/ Rajendrapur","route_id":"N06"}},{"type":"Feature","geometry":{"type":"Point","coordinates":[90.39751900000005,23.701161000000063]},"properties":{"name":"Kodomtoli","route_id":"N06"}},{"type":"Feature","geometry":{"type":"Point","coordinates":[90.40147600000006,23.688282000000065]},"properties":{"name":"Chunkutia","route_id":"N06"}},{"type":"Feature","geometry":{"type":"Point","coordinates":[90.40048800000005,23.707027000000036]},"properties":{"name":"Zinzira","route_id":"N06"}},{"type":"Feature","geometry":{"type":"Point","coordinates":[90.34913000000006,23.64627000000007]},"properties":{"name":"Bhawar Viti","route_id":"N06"}},{"type":"Feature","geometry":{"type":"Point","coordinates":[90.35903900000005,23.66041500000006]},"properties":{"name":"Abdullahpur, Kalakandi","route_id":"N06"}},{"type":"Feature","geometry":{"type":"Point","coordinates":[90.46328,23.522487999999996]},"properties":{"name":"Tongibari","route_id":"N06"}},{"type":"Feature","geometry":{"type":"Point","coordinates":[90.36711900000002,23.581753]},"properties":{"name":"Serajdikhan","route_id":"N06"}},{"type":"Feature","geometry":{"type":"Point","coordinates":[90.41072500000007,23.72297500000008]},"properties":{"name":"Fulbaria","route_id":"N07"}},{"type":"Feature","geometry":{"type":"Point","coordinates":[90.41072000000008,23.72493200000002]},"properties":{"name":"Gulistan Majar/ Golap Shah Majar","route_id":"N07"}},{"type":"Feature","geometry":{"type":"Point","coordinates":[90.40863500000006,23.71449600000005]},"properties":{"name":"Noyabazar/ Tati Bazar","route_id":"N07"}},{"type":"Feature","geometry":{"type":"Point","coordinates":[90.40227800000008,23.709808000000063]},"properties":{"name":"Babu Bazar","route_id":"N07"}},{"type":"Feature","geometry":{"type":"Point","coordinates":[90.39751900000005,23.701161000000063]},"properties":{"name":"Kodomtoli","route_id":"N07"}},{"type":"Feature","geometry":{"type":"Point","coordinates":[90.40048800000005,23.707027000000036]},"properties":{"name":"Zinzira","route_id":"N07"}},{"type":"Feature","geometry":{"type":"Point","coordinates":[90.34501000000006,23.69797500000004]},"properties":{"name":"Konakhola","route_id":"N07"}},{"type":"Feature","geometry":{"type":"Point","coordinates":[90.30794600000007,23.685494000000066]},"properties":{"name":"Ruhitpur","route_id":"N07"}},{"type":"Feature","geometry":{"type":"Point","coordinates":[90.20940700000006,23.64219900000006]},"properties":{"name":"Tikarpur","route_id":"N07"}},{"type":"Feature","geometry":{"type":"Point","coordinates":[90.11857017028069,23.617955701895085]},"properties":{"name":"Dohar","route_id":"N07"}},{"type":"Feature","geometry":{"type":"Point","coordinates":[90.39025500000008,23.702522000000037]},"properties":{"name":"Keraniganj","route_id":"N07"}},{"type":"Feature","geometry":{"type":"Point","coordinates":[90.25042000000008,23.638036000000053]},"properties":{"name":"Kharshur","route_id":"N07"}},{"type":"Feature","geometry":{"type":"Point","coordinates":[90.06704329787723,23.62962837563782]},"properties":{"name":"Kartikpur","route_id":"N07"}},{"type":"Feature","geometry":{"type":"Point","coordinates":[90.41422200000005,23.794851000000055]},"properties":{"name":"Gulshan 2","route_id":"N08"}},{"type":"Feature","geometry":{"type":"Point","coordinates":[90.41674400000005,23.780434000000064]},"properties":{"name":"Gulshan 1","route_id":"N08"}},{"type":"Feature","geometry":{"type":"Point","coordinates":[90.40109800000005,23.77002800000002]},"properties":{"name":"Nabisco","route_id":"N08"}},{"type":"Feature","geometry":{"type":"Point","coordinates":[90.43446200000005,23.71008000000006]},"properties":{"name":"Jatrabari","route_id":"N09"}},{"type":"Feature","geometry":{"type":"Point","coordinates":[90.40863500000006,23.71449600000005]},"properties":{"name":"Noyabazar/ Tati Bazar","route_id":"N09"}},{"type":"Feature","geometry":{"type":"Point","coordinates":[90.41152100000005,23.71371000000006]},"properties":{"name":"RayShaheb Bazar","route_id":"N09"}},{"type":"Feature","geometry":{"type":"Point","coordinates":[90.40227800000008,23.709808000000063]},"properties":{"name":"Babu Bazar","route_id":"N09"}},{"type":"Feature","geometry":{"type":"Point","coordinates":[90.42410500000005,23.710155000000043]},"properties":{"name":"Doyaganj Road","route_id":"N09"}},{"type":"Feature","geometry":{"type":"Point","coordinates":[90.42012800000003,23.70839400000006]},"properties":{"name":"Dhupkhola","route_id":"N09"}},{"type":"Feature","geometry":{"type":"Point","coordinates":[90.41203800000005,23.724994000000034]},"properties":{"name":"Gulistan","route_id":"N11"}},{"type":"Feature","geometry":{"type":"Point","coordinates":[90.41014300000006,23.730120000000053]},"properties":{"name":"Paltan","route_id":"N11"}},{"type":"Feature","geometry":{"type":"Point","coordinates":[90.41054600000007,23.727658000000076]},"properties":{"name":"Zero Point/ GPO Box","route_id":"N11"}},{"type":"Feature","geometry":{"type":"Point","coordinates":[90.42161500000003,23.72660500000006]},"properties":{"name":"Motijheel/ Shapla Chottor/ Bangladesh Bank","route_id":"N11"}},{"type":"Feature","geometry":{"type":"Point","coordinates":[90.41509900000005,23.727365000000074]},"properties":{"name":"RAJUK","route_id":"N11"}},{"type":"Feature","geometry":{"type":"Point","coordinates":[90.40027500000008,23.867877000000075]},"properties":{"name":"Azampur","route_id":"N11"}},{"type":"Feature","geometry":{"type":"Point","coordinates":[90.40799200000004,23.851166000000028]},"properties":{"name":"Airport","route_id":"N11"}},{"type":"Feature","geometry":{"type":"Point","coordinates":[90.40116100000006,23.877466000000027]},"properties":{"name":"Abdullahpur","route_id":"N11"}},{"type":"Feature","geometry":{"type":"Point","coordinates":[90.40024700000004,23.860859000000065]},"properties":{"name":"Jashimuddin","route_id":"N11"}},{"type":"Feature","geometry":{"type":"Point","coordinates":[90.41980500000005,23.82979000000006]},"properties":{"name":"Khilkhet","route_id":"N11"}},{"type":"Feature","geometry":{"type":"Point","coordinates":[90.40863100000007,23.737496000000075]},"properties":{"name":"Kakrail","route_id":"N11"}},{"type":"Feature","geometry":{"type":"Point","coordinates":[90.41426200000006,23.744097000000068]},"properties":{"name":"Malibagh Mor","route_id":"N11"}},{"type":"Feature","geometry":{"type":"Point","coordinates":[90.42007300000006,23.82014100000003]},"properties":{"name":"Kuril","route_id":"N11"}},{"type":"Feature","geometry":{"type":"Point","coordinates":[90.42346600000008,23.797688000000047]},"properties":{"name":"Notun Bazar","route_id":"N11"}},{"type":"Feature","geometry":{"type":"Point","coordinates":[90.41016600000006,23.733409000000048]},"properties":{"name":"Bijoynogor","route_id":"N11"}},{"type":"Feature","geometry":{"type":"Point","coordinates":[90.42326500000007,23.768208000000072]},"properties":{"name":"Rampura","route_id":"N11"}},{"type":"Feature","geometry":{"type":"Point","coordinates":[90.42563500000006,23.780618000000054]},"properties":{"name":"Badda","route_id":"N11"}},{"type":"Feature","geometry":{"type":"Point","coordinates":[90.40067500000004,23.794334000000045]},"properties":{"name":"Kakoli/ Banani","route_id":"N12"}},{"type":"Feature","geometry":{"type":"Point","coordinates":[90.42346600000008,23.797688000000047]},"properties":{"name":"Notun Bazar","route_id":"N12"}},{"type":"Feature","geometry":{"type":"Point","coordinates":[90.41422200000005,23.794851000000055]},"properties":{"name":"Gulshan 2","route_id":"N12"}},{"type":"Feature","geometry":{"type":"Point","coordinates":[90.41072500000007,23.72297500000008]},"properties":{"name":"Fulbaria","route_id":"N13"}},{"type":"Feature","geometry":{"type":"Point","coordinates":[90.40863500000006,23.71449600000005]},"properties":{"name":"Noyabazar/ Tati Bazar","route_id":"N13"}},{"type":"Feature","geometry":{"type":"Point","coordinates":[90.40227800000008,23.709808000000063]},"properties":{"name":"Babu Bazar","route_id":"N13"}},{"type":"Feature","geometry":{"type":"Point","coordinates":[90.39751900000005,23.701161000000063]},"properties":{"name":"Kodomtoli","route_id":"N13"}},{"type":"Feature","geometry":{"type":"Point","coordinates":[90.40147600000006,23.688282000000065]},"properties":{"name":"Chunkutia","route_id":"N13"}},{"type":"Feature","geometry":{"type":"Point","coordinates":[90.40048800000005,23.707027000000036]},"properties":{"name":"Zinzira","route_id":"N13"}},{"type":"Feature","geometry":{"type":"Point","coordinates":[90.35903900000005,23.66041500000006]},"properties":{"name":"Abdullahpur, Kalakandi","route_id":"N13"}},{"type":"Feature","geometry":{"type":"Point","coordinates":[90.41158575231411,23.495760949212013]},"properties":{"name":"Baliyagao","route_id":"N13"}},{"type":"Feature","geometry":{"type":"Point","coordinates":[90.28728500000005,23.465764000000036]},"properties":{"name":"Mawa Ghat","route_id":"N13"}},{"type":"Feature","geometry":{"type":"Point","coordinates":[90.29113200000006,23.535780000000045]},"properties":{"name":"Bejgao","route_id":"N13"}},{"type":"Feature","geometry":{"type":"Point","coordinates":[90.43446200000005,23.71008000000006]},"properties":{"name":"Jatrabari","route_id":"N14"}},{"type":"Feature","geometry":{"type":"Point","coordinates":[90.48067200000008,23.693759000000053]},"properties":{"name":"Signborad","route_id":"N14"}},{"type":"Feature","geometry":{"type":"Point","coordinates":[90.52153800000008,23.705858000000042]},"properties":{"name":"Kanchpur","route_id":"N14"}},{"type":"Feature","geometry":{"type":"Point","coordinates":[90.44964702007513,23.70309262960734]},"properties":{"name":"Sonir Akhra","route_id":"N14"}},{"type":"Feature","geometry":{"type":"Point","coordinates":[90.45745500000004,23.699330000000035]},"properties":{"name":"Rayerbagh","route_id":"N14"}},{"type":"Feature","geometry":{"type":"Point","coordinates":[90.46617400000008,23.695135000000054]},"properties":{"name":"Matuail","route_id":"N14"}},{"type":"Feature","geometry":{"type":"Point","coordinates":[90.42514980000004,23.71461580000005]},"properties":{"name":"Saydabad Bus Stand","route_id":"N14"}},{"type":"Feature","geometry":{"type":"Point","coordinates":[90.50930800000003,23.69787600000007]},"properties":{"name":"Chittagong Road","route_id":"N14"}},{"type":"Feature","geometry":{"type":"Point","coordinates":[90.56515100000007,23.784692000000064]},"properties":{"name":"Vulta","route_id":"N14"}},{"type":"Feature","geometry":{"type":"Point","coordinates":[90.51362400000005,23.72496600000005]},"properties":{"name":"Tarabo Bisshoroad","route_id":"N14"}},{"type":"Feature","geometry":{"type":"Point","coordinates":[90.54006300000003,23.746476000000023]},"properties":{"name":"Borpa","route_id":"N14"}},{"type":"Feature","geometry":{"type":"Point","coordinates":[90.52513700000009,23.74005200000004]},"properties":{"name":"Rupshi","route_id":"N14"}},{"type":"Feature","geometry":{"type":"Point","coordinates":[90.43446200000005,23.71008000000006]},"properties":{"name":"Jatrabari","route_id":"N16"}},{"type":"Feature","geometry":{"type":"Point","coordinates":[90.48067200000008,23.693759000000053]},"properties":{"name":"Signborad","route_id":"N16"}},{"type":"Feature","geometry":{"type":"Point","coordinates":[90.52153800000008,23.705858000000042]},"properties":{"name":"Kanchpur","route_id":"N16"}},{"type":"Feature","geometry":{"type":"Point","coordinates":[90.44964702007513,23.70309262960734]},"properties":{"name":"Sonir Akhra","route_id":"N16"}},{"type":"Feature","geometry":{"type":"Point","coordinates":[90.45745500000004,23.699330000000035]},"properties":{"name":"Rayerbagh","route_id":"N16"}},{"type":"Feature","geometry":{"type":"Point","coordinates":[90.46617400000008,23.695135000000054]},"properties":{"name":"Matuail","route_id":"N16"}},{"type":"Feature","geometry":{"type":"Point","coordinates":[90.54658000000006,23.690329000000077]},"properties":{"name":"Madanpur","route_id":"N16"}},{"type":"Feature","geometry":{"type":"Point","coordinates":[90.50930800000003,23.69787600000007]},"properties":{"name":"Chittagong Road","route_id":"N16"}},{"type":"Feature","geometry":{"type":"Point","coordinates":[90.59485400000005,23.635919000000058]},"properties":{"name":"Mograpara Bus Stand/ Sonargaon","route_id":"N16"}},{"type":"Feature","geometry":{"type":"Point","coordinates":[90.60917100000007,23.618365000000036]},"properties":{"name":"Meghna Ghat Bus Stop","route_id":"N16"}},{"type":"Feature","geometry":{"type":"Point","coordinates":[90.48067200000008,23.693759000000053]},"properties":{"name":"Signborad","route_id":"N17"}},{"type":"Feature","geometry":{"type":"Point","coordinates":[90.52153800000008,23.705858000000042]},"properties":{"name":"Kanchpur","route_id":"N17"}},{"type":"Feature","geometry":{"type":"Point","coordinates":[90.54658000000006,23.690329000000077]},"properties":{"name":"Madanpur","route_id":"N17"}},{"type":"Feature","geometry":{"type":"Point","coordinates":[90.50930800000003,23.69787600000007]},"properties":{"name":"Chittagong Road","route_id":"N17"}},{"type":"Feature","geometry":{"type":"Point","coordinates":[90.59485400000005,23.635919000000058]},"properties":{"name":"Mograpara Bus Stand/ Sonargaon","route_id":"N17"}},{"type":"Feature","geometry":{"type":"Point","coordinates":[90.41203800000005,23.724994000000034]},"properties":{"name":"Gulistan","route_id":"N18"}},{"type":"Feature","geometry":{"type":"Point","coordinates":[90.41054600000007,23.727658000000076]},"properties":{"name":"Zero Point/ GPO Box","route_id":"N18"}},{"type":"Feature","geometry":{"type":"Point","coordinates":[90.42161500000003,23.72660500000006]},"properties":{"name":"Motijheel/ Shapla Chottor/ Bangladesh Bank","route_id":"N18"}},{"type":"Feature","geometry":{"type":"Point","coordinates":[90.42098200000004,23.731494000000055]},"properties":{"name":"Arambagh /Notre Dame College","route_id":"N18"}},{"type":"Feature","geometry":{"type":"Point","coordinates":[90.41509900000005,23.727365000000074]},"properties":{"name":"RAJUK","route_id":"N18"}},{"type":"Feature","geometry":{"type":"Point","coordinates":[90.42522300000007,23.732350000000064]},"properties":{"name":"Kamalapur Rail Station","route_id":"N18"}},{"type":"Feature","geometry":{"type":"Point","coordinates":[90.41512400000005,23.73023900000004]},"properties":{"name":"Doinik Bangla","route_id":"N18"}},{"type":"Feature","geometry":{"type":"Point","coordinates":[90.372983,23.760172]},"properties":{"name":"Asadgate","route_id":"A-166"}},{"type":"Feature","geometry":{"type":"Point","coordinates":[90.36128,23.757075000000004]},"properties":{"name":"Mohammadpur","route_id":"A-166"}},{"type":"Feature","geometry":{"type":"Point","coordinates":[90.398024,23.778337999999998]},"properties":{"name":"Mohakhali","route_id":"A-166"}},{"type":"Feature","geometry":{"type":"Point","coordinates":[90.407992,23.851165999999996]},"properties":{"name":"Airport","route_id":"A-166"}},{"type":"Feature","geometry":{"type":"Point","coordinates":[90.400421,23.874581]},"properties":{"name":"House Building","route_id":"A-166"}},{"type":"Feature","geometry":{"type":"Point","coordinates":[90.389967,23.758521]},"properties":{"name":"Farmgate","route_id":"A-166"}},{"type":"Feature","geometry":{"type":"Point","coordinates":[90.41980500000001,23.829789999999996]},"properties":{"name":"Khilkhet","route_id":"A-166"}},{"type":"Feature","geometry":{"type":"Point","coordinates":[90.366285,23.759600999999996]},"properties":{"name":"Town Hall","route_id":"A-166"}},{"type":"Feature","geometry":{"type":"Point","coordinates":[90.400089,23.864396000000003]},"properties":{"name":"Rajlakshmi","route_id":"A-166"}},{"type":"Feature","geometry":{"type":"Point","coordinates":[90.4185389,23.8213303]},"properties":{"name":"Kuril Bishwa Road","route_id":"A-166"}},{"type":"Feature","geometry":{"type":"Point","coordinates":[90.4009891,23.7944381]},"properties":{"name":"Kakoli","route_id":"A-166"}},{"type":"Feature","geometry":{"type":"Point","coordinates":[90.4036073,23.811116000000002]},"properties":{"name":"Staff Road Gate","route_id":"A-166"}},{"type":"Feature","geometry":{"type":"Point","coordinates":[90.38996700000007,23.758521000000027]},"properties":{"name":"Farmgate","route_id":"A-453"}}]}